年,月,日,時,分,縣市,區,死,受傷,2-30,天候,光線,道路類別,速限,道路型態,事故位置,路面鋪裝,路面狀態,路面缺陷,障礙物,視距,號誌種類,號誌動作,分向設施,快車道或一般車道間,快慢車道間,路面邊線,事故類型及型態,主要肇因,受傷程度,主要傷處,保護裝備,行動電話,當事者區分,車輛用途,當事者行動狀態,駕駛資格情形,駕駛執照種類,飲酒情形,車輛撞擊部位最初,車輛撞擊部位其他,肇事因素個別,肇事因素主要,肇事逃逸,職業,旅次目的,車種,GPS緯度,GPS經度,事故類別
2022,12,1,18,48,臺中市,豐原區,0,0,0,8,,,50,,,,,,,,,,,,,,,12,,,,,B03,,,1,,2,,,12,,1,21,,B03,120.714001,24.253265,3
2022,12,1,18,50,臺中市,大甲區,0,0,0,8,,,50,,,,,,,,,,,,,,,12,,,,,B03,,,1,,1,,,12,,1,22,,B03,120.625071,24.342997,3
2022,12,1,18,56,臺中市,北屯區,0,0,0,8,,,50,,,,,,,,,,,,,,,23,,,,,B03,,,1,,2,,,23,,1,21,,B03,120.686454,24.19657,3
2022,12,1,19,0,臺中市,大里區,0,1,0,8,3,5,50,4,1,1,5,4,5,7,1,1,5,4,4,1,15,25,2,9,3,4,C03,7,9,1,10,2,11,,25,25,1,22,9,C03,120.676719,24.107881,2
2022,12,1,19,2,臺中市,大里區,0,0,0,8,,,30,,,,,,,,,,,,,,,44,,,,,C03,,,1,,2,,,44,,1,3,,C03,120.695379,24.091662,3
2022,12,1,19,4,臺中市,北屯區,0,2,0,8,3,5,80,10,7,1,5,4,5,7,4,4,1,4,5,1,13,23,3,10,1,1,B12,7,9,1,8,2,1,,23,23,1,22,8,B12,120.720781,24.172346,2
2022,12,1,19,5,臺中市,霧峰區,0,0,0,8,,,40,,,,,,,,,,,,,,,42,,,,,B03,,,1,,2,,,42,,1,12,,B03,120.662729,24.066558,3
2022,12,1,19,13,臺中市,大雅區,0,2,0,8,3,5,50,4,1,1,5,4,5,7,1,1,5,5,5,1,17,25,2,9,1,1,C03,7,5,1,10,4,11,,25,25,1,21,8,C03,120.651779,24.227995,2
2022,12,1,19,13,臺中市,北屯區,0,1,0,8,3,5,50,3,2,1,5,4,5,7,1,1,5,5,5,2,16,26,3,10,1,1,B03,7,5,3,18,3,7,,44,26,1,21,8,B03,120.702133,24.169885,2
2022,12,1,19,14,臺中市,北屯區,0,1,0,8,3,5,50,4,1,1,5,4,5,7,4,4,10,5,5,2,15,6,3,10,1,1,B03,7,9,1,8,2,5,,6,6,1,21,8,B03,120.692573,24.178128,2
2022,12,1,19,19,臺中市,東區,0,1,0,8,3,5,50,14,9,1,5,4,5,7,4,4,5,5,5,2,17,23,2,8,1,1,C03,7,15,1,10,2,11,,23,23,1,21,8,C03,120.694901,24.142566,2
2022,12,1,19,20,臺中市,梧棲區,0,0,0,8,,,50,,,,,,,,,,,,,,,12,,,,,B03,,,1,,2,,,12,,1,22,,B03,120.545821,24.247174,3
2022,12,1,19,21,臺中市,沙鹿區,0,1,0,8,3,5,50,3,1,1,5,4,5,7,4,4,10,5,5,2,16,10,3,10,1,1,B03,7,11,1,8,2,2,,10,10,1,21,8,B03,120.558667,24.233088,2
2022,12,1,19,22,臺中市,南區,0,4,0,7,3,5,50,3,7,1,5,4,5,7,4,4,5,5,4,2,17,4,2,9,1,1,F01,7,11,8,20,2,16,,4,4,1,22,8,F01,120.655305,24.130198,2
2022,12,1,19,22,臺中市,西屯區,0,1,0,8,3,5,50,4,1,1,5,4,5,7,4,4,10,5,5,2,16,6,3,10,3,4,B01,7,6,1,4,2,8,,6,6,1,22,8,B01,120.646236,24.184424,2
2022,12,1,19,46,臺中市,龍井區,0,0,0,8,,,30,,,,,,,,,,,,,,,12,,,,,B03,,,1,,2,,,12,,1,5,,B03,120.530782,24.183553,3
2022,12,1,19,47,臺中市,龍井區,0,0,0,8,,,50,,,,,,,,,,,,,,,17,,,,,B02,,,1,,11,,,17,17,1,10,,B02,120.587661,24.181133,3
2022,12,1,20,9,臺中市,豐原區,0,0,0,8,,,30,,,,,,,,,,,,,,,12,,,,,B03,,,1,,2,,,12,12,1,22,,B03,120.711856,24.251943,3
2022,12,1,20,15,臺中市,大甲區,0,1,0,8,3,5,50,11,9,1,5,4,5,7,4,4,10,5,5,1,18,23,2,9,1,1,C03,7,9,1,10,2,11,,23,23,1,22,8,C03,120.631791,24.410838,2
2022,12,1,20,23,臺中市,西區,0,0,0,8,,,50,,,,,,,,,,,,,,,23,,,,,B03,,,6,,2,,,23,,1,4,,B03,120.666627,24.144363,3
2022,12,1,20,28,臺中市,南屯區,0,0,0,8,,,1,,,,,,,,,,,,,,,19,,,,,B03,,,1,,1,,,19,,1,4,,B03,120.641899,24.147336,3
2022,12,1,20,32,臺中市,南區,0,1,0,8,3,5,50,3,2,1,5,4,5,7,2,1,5,4,5,2,13,23,2,9,3,4,C03,7,9,1,10,2,11,,23,23,1,5,8,C03,120.651725,24.121636,2
2022,12,1,20,33,臺中市,大里區,0,0,0,8,,,50,,,,,,,,,,,,,,,12,,,,,B03,,,1,,2,,,12,,1,22,,B03,120.697139,24.100578,3
2022,12,1,20,43,臺中市,南屯區,0,2,0,8,3,5,50,4,1,1,5,4,5,7,2,1,5,5,5,2,12,7,2,9,1,1,C03,7,8,1,10,2,12,,7,7,1,22,9,C03,120.646826,24.140089,2
2022,12,1,20,46,臺中市,沙鹿區,0,1,0,7,3,5,50,4,2,1,5,4,5,7,1,1,3,3,3,1,9,23,3,10,3,4,B03,7,5,1,5,11,1,,23,23,1,22,8,B03,120.568824,24.223733,2
2022,12,1,20,48,臺中市,南區,0,1,0,8,3,5,50,14,9,1,5,4,5,7,4,4,9,4,5,2,18,43,2,9,1,1,F01,7,9,8,20,2,16,,43,43,1,21,8,F01,120.66864,24.116407,2
2022,12,1,20,51,臺中市,北區,0,1,0,8,3,5,50,4,1,1,5,4,5,7,2,1,10,5,5,2,17,6,3,10,1,1,C03,7,5,1,10,11,15,,6,6,1,18,8,C03,120.682514,24.161563,2
2022,12,1,20,55,臺中市,豐原區,0,2,0,8,2,5,50,4,9,1,5,4,5,7,1,1,4,1,4,2,17,23,2,9,2,1,F01,7,5,8,20,2,16,,23,23,1,15,5,F01,120.707052,24.24723,2
2022,12,1,20,58,臺中市,大里區,0,0,0,8,,,50,,,,,,,,,,,,,,,18,,,,,B03,,,1,,2,,,18,18,1,22,,B03,120.694671,24.111811,3
2022,12,1,20,59,臺中市,烏日區,0,0,0,8,3,5,30,14,9,1,5,4,5,7,4,4,10,5,5,2,12,17,3,10,3,4,B03,7,15,1,8,2,6,,17,17,1,21,9,B03,120.644021,24.07748,3
2022,12,1,21,2,臺中市,神岡區,0,0,0,8,,,30,,,,,,,,,,,,,,,12,,,,,B02,,,1,,2,,,12,,1,22,,B02,120.670765,24.262396,3
2022,12,1,21,6,臺中市,霧峰區,0,2,0,8,4,5,40,4,1,1,5,4,5,7,4,4,10,5,5,2,16,8,2,9,1,1,C03,7,9,1,10,2,12,,23,8,1,18,8,C03,120.71109,24.076938,2
2022,12,1,21,14,臺中市,大甲區,0,1,0,8,3,5,40,5,1,1,5,4,5,7,1,1,10,5,5,2,17,25,2,9,1,1,B03,7,9,1,8,2,8,,25,25,1,22,1,B03,120.617654,24.41536,2
2022,12,1,21,18,臺中市,北屯區,0,0,0,8,,,50,,,,,,,,,,,,,,,23,,,,,B03,,,1,,1,,,23,,1,21,,B03,120.662753,24.198863,3
2022,12,1,21,19,臺中市,沙鹿區,0,3,0,8,3,5,50,5,1,1,5,4,5,7,1,1,10,5,5,2,17,7,2,9,1,1,C03,7,9,1,10,2,11,,44,7,1,22,8,C03,120.57135,24.22571,2
2022,12,1,21,34,臺中市,東區,0,0,0,8,1,5,50,4,2,1,5,4,5,7,4,4,5,5,5,2,16,23,3,10,1,1,B03,7,5,1,8,2,5,,23,23,1,21,8,B03,120.703912,24.134076,3
2022,12,1,21,39,臺中市,沙鹿區,0,0,0,,,,50,,,,,,,,,,,,,,,23,,,,,B03,,,1,,2,,,23,,1,22,,B03,120.566977,24.203336,3
2022,12,1,21,40,臺中市,霧峰區,0,1,0,8,3,5,30,3,1,1,5,4,5,7,4,4,10,5,5,2,14,12,3,10,1,1,B03,7,2,1,8,2,6,,12,12,1,20,8,B03,120.688761,24.064432,2
2022,12,1,21,43,臺中市,潭子區,0,0,0,8,,,30,,,,,,,,,,,,,,,6,,,,,B03,,,1,,2,,,6,,1,22,,B03,120.705058,24.215066,3
2022,12,1,21,47,臺中市,中區,0,0,0,8,,,50,,,,,,,,,,,,,,,26,,,,,B03,,,1,,2,,,26,,1,4,,B03,120.679547,24.142469,3
2022,12,1,21,54,臺中市,西屯區,0,0,0,8,,,30,,,,,,,,,,,,,,,42,,,,,C03,,,1,,10,,,42,,1,22,,C03,120.64821,24.181938,3
2022,12,1,21,55,臺中市,大雅區,0,2,0,8,3,5,50,4,1,1,5,4,5,7,1,1,5,4,4,2,15,25,2,9,1,1,C03,7,9,1,10,2,11,,25,25,1,21,8,C03,120.653231,24.217595,2
2022,12,1,21,59,臺中市,西屯區,0,2,0,8,3,5,50,14,9,1,5,4,5,7,4,4,1,4,5,2,16,6,3,10,1,1,B03,7,6,1,8,2,2,,6,6,1,21,8,B03,120.655158,24.168788,2
2022,12,1,22,8,臺中市,石岡區,0,2,0,8,3,5,60,3,2,1,5,4,5,7,1,1,1,4,5,1,12,23,2,9,1,1,C03,7,9,1,10,2,11,,23,23,1,22,8,C03,120.763733,24.277266,2
2022,12,1,22,47,臺中市,東區,0,0,0,,,,40,,,,,,,,,,,,,,,42,,,,,F01,,,8,,2,,,42,,1,15,,F01,120.692544,24.149506,3
2022,12,1,23,28,臺中市,梧棲區,0,0,0,8,,,50,,,,,,,,,,,,,,,12,,,,,B03,,,1,,1,,,12,,1,22,,B03,120.531546,24.260734,3
2022,12,1,23,35,臺中市,太平區,0,1,0,8,1,5,50,4,1,1,5,4,5,7,1,1,10,5,5,2,18,13,2,9,1,1,C03,7,9,1,10,2,11,,13,13,1,22,8,C03,120.713809,24.125188,2
2022,12,1,23,44,臺中市,沙鹿區,0,0,0,8,,,50,,,,,,,,,,,,,,,23,,,,,B03,,,6,,3,,,23,,1,22,,B03,120.566956,24.204527,3
2022,12,1,23,53,臺中市,大甲區,0,2,0,8,3,5,50,14,9,1,5,4,5,7,4,4,5,5,5,1,2,23,2,9,1,1,C03,7,9,1,10,2,11,,23,23,1,22,1,C03,120.625472,24.353428,2
2022,12,2,0,34,臺中市,西屯區,0,0,0,8,,,50,,,,,,,,,,,,,,,26,,,,,B03,,,1,,2,,,26,26,1,22,,B03,120.628688,24.18392,3
2022,12,2,1,15,臺中市,東勢區,0,0,0,8,,,50,,,,,,,,,,,,,,,23,,,,,B03,,,1,,2,,,23,23,1,22,,B03,120.824796,24.258623,3
2022,12,2,5,29,臺中市,豐原區,0,2,0,6,3,5,50,14,7,1,4,4,5,7,4,4,5,4,4,2,16,19,2,9,1,1,C03,7,1,1,10,2,11,,19,19,1,22,8,C03,120.719194,24.238512,2
2022,12,2,6,20,臺中市,大里區,0,1,0,8,2,5,50,3,2,1,5,4,5,7,1,1,5,5,5,1,16,26,3,10,1,1,C03,7,11,1,10,2,12,,26,26,1,5,8,C03,120.705528,24.111526,2
2022,12,2,6,22,臺中市,豐原區,0,2,0,6,1,5,50,4,1,1,4,4,5,7,1,1,10,5,5,2,15,25,2,9,3,1,F01,7,9,8,20,2,16,,25,25,1,20,8,F01,120.72981,24.255086,2
2022,12,2,6,24,臺中市,大甲區,0,0,0,8,,,50,,,,,,,,,,,,,,,12,,,,,B03,,,1,,2,,,12,,1,22,,B03,120.624547,24.351328,3
2022,12,2,6,39,臺中市,北屯區,0,0,0,8,,,50,,,,,,,,,,,,,,,23,,,,,B03,,,1,,1,,,23,,1,22,,B03,120.691161,24.171036,3
2022,12,2,7,5,臺中市,沙鹿區,0,2,0,8,1,5,50,5,1,1,5,4,5,7,1,1,10,5,5,2,15,23,2,1,1,1,B03,7,9,1,8,2,2,,23,23,1,21,8,B03,120.567304,24.203516,2
2022,12,2,7,9,臺中市,沙鹿區,0,0,0,8,,,30,,,,,,,,,,,,,,,23,,,,,B03,,,1,,2,,,23,23,1,9,,B03,120.570219,24.241189,3
2022,12,2,7,10,臺中市,中區,0,2,0,8,1,5,40,14,8,1,5,4,5,7,4,4,10,4,4,2,17,17,2,9,1,1,C03,7,9,1,10,2,14,,17,17,1,21,8,C03,120.679326,24.147857,2
2022,12,2,7,10,臺中市,大甲區,0,1,0,8,1,5,50,4,8,1,5,4,5,7,1,1,5,5,4,2,13,16,2,8,1,1,C03,7,9,1,10,2,11,,16,16,1,20,8,C03,120.627652,24.351193,2
2022,12,2,7,10,臺中市,大甲區,0,1,0,8,1,5,50,5,2,1,5,4,5,7,4,4,10,5,5,2,17,14,2,7,1,1,F01,7,6,8,20,2,16,,14,14,1,15,8,F01,120.621087,24.338965,2
2022,12,2,7,11,臺中市,龍井區,0,0,0,,,,30,,,,,,,,,,,,,,,19,,,,,A41,,,1,,2,,,19,,1,10,,A41,120.575724,24.183224,3
2022,12,2,7,15,臺中市,東區,0,0,0,,,,50,,,,,,,,,,,,,,,7,,,,,B12,,,1,,2,,,7,,1,22,,B12,120.695358,24.14148,3
2022,12,2,7,20,臺中市,西屯區,0,1,0,8,1,5,50,14,9,1,5,4,5,7,4,4,5,4,5,2,12,23,3,10,1,1,B03,7,9,1,8,2,2,,23,23,1,22,9,B03,120.652748,24.165776,2
2022,12,2,7,27,臺中市,大安區,0,1,0,8,1,5,50,14,9,1,5,4,5,7,4,4,9,5,5,1,11,1,2,9,1,1,C03,7,4,1,10,2,14,,1,1,1,4,1,C03,120.599695,24.374779,2
2022,12,2,7,28,臺中市,神岡區,0,1,0,7,1,5,50,4,1,1,5,4,5,7,1,1,5,4,4,1,15,25,3,10,1,1,B03,7,9,1,8,2,2,,25,25,1,22,8,B03,120.696134,24.252024,2
2022,12,2,7,28,臺中市,豐原區,0,1,0,8,1,5,30,3,1,1,5,4,5,7,4,4,8,3,4,1,11,6,3,10,1,1,B03,7,5,1,8,2,5,,6,6,1,22,5,B03,120.729862,24.250587,2
2022,12,2,7,29,臺中市,西屯區,0,1,0,8,1,5,40,4,1,1,5,4,5,7,2,1,10,5,5,2,16,43,2,3,1,1,C03,7,9,1,10,2,13,,43,43,1,22,8,C03,120.649589,24.162874,2
2022,12,2,7,30,臺中市,龍井區,0,0,0,8,,,30,,,,,,,,,,,,,,,6,,,,,B03,,,1,,2,,,6,,1,12,,B03,120.505176,24.20133,3
2022,12,2,7,31,臺中市,豐原區,0,1,0,8,1,5,40,3,2,1,5,4,5,7,4,4,10,5,5,2,17,23,3,10,1,1,B03,7,6,1,8,2,5,,23,23,1,22,8,B03,120.74152,24.251112,2
2022,12,2,7,32,臺中市,大雅區,0,1,0,8,1,5,50,3,1,1,5,4,5,7,1,1,10,4,5,1,17,6,2,9,1,1,C03,7,5,1,10,2,14,,6,6,1,22,9,C03,120.631697,24.240028,2
2022,12,2,7,35,臺中市,北區,0,1,0,8,1,5,50,14,7,1,5,4,1,7,4,4,2,4,4,2,28,23,2,9,1,1,C03,7,9,1,8,2,11,,23,23,1,21,1,C03,120.680033,24.152775,2
2022,12,2,7,35,臺中市,神岡區,0,1,0,8,1,5,30,14,9,1,5,4,5,7,4,4,10,5,5,2,16,19,3,10,4,4,G06,7,1,1,7,2,1,,19,19,1,22,9,G06,120.661556,24.273288,2
2022,12,2,7,37,臺中市,大里區,0,1,0,8,1,5,50,14,9,1,5,4,5,7,4,4,1,4,5,1,12,7,3,10,1,1,B03,7,7,1,8,2,7,,7,7,1,22,1,B03,120.678973,24.112958,2
2022,12,2,7,38,臺中市,潭子區,0,0,0,8,,,50,,,,,,,,,,,,,,,19,,,,,C03,,,1,,1,,,19,,1,22,,C03,120.705749,24.218166,3
2022,12,2,7,40,臺中市,西區,0,0,0,8,,,50,,,,,,,,,,,,,,,18,,,,,B03,,,1,8,2,,,18,18,1,22,,B03,120.658692,24.156087,3
2022,12,2,7,40,臺中市,北屯區,0,0,0,8,,,50,,,,,,,,,,,,,,,23,,,,,B03,,,1,,1,,,23,,1,21,,B03,120.678168,24.179733,3
2022,12,2,7,44,臺中市,大里區,0,1,0,8,1,5,50,3,1,1,5,4,5,7,4,4,10,5,5,1,16,8,3,10,1,1,C03,7,5,1,10,2,11,,8,8,1,5,8,C03,120.686653,24.093543,2
2022,12,2,7,45,臺中市,南區,0,0,0,8,,,50,,,,,,,,,,,,,,,44,,,,,B03,,,1,,2,,,9,44,1,5,,B03,120.676088,24.132673,3
2022,12,2,7,45,臺中市,沙鹿區,0,0,0,6,,,50,,,,,,,,,,,,,,,42,,,,,B03,,,1,,2,,,42,,1,21,,B03,120.580758,24.201702,3
2022,12,2,7,46,臺中市,大里區,0,1,0,8,1,5,50,11,7,1,5,4,5,7,1,1,5,5,4,2,13,23,2,8,1,1,C03,7,12,1,10,2,11,,23,23,1,21,1,C03,120.695005,24.112433,2
2022,12,2,7,48,臺中市,太平區,0,0,0,8,,,50,,,,,,,,,,,,,,,23,,,,,B03,,,1,,2,,,23,,1,21,,B03,120.71628,24.134138,3
2022,12,2,7,50,臺中市,東區,0,1,0,7,1,5,50,4,1,1,5,4,5,7,1,1,10,5,5,2,13,16,2,9,1,1,C03,7,9,1,10,2,11,,16,23,1,22,9,C03,120.698933,24.133083,2
2022,12,2,7,50,臺中市,太平區,0,1,0,8,1,5,50,3,1,1,5,4,5,7,1,1,10,5,5,2,15,26,3,10,1,1,C03,7,9,1,10,1,11,,26,26,1,5,5,C03,120.719315,24.137976,2
2022,12,2,7,50,臺中市,大肚區,0,0,0,8,,,70,,,,,,,,,,,,,,,23,,,,,B03,,,1,,2,,,23,,1,21,,B03,120.55428,24.131639,3
2022,12,2,7,54,臺中市,沙鹿區,0,1,0,8,1,5,40,5,1,1,5,4,5,7,2,1,10,5,5,2,16,25,2,9,1,1,C03,7,9,1,10,2,11,,25,25,1,18,8,C03,120.569337,24.237106,2
2022,12,2,7,56,臺中市,沙鹿區,0,1,0,7,1,5,40,14,8,1,4,4,5,7,4,4,1,4,1,1,17,42,3,10,1,1,C03,7,15,1,10,2,13,,44,42,1,21,8,C03,120.574112,24.229479,2
2022,12,2,7,59,臺中市,北屯區,0,0,0,8,,,50,,,,,,,,,,,,,,,23,,,,,B03,,,1,,1,,,23,,1,21,,B03,120.686238,24.201293,3
2022,12,2,7,59,臺中市,太平區,0,1,0,8,1,5,50,3,1,1,5,4,5,7,4,4,10,5,5,2,12,17,3,10,1,1,B03,7,9,1,8,2,2,,17,17,1,21,8,B03,120.715133,24.138121,2
2022,12,2,8,0,臺中市,烏日區,0,1,0,8,1,5,60,14,7,1,5,4,5,7,4,4,1,4,4,1,13,23,3,10,1,1,B01,7,14,1,4,2,7,8,44,23,1,21,8,B01,120.648159,24.087242,2
2022,12,2,8,1,臺中市,龍井區,0,1,0,8,1,5,40,14,8,1,5,4,5,7,4,4,3,4,3,1,13,23,2,9,1,1,C03,7,9,1,10,2,12,,23,23,1,21,1,C03,120.57394,24.179485,2
2022,12,2,8,3,臺中市,后里區,0,2,0,8,1,5,50,14,9,1,5,4,5,7,4,4,5,4,5,1,13,23,2,9,1,1,C03,7,9,1,10,2,11,,23,23,1,4,1,C03,120.725885,24.309108,2
2022,12,2,8,5,臺中市,南屯區,0,2,0,8,1,5,50,14,9,1,5,4,5,7,1,1,9,5,5,2,17,4,2,9,1,1,C03,7,4,1,10,2,11,,4,4,1,22,9,C03,120.611003,24.145837,2
2022,12,2,8,10,臺中市,東區,0,2,0,8,1,5,50,14,9,1,5,4,3,5,4,4,5,4,4,2,16,19,2,9,1,1,C04,7,1,1,8,2,11,,19,19,1,22,8,C04,120.705378,24.132563,2
2022,12,2,8,14,臺中市,西區,0,1,0,8,1,5,40,3,1,1,5,4,5,7,4,4,10,5,5,2,16,6,3,10,1,1,B03,7,6,1,8,1,5,,6,6,1,22,8,B03,120.670424,24.151383,2
2022,12,2,8,14,臺中市,北屯區,0,0,0,8,,,50,,,,,,,,,,,,,,,23,,,,,C03,,,3,,9,,,23,23,2,22,,C03,120.697745,24.170349,3
2022,12,2,8,18,臺中市,梧棲區,0,1,0,8,1,5,70,4,1,1,5,4,5,7,1,1,10,5,5,2,16,11,2,8,1,1,C03,7,11,1,10,2,11,,11,11,1,4,1,C03,120.555957,24.250803,2
2022,12,2,8,19,臺中市,北區,0,1,0,8,1,5,50,4,2,1,5,4,5,7,1,1,1,5,5,2,12,23,3,10,1,1,B03,7,9,1,8,2,5,,23,23,1,21,8,B03,120.674447,24.165152,2
2022,12,2,8,19,臺中市,龍井區,0,3,0,7,1,5,50,4,1,1,5,4,5,7,2,1,10,5,5,2,16,25,2,9,1,1,C03,7,9,1,10,2,11,,25,25,1,22,8,C03,120.581866,24.175736,2
2022,12,2,8,24,臺中市,東區,0,1,0,8,1,5,50,3,1,1,5,4,5,7,1,1,10,5,5,2,13,16,2,9,1,1,C03,7,9,1,10,2,11,,16,16,1,5,8,C03,120.689867,24.138441,2
2022,12,2,8,27,臺中市,南區,0,0,0,,,,30,,,,,,,,,,,,,,,12,,,,,B03,,,1,,2,,,12,,1,22,,B03,120.662947,24.117819,3
2022,12,2,8,29,臺中市,神岡區,0,2,0,8,1,5,50,4,1,1,5,4,5,7,1,1,10,5,5,2,15,25,2,9,1,1,C03,7,9,1,10,2,11,,25,25,1,22,9,C03,120.696046,24.248365,2
2022,12,2,8,30,臺中市,東區,0,2,0,8,1,5,50,4,2,1,5,4,5,7,1,1,10,5,5,2,3,23,2,8,1,1,C03,7,9,1,10,2,11,,23,23,1,22,9,C03,120.698976,24.133053,2
2022,12,2,8,33,臺中市,太平區,0,1,0,8,1,5,50,4,1,1,5,4,5,7,1,1,10,5,5,2,16,25,3,10,1,1,B03,7,5,1,8,2,1,,25,25,1,21,8,B03,120.723166,24.149422,2
2022,12,2,8,35,臺中市,大肚區,0,2,0,8,1,5,50,14,9,1,5,4,5,7,4,4,9,5,5,2,17,43,2,8,1,1,C03,7,4,1,10,2,13,,43,43,1,21,1,C03,120.581388,24.175833,2
2022,12,2,8,40,臺中市,西屯區,0,2,0,8,1,5,50,5,2,1,5,4,5,7,2,1,10,5,5,2,17,8,2,7,1,1,C03,7,5,1,10,2,11,,8,8,1,19,8,C03,120.659243,24.193315,2
2022,12,2,8,45,臺中市,神岡區,0,1,0,7,1,5,50,4,2,1,5,4,5,7,4,4,9,5,5,1,13,23,2,8,1,1,C03,7,9,1,10,2,11,,23,23,1,22,8,C03,120.685846,24.268058,2
2022,12,2,8,47,臺中市,西屯區,0,1,0,8,1,5,30,4,1,1,5,4,5,7,4,4,10,5,5,2,16,6,3,10,1,1,B03,7,5,1,8,2,8,,6,6,1,22,8,B03,120.626726,24.186346,2
2022,12,2,8,57,臺中市,豐原區,0,0,0,8,,,30,,,,,,,,,,,,,,,12,,,,,B03,,,1,,2,,,12,,1,22,,B03,120.72211,24.272998,3
2022,12,2,8,58,臺中市,北屯區,0,0,0,8,,,50,,,,,,,,,,,,,,,23,,,,,B12,,,1,,2,,,23,,1,21,,B12,120.707375,24.197131,3
2022,12,2,9,3,臺中市,大里區,0,2,0,8,1,5,50,14,9,1,5,4,5,7,4,4,5,5,5,1,13,23,2,9,3,4,C04,7,9,1,11,2,14,,23,23,1,22,8,C04,120.698548,24.089258,2
2022,12,2,9,5,臺中市,大雅區,0,1,0,8,1,5,30,14,9,1,5,4,5,7,4,4,10,5,5,2,11,19,3,10,1,1,C03,7,1,1,10,2,11,,19,19,1,22,9,C03,120.656593,24.222798,2
2022,12,2,9,5,臺中市,北區,0,2,0,8,1,5,50,4,1,1,5,4,5,7,2,1,2,5,5,2,16,25,2,9,1,1,C03,7,9,1,10,2,11,,25,25,1,21,8,C03,120.692251,24.161431,2
2022,12,2,9,8,臺中市,大里區,0,1,0,8,1,5,50,4,1,1,5,4,5,7,4,4,10,5,5,1,15,6,2,9,1,1,C03,7,9,1,10,2,11,,6,6,1,19,8,C03,120.674215,24.115751,2
2022,12,2,9,10,臺中市,南區,0,1,0,8,1,5,50,14,9,1,5,4,5,7,1,1,10,5,5,2,17,23,2,9,1,1,C03,7,9,1,10,2,11,,23,23,1,5,8,C03,120.65087,24.121169,2
2022,12,2,9,10,臺中市,清水區,0,1,0,8,1,5,30,4,1,1,5,4,5,7,3,1,1,4,5,2,15,6,2,9,1,1,C03,7,9,1,10,2,11,,6,6,1,21,8,C03,120.56633,24.270525,2
2022,12,2,9,16,臺中市,北屯區,0,0,0,8,,,50,,,,,,,,,,,,,,,23,,,,,B12,,,1,,2,,,23,,1,22,,B12,120.683451,24.199288,3
2022,12,2,9,20,臺中市,西區,0,1,0,8,1,5,50,5,1,1,5,4,5,7,1,1,10,5,5,2,17,6,3,10,1,1,C03,7,5,3,18,2,15,,6,6,1,21,8,C03,120.675424,24.150936,2
2022,12,2,9,20,臺中市,南區,0,1,0,8,1,5,50,3,2,1,5,4,5,7,4,4,10,5,5,2,17,43,2,9,1,1,F01,7,9,8,20,1,16,,43,43,1,22,8,F01,120.681122,24.119927,2
2022,12,2,9,21,臺中市,梧棲區,0,0,0,8,,,50,,,,,,,,,,,,,,,43,,,,,B02,,,1,,2,,,43,,1,5,,B02,120.54299,24.246431,3
2022,12,2,9,27,臺中市,西屯區,0,0,0,8,,,30,,,,,,,,,,,,,,,23,,,,,B03,,,1,,2,,,23,23,1,22,,B03,120.633337,24.159301,3
2022,12,2,9,27,臺中市,東勢區,0,0,0,8,,,60,,,,,,,,,,,,,,,17,,,,,A12,,,1,,2,,,17,,1,22,,A12,120.828746,24.250201,3
2022,12,2,9,30,臺中市,大雅區,0,0,0,8,,,50,,,,,,,,,,,,,,,7,,,,,C03,,,1,,2,,,7,,1,22,,C03,120.65061,24.227395,3
2022,12,2,9,30,臺中市,南區,0,0,0,8,,,50,,,,,,,,,,,,,,,43,,,,,C03,,,1,,2,,,43,,2,5,,C03,120.673985,24.128773,3
2022,12,2,9,30,臺中市,大里區,0,1,0,8,1,5,40,4,1,1,5,4,5,7,1,1,10,5,5,2,16,25,3,10,1,1,C03,7,9,1,10,2,14,,25,25,1,18,8,C03,120.696988,24.110995,2
2022,12,2,9,40,臺中市,烏日區,0,1,0,8,1,5,50,4,1,1,5,4,5,7,2,1,10,5,5,2,16,23,3,10,1,1,B12,7,9,1,8,2,5,,23,23,1,21,8,B12,120.646375,24.110952,2
2022,12,2,9,45,臺中市,神岡區,0,0,0,8,,,50,,,,,,,,,,,,,,,23,,,,,B12,,,1,,1,,,23,,1,22,,B12,120.65568,24.277993,3
2022,12,2,9,50,臺中市,太平區,0,1,0,8,1,5,50,4,1,1,5,4,5,7,1,1,10,5,5,2,16,25,2,9,1,1,C03,7,9,1,10,2,11,,25,25,1,21,8,C03,120.723166,24.149422,2
2022,12,2,9,53,臺中市,南屯區,0,0,0,8,1,5,40,4,1,1,5,4,5,7,2,1,10,5,5,2,12,23,3,10,1,1,B03,7,11,1,8,1,5,,23,23,1,7,5,B03,120.624108,24.152316,3
2022,12,2,9,56,臺中市,太平區,0,1,0,8,1,5,50,4,1,1,5,4,5,7,4,4,10,5,5,2,15,6,3,10,1,1,C03,7,9,1,10,2,11,,6,6,1,21,8,C03,120.719485,24.127148,2
2022,12,2,9,57,臺中市,豐原區,0,1,0,8,1,5,60,5,1,1,5,4,5,7,1,1,8,3,4,1,12,17,3,10,1,1,A41,7,9,1,7,9,6,,17,17,1,22,5,A41,120.73207,24.26936,2
2022,12,2,10,1,臺中市,西區,0,0,0,8,,,50,,,,,,,,,,,,,,,18,,,,,B03,,,1,8,1,,,18,18,1,22,,B03,120.651435,24.14643,3