年,月,日,時,分,縣市,區,死,受傷,2-30,天候,光線,道路類別,速限,道路型態,事故位置,路面鋪裝,路面狀態,路面缺陷,障礙物,視距,號誌種類,號誌動作,分向設施,快車道或一般車道間,快慢車道間,路面邊線,事故類型及型態,主要肇因,受傷程度,主要傷處,保護裝備,行動電話,當事者區分,車輛用途,當事者行動狀態,駕駛資格情形,駕駛執照種類,飲酒情形,車輛撞擊部位最初,車輛撞擊部位其他,肇事因素個別,肇事因素主要,肇事逃逸,職業,旅次目的,車種,GPS緯度,GPS經度,事故類別
2022,12,2,10,5,臺中市,烏日區,0,1,0,8,1,5,60,4,1,1,5,4,5,7,2,1,10,5,5,2,16,9,3,10,1,1,B03,7,6,1,8,2,5,,9,9,1,21,8,B03,120.646375,24.110952,2
2022,12,2,10,18,臺中市,北區,0,2,0,8,1,5,30,4,1,1,5,4,5,7,4,4,10,5,5,2,16,6,2,9,1,1,C03,7,9,1,10,2,12,,6,6,1,5,8,C03,120.691477,24.160631,2
2022,12,2,10,18,臺中市,神岡區,0,0,0,8,,,50,,,,,,,,,,,,,,,18,,,,,B03,,,1,,2,,,18,,1,22,,B03,120.6845,24.246483,3
2022,12,2,10,20,臺中市,霧峰區,0,0,0,8,,,50,,,,,,,,,,,,,,,23,,,,,B03,,,1,,2,,,23,,1,22,,B03,120.715221,24.073386,3
2022,12,2,10,29,臺中市,潭子區,0,1,0,8,1,5,50,4,1,1,5,4,5,7,2,1,10,5,5,2,16,6,3,10,1,1,B12,7,5,1,8,2,6,,6,6,1,22,8,B12,120.710822,24.213136,2
2022,12,2,10,31,臺中市,東勢區,0,0,0,8,,,40,,,,,,,,,,,,,,,42,,,,,B03,,,1,,2,,,42,,1,21,,B03,120.881133,24.215438,3
2022,12,2,10,35,臺中市,梧棲區,0,2,0,8,1,5,50,3,2,1,5,4,5,7,4,4,5,4,4,2,17,26,2,9,1,1,C03,7,11,1,10,2,13,,26,26,1,9,8,C03,120.530304,24.254889,2
2022,12,2,10,38,臺中市,北區,0,2,0,8,1,5,50,4,1,1,5,4,5,7,1,1,10,5,5,2,16,8,2,9,1,1,C03,7,5,1,10,2,11,,8,8,1,22,9,C03,120.677944,24.167048,2
2022,12,2,10,40,臺中市,潭子區,0,0,0,8,1,5,50,14,8,1,5,4,5,7,4,4,1,4,4,1,12,35,,,,,B12,,,1,,2,,,35,,1,22,,B12,120.686347,24.205916,3
2022,12,2,10,44,臺中市,豐原區,0,2,0,8,1,5,50,3,1,1,5,4,5,7,3,1,10,5,5,2,17,23,2,9,1,1,C03,7,9,1,10,2,11,,23,23,1,22,8,C03,120.717024,24.24943,2
2022,12,2,10,47,臺中市,后里區,0,0,0,8,1,5,50,3,1,1,5,4,5,7,4,4,3,5,4,1,12,7,,,,,B03,,,1,,2,,,7,,1,22,,B03,120.721757,24.306446,3
2022,12,2,10,58,臺中市,太平區,0,1,0,8,1,5,50,14,9,1,5,4,5,7,4,4,9,5,5,2,17,19,3,10,1,1,B03,7,1,1,8,2,5,,19,19,1,21,8,B03,120.724015,24.134768,2
2022,12,2,11,4,臺中市,北屯區,0,1,0,8,1,5,50,3,1,1,5,4,5,7,4,4,3,4,5,2,12,6,3,10,1,1,B03,7,6,1,8,2,2,,6,6,1,22,8,B03,120.692794,24.162343,2
2022,12,2,11,5,臺中市,東區,0,0,0,8,,,30,,,,,,,,,,,,,,,43,,4,,,,,,,,,,,43,43,1,,,,120.692023,24.150487,3
2022,12,2,11,6,臺中市,大里區,0,0,0,8,,,50,,,,,,,,,,,,,,,12,,,,,B03,,,1,,2,,,12,,1,22,,B03,120.690064,24.092694,3
2022,12,2,11,13,臺中市,潭子區,0,0,0,8,,,50,,,,,,,,,,,,,,,23,,,,,C03,,,1,,2,,,23,,1,22,,C03,120.706985,24.213019,3
2022,12,2,11,15,臺中市,大里區,0,2,0,8,1,5,50,3,2,1,5,4,5,7,3,1,5,5,5,2,13,23,2,8,1,1,C03,7,9,4,11,2,11,,23,23,1,19,7,C03,120.684273,24.116956,2
2022,12,2,11,16,臺中市,西屯區,0,0,0,8,,,30,,,,,,,,,,,,,,,23,,,,,B03,,,1,,2,,,23,,1,22,,B03,120.648503,24.192026,3
2022,12,2,11,21,臺中市,太平區,0,1,0,8,1,5,50,4,1,1,5,4,5,7,1,1,10,5,5,2,17,42,2,9,1,1,C03,7,9,1,10,1,14,,42,42,1,22,8,C03,120.722033,24.149278,2
2022,12,2,11,30,臺中市,霧峰區,0,0,0,8,,,60,,,,,,,,,,,,,,,16,,,,,A41,,,1,,2,,,16,,1,22,,A41,120.691911,24.043626,3
2022,12,2,11,38,臺中市,北區,0,0,0,8,,,50,,,,,,,,,,,,,,,23,,,,,B03,,,1,,1,,,23,,1,21,,B03,120.674507,24.162862,3
2022,12,2,11,42,臺中市,西區,0,2,0,8,1,5,50,4,9,1,5,4,5,7,2,1,5,4,5,2,16,25,2,9,1,1,C03,7,6,3,18,2,11,,25,25,1,5,8,C03,120.660176,24.150848,2
2022,12,2,11,42,臺中市,西區,0,3,0,8,1,5,50,3,1,1,5,4,5,7,1,1,10,5,5,2,15,25,2,9,1,1,C03,7,9,3,18,2,11,,25,25,1,5,9,C03,120.658876,24.155996,2
2022,12,2,11,44,臺中市,西屯區,0,0,0,8,,,50,,,,,,,,,,,,,,,6,,,,,B03,,,1,,1,,,6,,1,22,,B03,120.642211,24.190971,3
2022,12,2,11,45,臺中市,烏日區,0,0,0,8,,,30,,,,,,,,,,,,,,,23,,,,,B03,,,1,,2,,,23,,1,21,,B03,120.62036,24.102093,3
2022,12,2,11,45,臺中市,清水區,0,1,0,8,1,5,30,4,2,1,5,4,5,7,4,4,8,3,4,1,16,6,3,10,1,1,B03,7,9,1,8,2,1,,6,6,1,21,8,B03,120.547753,24.285097,2
2022,12,2,11,48,臺中市,大肚區,0,0,0,8,,,50,,,,,,,,,,,,,,,19,,,,,B12,,,1,,2,,,19,,1,22,,B12,120.579436,24.168798,3
2022,12,2,11,50,臺中市,東區,0,0,0,,,,50,,,,,,,,,,,,,,,23,,,,,B12,,,1,,2,,,23,,1,22,,B12,120.691882,24.14288,3
2022,12,2,11,50,臺中市,大甲區,0,1,0,8,1,5,50,4,1,1,5,4,5,7,4,4,10,5,5,2,15,6,3,10,1,1,B03,7,9,3,18,2,5,,6,6,1,4,8,B03,120.619802,24.346472,2
2022,12,2,11,54,臺中市,北區,0,2,0,8,1,5,40,14,8,1,5,4,5,7,4,4,2,4,4,2,16,7,2,8,1,1,C03,7,10,1,10,2,12,,7,7,1,22,9,C03,120.687714,24.156318,2
2022,12,2,11,55,臺中市,西屯區,0,2,0,8,1,5,50,4,1,1,5,4,5,7,1,1,10,5,5,2,17,43,2,9,3,4,C03,7,21,1,10,2,13,,43,43,1,22,8,C03,120.641768,24.178505,2
2022,12,2,11,55,臺中市,沙鹿區,0,0,0,,,,50,,,,,,,,,,,,,,,23,,,,,B12,,,1,,2,,,23,,1,21,,B12,120.558725,24.230523,3
2022,12,2,12,0,臺中市,南屯區,0,0,0,8,1,5,50,5,2,1,5,4,5,7,2,1,10,4,5,2,13,16,3,10,1,1,C03,7,9,1,10,1,11,,16,16,1,5,4,C03,120.637724,24.142453,3
2022,12,2,12,0,臺中市,沙鹿區,0,0,0,8,,,50,,,,,,,,,,,,,,,12,,,,,B11,,,1,,2,,,12,,1,10,,B11,120.560992,24.206635,3
2022,12,2,12,3,臺中市,東區,0,1,0,8,1,5,50,14,9,1,5,4,5,7,4,4,9,4,5,2,12,23,2,7,1,1,C03,7,9,1,10,2,12,,23,23,1,5,1,C03,120.699663,24.143433,2
2022,12,2,12,3,臺中市,太平區,0,0,0,8,,,50,,,,,,,,,,,,,,,23,,,,,C03,,,1,9,2,,,23,23,1,21,,C03,120.706546,24.111526,3
2022,12,2,12,4,臺中市,北屯區,0,1,0,8,1,7,80,14,15,1,5,4,5,7,4,4,1,3,5,1,13,16,3,10,1,1,B03,7,9,1,8,2,1,,44,16,1,4,8,B03,120.7203,24.165096,2
2022,12,2,12,11,臺中市,南區,0,2,0,8,1,5,50,4,1,1,5,4,5,7,1,1,10,5,5,2,15,6,2,9,1,1,C03,7,9,1,10,2,11,,6,6,1,22,9,C03,120.671773,24.116657,2
2022,12,2,12,13,臺中市,沙鹿區,0,0,0,,,,50,,,,,,,,,,,,,,,25,,,,,B03,,,1,,2,,,25,25,1,21,,B03,120.556749,24.222639,3
2022,12,2,12,14,臺中市,潭子區,0,0,0,8,,,60,,,,,,,,,,,,,,,23,,,,,B03,,,1,,2,,,23,23,1,22,,B03,120.705749,24.218166,3
2022,12,2,12,15,臺中市,北屯區,0,1,0,8,1,5,50,14,9,1,5,4,5,7,4,4,10,4,5,2,16,6,3,10,1,1,B03,7,6,1,8,2,2,,6,6,1,21,8,B03,120.72147,24.17919,2
2022,12,2,12,15,臺中市,豐原區,0,1,0,8,1,5,50,5,18,1,5,4,5,7,1,1,10,5,5,2,3,26,3,10,3,4,C03,7,5,1,10,2,11,,26,26,1,22,8,C03,120.717598,24.251878,2
2022,12,2,12,19,臺中市,東區,0,0,0,,,,50,,,,,,,,,,,,,,,10,,,,,B02,,,1,,2,,,10,,1,5,,B02,120.707865,24.149022,3
2022,12,2,12,21,臺中市,北區,0,0,0,8,1,5,50,14,9,1,5,4,5,7,2,1,8,3,5,2,12,42,,,,,B03,,,1,,2,,,42,,1,22,,B03,120.691248,24.159931,3
2022,12,2,12,23,臺中市,南區,0,0,0,,,,50,,,,,,,,,,,,,,,23,,,,,B03,,,1,,2,,,23,,1,22,,B03,120.676636,24.125805,3
2022,12,2,12,25,臺中市,西區,0,1,0,8,1,5,50,14,8,1,5,4,5,7,4,4,1,4,4,2,17,7,3,10,1,1,B03,7,8,1,8,1,3,,7,7,1,21,8,B03,120.662481,24.160982,2
2022,12,2,12,25,臺中市,豐原區,0,0,0,8,,,50,,,,,,,,,,,,,,,16,,,,,B03,,,1,,1,,,16,16,1,22,,B03,120.724687,24.232526,3
2022,12,2,12,32,臺中市,大肚區,0,0,0,8,,,40,,,,,,,,,,,,,,,42,,,,,B03,,,1,,2,,,42,,1,22,,B03,120.582623,24.171563,3
2022,12,2,12,39,臺中市,西區,0,1,0,8,1,5,50,3,2,1,5,4,5,7,1,1,1,5,4,2,13,42,2,9,1,1,C03,7,5,3,18,2,11,,42,42,1,21,8,C03,120.665496,24.139716,2
2022,12,2,12,45,臺中市,北屯區,0,0,0,8,,,50,,,,,,,,,,,,,,,7,,,,,B03,,,1,,1,,,7,7,1,22,,B03,120.72078,24.1687,3
2022,12,2,12,50,臺中市,龍井區,0,2,0,8,1,5,30,4,1,1,5,4,5,7,4,4,10,5,5,2,15,6,2,8,1,1,C03,7,9,3,18,2,12,,6,6,1,19,8,C03,120.524915,24.196112,2
2022,12,2,12,53,臺中市,東勢區,0,0,0,8,,,50,,,,,,,,,,,,,,,12,,,,,B03,,,1,,2,,,12,,1,22,,B03,120.827486,24.258336,3
2022,12,2,13,0,臺中市,大甲區,0,1,0,8,1,5,50,4,1,1,5,4,5,7,4,4,10,5,5,2,15,6,2,9,1,1,C03,7,9,1,10,2,12,,6,6,1,21,8,C03,120.619726,24.34712,2
2022,12,2,13,0,臺中市,豐原區,0,0,0,8,,,60,,,,,,,,,,,,,,,7,,,,,B03,,,1,,2,,,7,7,1,22,,B03,120.753208,24.272003,3
2022,12,2,13,4,臺中市,烏日區,0,0,0,8,,,60,,,,,,,,,,,,,,,12,,,,,B12,,,1,,9,,,12,,1,9,,B12,120.62734,24.10404,3
2022,12,2,13,15,臺中市,太平區,0,0,0,8,,,50,,,,,,,,,,,,,,,19,,,,,C03,,,1,,11,,,44,19,1,5,,C03,120.726025,24.128449,3
2022,12,2,13,15,臺中市,烏日區,0,0,0,8,,,60,,,,,,,,,,,,,,,26,,,,,C03,,,1,,2,,,26,,1,21,,C03,120.624607,24.104165,3
2022,12,2,13,15,臺中市,豐原區,0,2,0,8,1,5,50,3,1,1,5,4,5,7,4,4,10,5,5,2,17,26,2,9,1,1,C03,7,9,1,10,2,11,,26,26,1,22,8,C03,120.710902,24.239567,2
2022,12,2,13,20,臺中市,大甲區,0,0,0,8,,,50,,,,,,,,,,,,,,,43,,,,,B03,,,1,,2,,,43,,1,21,,B03,120.617169,24.352213,3
2022,12,2,13,21,臺中市,大甲區,0,0,0,8,1,5,30,4,1,1,5,4,5,7,4,4,10,5,5,2,16,6,3,10,1,1,B03,7,9,1,8,1,5,,6,6,1,22,9,B03,120.626643,24.355115,3
2022,12,2,13,31,臺中市,大安區,0,0,0,,,,50,,,,,,,,,,,,,,,6,,,,,B03,,,1,,2,,,6,6,1,3,,B03,120.602425,24.375794,3
2022,12,2,13,33,臺中市,北屯區,0,1,0,8,1,5,40,4,1,1,5,4,5,7,1,1,5,5,4,2,18,44,2,9,1,1,C03,7,9,1,10,2,12,,44,44,1,22,8,C03,120.671435,24.193345,2
2022,12,2,13,35,臺中市,沙鹿區,0,0,0,8,,,50,,,,,,,,,,,,,,,23,,,,,B12,,,1,,2,,,23,,1,4,,B12,120.569073,24.202452,3
2022,12,2,13,38,臺中市,潭子區,0,0,0,8,,,50,,,,,,,,,,,,,,,10,,,,,C03,,,1,,2,,,10,,1,21,,C03,120.700712,24.215723,3
2022,12,2,13,42,臺中市,西區,0,1,0,8,1,5,50,4,1,1,5,4,5,7,1,1,10,5,5,2,16,6,3,10,1,1,B02,7,5,1,8,2,8,,6,6,1,22,8,B02,120.669798,24.149599,2
2022,12,2,13,45,臺中市,豐原區,0,1,0,8,1,5,50,4,1,1,5,4,5,7,1,1,10,5,5,2,16,6,2,9,3,4,C03,7,5,1,10,2,14,,6,6,1,22,8,C03,120.725262,24.254928,2
2022,12,2,13,47,臺中市,北屯區,0,1,0,8,1,5,50,14,7,1,5,4,5,7,4,4,4,3,4,2,13,23,3,10,1,1,B03,7,9,1,8,2,1,,23,23,1,21,8,B03,120.680535,24.200616,2
2022,12,2,13,52,臺中市,北屯區,0,1,0,8,1,5,50,11,9,1,5,4,5,7,4,4,5,5,5,2,12,43,3,10,1,1,B03,7,9,1,8,2,15,,43,43,1,21,8,B03,120.705058,24.166866,2
2022,12,2,13,57,臺中市,南區,0,1,0,8,1,5,50,3,2,1,5,4,5,7,1,1,10,5,5,2,13,23,2,8,1,1,C03,7,9,1,10,2,11,,23,23,1,22,9,C03,120.660058,24.124663,2
2022,12,2,13,58,臺中市,太平區,0,0,0,8,,,50,,,,,,,,,,,,,,,12,,,,,B03,,,1,,2,,,12,12,1,21,,B03,120.724707,24.153326,3
2022,12,2,14,2,臺中市,西區,0,2,0,8,3,5,30,4,1,1,5,4,5,7,4,4,10,5,5,2,17,6,2,4,2,1,C03,7,9,1,10,2,11,,6,6,1,4,8,C03,120.657829,24.146712,2
2022,12,2,14,2,臺中市,北屯區,0,1,0,8,1,5,50,4,1,1,5,4,5,7,1,1,10,5,5,2,16,23,3,10,1,1,B03,7,6,1,8,2,4,,23,23,1,21,8,B03,120.685058,24.190456,2
2022,12,2,14,4,臺中市,南區,0,1,0,8,1,5,50,14,8,1,5,4,5,7,4,4,9,5,5,2,17,40,3,10,1,1,B03,7,14,1,8,2,4,,40,40,1,5,1,B03,120.653445,24.114275,2
2022,12,2,14,7,臺中市,大甲區,0,0,0,,,,50,,,,,,,,,,,,,,,23,,,,,B03,,,1,,1,,,23,23,1,22,,B03,120.6297,24.340261,3
2022,12,2,14,10,臺中市,北區,0,0,0,8,,,50,,,,,,,,,,,,,,,42,,,,,B03,,,1,,9,,,42,,1,21,,B03,120.678044,24.154014,3
2022,12,2,14,10,臺中市,西屯區,0,1,0,8,1,5,50,4,1,1,5,4,5,7,1,1,10,5,5,2,17,44,3,10,3,4,B03,7,9,1,8,2,1,,44,42,1,22,9,B03,120.658938,24.176087,2
2022,12,2,14,14,臺中市,西區,0,1,0,8,1,5,50,4,1,1,5,4,5,7,2,1,10,5,5,2,16,6,3,10,1,1,B03,7,5,1,8,2,1,,6,6,1,5,5,B03,120.661673,24.150865,2
2022,12,2,14,20,臺中市,中區,0,1,0,8,1,5,50,4,1,1,5,4,5,7,1,1,10,5,5,2,16,6,3,10,1,1,B03,7,5,1,8,2,8,,6,6,1,21,8,B03,120.678815,24.147178,2
2022,12,2,14,23,臺中市,龍井區,0,0,0,8,,,50,,,,,,,,,,,,,,,6,,,,,C03,,,1,,1,,,6,,1,2,,C03,120.589081,24.188929,3
2022,12,2,14,29,臺中市,北屯區,0,1,0,8,1,5,50,4,2,1,5,4,5,7,4,4,5,4,5,2,16,6,3,10,1,1,B03,7,9,1,8,2,4,,6,6,1,22,8,B03,120.677518,24.175444,2
2022,12,2,14,30,臺中市,沙鹿區,0,0,0,,,,30,,,,,,,,,,,,,,,42,,,,,B11,,,1,,2,,,42,,1,22,,B11,120.578902,24.221249,3
2022,12,2,14,31,臺中市,東區,0,0,0,8,,,50,,,,,,,,,,,,,,,10,,,,,B03,,,1,,2,,,10,,1,22,,B03,120.695088,24.13555,3
2022,12,2,14,45,臺中市,西區,0,0,0,,,,50,,,,,,,,,,,,,,,16,,,,,B03,,,1,,1,,,16,,1,21,,B03,120.672733,24.146967,3
2022,12,2,14,54,臺中市,南區,0,0,0,,,,50,,,,,,,,,,,,,,,43,,,,,C03,,,1,,2,,,43,,1,5,,C03,120.657954,24.113294,3
2022,12,2,14,58,臺中市,沙鹿區,0,0,0,,,,50,,,,,,,,,,,,,,,12,,,,,B03,,,1,,1,,,12,,1,22,,B03,120.560494,24.240391,3
2022,12,2,15,5,臺中市,北屯區,0,0,0,8,,,50,,,,,,,,,,,,,,,16,,,,,B03,,,1,,1,,,16,16,1,5,,B03,120.691957,24.162467,3
2022,12,2,15,9,臺中市,南區,0,1,0,8,1,5,50,3,1,1,5,4,5,7,4,4,10,5,5,2,16,10,3,10,1,1,B03,7,11,1,8,2,8,,10,10,1,21,8,B03,120.661985,24.129593,2
2022,12,2,15,15,臺中市,北區,0,1,0,8,1,5,50,4,1,1,5,4,5,7,4,4,5,5,5,2,15,6,2,9,1,1,C03,7,9,1,10,2,12,,6,6,1,5,8,C03,120.693686,24.156392,2
2022,12,2,15,20,臺中市,中區,0,2,0,8,1,5,50,4,1,1,5,4,5,7,1,1,10,5,5,2,13,16,2,9,1,1,C03,7,9,1,10,2,11,,16,16,1,22,8,C03,120.675975,24.141326,2
2022,12,2,15,20,臺中市,梧棲區,0,0,0,8,,,50,,,,,,,,,,,,,,,23,,,,,B03,,,1,,2,,,23,,1,22,,B03,120.53896,24.250417,3
2022,12,2,15,28,臺中市,北區,0,1,0,8,1,5,50,14,8,1,5,4,5,7,1,1,5,5,4,2,16,19,3,10,1,1,B03,7,1,1,8,2,8,,19,19,1,5,8,B03,120.682007,24.152629,2
2022,12,2,15,31,臺中市,大里區,0,0,0,8,,,50,,,,,,,,,,,,,,,12,,,,,B03,,,1,,2,,,12,,1,22,,B03,120.695433,24.102586,3
2022,12,2,15,34,臺中市,北區,0,0,0,8,,,60,,,,,,,,,,,,,,,23,,,,,B03,,,1,,1,,,23,,1,22,,B03,120.664208,24.154416,3
2022,12,2,15,40,臺中市,西屯區,0,0,0,,,,50,,,,,,,,,,,,,,,23,,,,,B03,,,7,,11,,,23,,1,22,,B03,120.645651,24.175783,3
2022,12,2,15,44,臺中市,龍井區,0,1,0,8,1,5,30,3,2,1,5,4,5,7,4,4,10,5,5,2,16,6,2,9,1,1,C03,7,6,1,10,2,11,,6,6,1,20,8,C03,120.546774,24.196617,2
2022,12,2,15,50,臺中市,潭子區,0,1,0,8,1,5,50,14,9,1,5,4,5,7,4,4,10,5,5,1,20,23,2,9,1,1,C03,7,9,1,10,2,14,,23,23,1,22,9,C03,120.711768,24.193014,2
2022,12,2,15,50,臺中市,西區,0,1,0,8,1,5,50,4,1,1,5,4,5,7,1,1,10,5,5,2,16,6,3,10,1,1,B03,7,6,1,8,2,5,,6,6,1,5,8,B03,120.657356,24.145022,2
2022,12,2,15,52,臺中市,大雅區,0,0,0,8,,,30,,,,,,,,,,,,,,,23,,,,,B11,,,1,,2,,,23,,1,10,,B11,120.666221,24.238067,3
2022,12,2,15,53,臺中市,南區,0,0,0,8,,,50,,,,,,,,,,,,,,,23,,,,,B03,,,1,8,2,,,23,23,1,5,,B03,120.689446,24.135966,4
2022,12,2,15,54,臺中市,北區,0,0,0,8,,,50,,,,,,,,,,,,,,,23,,,,,B03,,,1,,1,,,23,,1,22,,B03,120.674507,24.162862,3
2022,12,2,16,0,臺中市,北屯區,0,1,0,8,1,5,50,14,7,1,5,4,5,7,4,4,5,4,4,2,16,26,3,10,1,1,B11,7,11,1,3,2,4,,26,26,1,10,8,B11,120.72774,24.171516,2
2022,12,2,16,0,臺中市,霧峰區,0,1,0,8,1,5,50,14,8,1,5,4,5,7,4,4,9,4,4,2,16,19,3,10,1,1,B12,7,1,1,8,2,15,,19,19,1,12,8,B12,120.694407,24.05943,2
2022,12,2,16,0,臺中市,霧峰區,0,1,0,8,1,5,40,4,1,1,5,4,5,7,1,1,10,5,5,2,16,9,2,9,1,1,C03,7,9,1,10,2,11,,44,9,1,9,8,C03,120.699052,24.077985,2
2022,12,2,16,0,臺中市,豐原區,0,2,0,8,1,5,50,14,9,1,5,4,5,7,4,4,5,5,5,2,16,8,2,9,1,1,C03,7,5,1,10,2,11,,8,8,1,20,8,C03,120.720786,24.251136,2
2022,12,2,16,5,臺中市,西屯區,0,1,0,8,1,5,50,4,1,1,5,4,5,7,2,1,10,5,5,2,15,25,2,9,3,4,C03,7,9,1,10,2,13,14,25,25,1,22,8,C03,120.628303,24.201774,2
2022,12,2,16,8,臺中市,豐原區,0,3,0,8,1,5,50,4,1,1,5,4,5,7,4,4,10,5,5,2,14,12,2,8,1,1,B03,7,2,1,8,2,5,,12,12,1,22,8,B03,120.737073,24.266782,2
2022,12,2,16,9,臺中市,豐原區,0,0,0,,,,50,,,,,,,,,,,,,,,23,,,,,B12,,,1,,2,,,23,,1,22,,B12,120.702718,24.249526,3
2022,12,2,16,18,臺中市,潭子區,0,0,0,8,,,40,,,,,,,,,,,,,,,19,,,,,C03,,,1,,9,,,19,,1,22,,C03,120.709844,24.210387,3
2022,12,2,16,20,臺中市,梧棲區,0,0,0,8,,,30,,,,,,,,,,,,,,,23,,,,,B03,,,1,,2,,,23,,1,9,,B03,120.554963,24.246944,3
2022,12,2,16,23,臺中市,龍井區,0,3,0,8,1,5,30,4,1,1,5,4,5,7,4,4,10,5,5,1,15,6,2,9,1,1,C03,7,9,1,10,2,11,,6,6,1,5,1,C03,120.532547,24.193037,2
2022,12,2,16,26,臺中市,北屯區,0,0,0,8,,,50,,,,,,,,,,,,,,,16,,,,,B03,,,1,,2,,,16,,1,21,,B03,120.674378,24.181188,3
2022,12,2,16,43,臺中市,大甲區,0,0,0,8,,,50,,,,,,,,,,,,,,,42,,,,,C03,,,2,,2,,,42,,1,15,,C03,120.619625,24.346864,3
2022,12,2,16,47,臺中市,霧峰區,0,0,0,8,,,50,,,,,,,,,,,,,,,19,,,,,B03,,,1,,2,,,19,,1,12,,B03,120.699377,24.064453,3
2022,12,2,16,47,臺中市,龍井區,0,0,0,8,,,40,,,,,,,,,,,,,,,1,,,,,B03,,,1,,2,,,1,,1,2,,B03,120.588691,24.191783,3
2022,12,2,16,51,臺中市,南區,0,2,0,8,1,5,50,14,8,1,5,4,5,7,4,4,5,4,4,2,12,44,3,10,1,1,B03,7,6,1,8,2,2,,44,44,1,21,8,B03,120.655448,24.113758,2
2022,12,2,16,52,臺中市,南區,0,2,0,8,1,5,50,4,1,1,5,4,5,7,2,1,10,5,5,2,17,42,2,8,1,1,C03,7,15,1,10,2,12,,42,42,1,21,8,C03,120.657348,24.13381,2
2022,12,2,16,53,臺中市,北屯區,0,0,0,8,,,50,,,,,,,,,,,,,,,18,,,,,B03,,,3,,1,,,18,,1,21,,B03,120.658529,24.190421,3
2022,12,2,16,55,臺中市,霧峰區,0,2,0,8,1,5,50,3,1,1,5,4,5,7,4,4,10,5,5,2,16,6,2,9,1,1,C03,7,5,1,10,2,14,,6,6,1,18,2,C03,120.719723,24.078296,2
2022,12,2,16,58,臺中市,大雅區,0,0,0,8,,,50,,,,,,,,,,,,,,,19,,,,,B03,,,1,,2,,,19,19,1,21,,B03,120.629417,24.207683,3
2022,12,2,17,0,臺中市,北屯區,0,3,0,8,2,5,40,4,1,1,5,4,5,7,4,4,10,5,5,2,16,6,2,9,1,1,C03,7,9,1,10,2,11,,6,6,1,21,8,C03,120.670472,24.182412,2
2022,12,2,17,0,臺中市,大里區,0,0,0,8,,,30,,,,,,,,,,,,,,,17,,,,,B02,,,1,,2,,,17,,1,20,,B02,120.716021,24.084466,3
2022,12,2,17,0,臺中市,神岡區,0,0,0,8,,,30,,,,,,,,,,,,,,,12,,,,,B11,,,1,,2,,,12,,1,10,,B11,120.69565,24.266994,3
2022,12,2,17,1,臺中市,清水區,0,0,0,8,,,50,,,,,,,,,,,,,,,12,,,,,B03,,,1,,2,,,12,,1,21,,B03,120.539543,24.284604,3
2022,12,2,17,5,臺中市,北屯區,0,0,0,8,,,40,,,,,,,,,,,,,,,7,,,,,B03,,,1,,2,,,7,7,1,5,,B03,120.687512,24.187971,3
2022,12,2,17,5,臺中市,西屯區,0,1,0,8,1,5,50,4,2,1,5,4,5,7,2,1,5,4,5,2,16,19,2,9,3,4,C03,7,1,6,18,2,14,,19,19,1,22,8,C03,120.66198,24.165513,2
2022,12,2,17,5,臺中市,龍井區,0,1,0,8,3,5,50,4,1,1,5,4,5,7,4,4,10,5,5,2,16,6,3,10,1,1,B03,7,5,1,8,2,8,,6,6,1,2,1,B03,120.564001,24.19577,2
2022,12,2,17,7,臺中市,北區,0,0,0,8,,,50,,,,,,,,,,,,,,,19,,,,,B03,,,1,,2,,,19,,1,5,,B03,120.679319,24.163351,3
2022,12,2,17,10,臺中市,南區,0,0,0,8,,,50,,,,,,,,,,,,,,,12,,,,,B03,,,1,8,2,,,12,12,1,21,,B03,120.665684,24.116984,3
2022,12,2,17,12,臺中市,北區,0,0,0,8,,,50,,,,,,,,,,,,,,,16,,,,,B03,,,1,,2,,,16,,1,22,,B03,120.685169,24.166985,3
2022,12,2,17,13,臺中市,西屯區,0,0,0,8,,,30,,,,,,,,,,,,,,,23,,,,,B03,,,1,,1,,,23,,1,4,,B03,120.660648,24.175306,3
2022,12,2,17,15,臺中市,龍井區,0,1,0,8,1,5,60,4,1,1,5,4,5,7,1,1,10,5,5,2,16,9,3,10,1,1,B03,7,6,1,8,2,2,,9,9,1,2,8,B03,120.585748,24.18628,2
2022,12,2,17,17,臺中市,北屯區,0,0,0,8,,,50,,,,,,,,,,,,,,,23,,,,,B02,,,1,,2,,,23,,1,22,,B02,120.71263,24.182453,3
2022,12,2,17,18,臺中市,南屯區,0,0,0,,,,50,,,,,,,,,,,,,,,19,,,,,B12,,,1,,9,,,19,19,1,22,,B12,120.649688,24.148571,3
2022,12,2,17,20,臺中市,潭子區,0,1,0,7,3,5,80,11,9,1,5,4,5,7,4,4,1,4,5,1,16,43,2,7,1,1,B12,7,8,1,8,2,1,,43,43,1,22,9,B12,120.720986,24.195038,2
2022,12,2,17,21,臺中市,北屯區,0,1,0,8,1,8,50,14,9,1,5,4,5,7,4,4,1,4,5,2,12,7,2,9,1,1,C03,7,10,3,18,2,13,,7,7,1,21,8,C03,120.687908,24.171796,2
2022,12,2,17,21,臺中市,大里區,0,1,0,8,1,5,50,14,9,1,5,4,5,7,4,4,9,5,5,1,18,42,2,9,3,4,F03,7,9,8,20,2,16,,42,42,1,12,8,F03,120.70037,24.080373,2
2022,12,2,17,22,臺中市,西屯區,0,1,0,8,3,5,50,14,9,1,5,4,5,7,4,4,1,4,5,2,13,23,2,9,1,1,C03,7,9,1,10,2,11,,23,23,1,22,8,C03,120.655886,24.194501,2