年,月,日,時,分,縣市,區,死,受傷,2-30,天候,光線,道路類別,速限,道路型態,事故位置,路面鋪裝,路面狀態,路面缺陷,障礙物,視距,號誌種類,號誌動作,分向設施,快車道或一般車道間,快慢車道間,路面邊線,事故類型及型態,主要肇因,受傷程度,主要傷處,保護裝備,行動電話,當事者區分,車輛用途,當事者行動狀態,駕駛資格情形,駕駛執照種類,飲酒情形,車輛撞擊部位最初,車輛撞擊部位其他,肇事因素個別,肇事因素主要,肇事逃逸,職業,旅次目的,車種,GPS緯度,GPS經度,事故類別
2022,12,3,5,0,臺中市,北屯區,0,0,0,8,,,40,,,,,,,,,,,,,,,42,,,,,A12,,,1,,2,,,42,,1,21,,A12,120.72679,24.166797,3
2022,12,3,5,27,臺中市,東區,0,0,0,8,,,50,,,,,,,,,,,,,,,6,,,,,B03,,,1,,2,,,6,,1,22,,B03,120.699913,24.142778,3
2022,12,3,6,36,臺中市,潭子區,0,2,0,8,1,8,30,3,1,1,5,4,5,7,4,4,10,5,5,2,17,6,2,9,1,1,C03,7,9,1,10,2,14,,6,6,1,22,8,C03,120.700692,24.212309,2
2022,12,3,6,40,臺中市,東區,0,0,0,,,,,,,,,,,,,,,,,,,43,,,,,B03,,,1,,1,,,38,43,1,22,,B03,120.687486,24.137577,3
2022,12,3,6,50,臺中市,神岡區,0,1,0,8,1,5,50,14,7,1,5,4,5,7,4,4,4,4,4,2,3,51,3,10,1,1,B03,7,9,1,8,2,1,,23,51,1,22,8,B03,120.682253,24.246945,2
2022,12,3,6,56,臺中市,北區,0,1,0,8,1,5,50,14,8,1,5,4,5,7,4,4,3,3,4,1,17,23,2,8,3,4,C03,7,9,1,10,2,14,,23,23,1,22,9,C03,120.67795,24.151391,2
2022,12,3,7,7,臺中市,北屯區,0,1,0,8,1,5,50,4,18,1,5,4,5,7,2,1,10,5,5,2,3,15,3,10,1,1,B03,7,5,1,8,2,5,,15,15,1,21,8,B03,120.706969,24.192595,2
2022,12,3,7,14,臺中市,沙鹿區,0,1,0,8,1,5,50,3,1,1,5,4,5,7,4,4,10,5,5,2,9,12,3,10,1,1,B12,7,2,1,8,2,3,,12,12,1,21,8,B12,120.561499,24.243992,2
2022,12,3,7,20,臺中市,大里區,0,0,0,8,,,50,,,,,,,,,,,,,,,17,,,,,C03,,,1,,2,,,17,,1,22,,C03,120.695352,24.096931,3
2022,12,3,7,28,臺中市,大肚區,0,2,0,8,1,5,50,4,1,1,5,4,5,7,1,1,10,5,5,2,15,25,2,9,1,1,C03,7,9,1,10,2,11,,25,25,1,5,1,C03,120.556426,24.128184,2
2022,12,3,7,30,臺中市,東區,0,0,0,,,,50,,,,,,,,,,,,,,,23,,,,,A11,,,1,,1,,,23,,1,22,,A11,120.703147,24.135116,3
2022,12,3,7,31,臺中市,南屯區,0,0,0,8,,,50,,,,,,,,,,,,,,,5,,,,,B11,,,1,,1,,,5,5,1,22,,B11,120.638991,24.139296,3
2022,12,3,7,35,臺中市,北區,0,1,0,8,1,5,50,4,1,1,5,4,5,7,4,4,5,5,5,2,15,6,2,9,1,1,C03,7,9,1,10,2,12,,6,6,1,22,8,C03,120.695983,24.156783,2
2022,12,3,7,35,臺中市,大里區,0,0,0,8,,,60,,,,,,,,,,,,,,,42,,,,,B03,,,1,,2,,,42,,1,5,,B03,120.700125,24.102263,3
2022,12,3,7,35,臺中市,后里區,0,1,0,8,1,5,50,3,2,1,5,4,5,7,4,4,9,4,5,1,17,42,2,9,1,1,C03,7,6,2,18,2,13,,42,23,1,22,8,C03,120.749651,24.324664,2
2022,12,3,7,39,臺中市,北區,0,2,0,8,1,5,50,14,9,1,5,4,5,7,4,4,5,5,5,2,3,51,2,8,4,5,H01,8,16,8,20,10,16,,51,51,1,22,9,H01,120.682368,24.163583,2
2022,12,3,7,40,臺中市,梧棲區,0,1,0,8,1,5,50,4,1,1,5,4,5,7,4,4,10,5,5,1,15,14,2,9,3,4,C03,7,9,3,18,2,11,,6,14,1,22,8,C03,120.541216,24.226168,2
2022,12,3,7,42,臺中市,北屯區,0,1,0,8,1,5,50,14,9,1,5,4,5,7,4,4,5,4,5,2,13,16,2,9,1,1,C03,7,9,1,10,2,11,,16,16,1,22,8,C03,120.730987,24.177327,2
2022,12,3,7,50,臺中市,大雅區,0,3,0,8,1,5,30,4,1,1,5,4,5,7,3,1,5,5,5,1,17,6,2,9,1,1,B03,7,9,1,8,2,4,,6,6,1,21,8,B03,120.664891,24.235278,2
2022,12,3,7,50,臺中市,大甲區,0,0,0,8,,,50,,,,,,,,,,,,,,,6,,,,,B03,,,1,,2,,,6,,1,4,,B03,120.619931,24.347007,3
2022,12,3,7,54,臺中市,北區,0,1,0,8,1,5,50,4,1,1,5,4,5,7,4,4,10,5,5,2,16,4,3,10,1,1,C03,7,9,4,8,2,11,,4,4,1,22,8,C03,120.669406,24.173015,2
2022,12,3,8,0,臺中市,北區,0,0,0,8,,,50,,,,,,,,,,,,,,,7,,,,,B03,,,1,,2,,,7,,1,22,,B03,120.671601,24.1734,3
2022,12,3,8,10,臺中市,龍井區,0,1,0,8,1,5,50,14,9,1,5,4,5,7,4,4,5,5,5,2,16,26,3,10,1,1,B12,7,11,1,8,2,4,,26,26,1,5,4,B12,120.592605,24.181649,2
2022,12,3,8,20,臺中市,豐原區,0,0,0,8,,,50,,,,,,,,,,,,,,,18,,,,,B12,,,1,,2,,,18,,1,22,,B12,120.724155,24.260588,3
2022,12,3,8,22,臺中市,豐原區,0,1,0,8,1,5,50,14,9,1,5,4,5,7,4,4,3,4,5,1,9,23,3,10,3,4,B03,7,6,1,8,2,5,,23,23,1,22,8,B03,120.715608,24.244481,2
2022,12,3,8,26,臺中市,南區,0,1,0,8,1,5,50,14,8,1,5,4,5,7,4,4,9,4,5,2,17,40,3,10,1,1,B03,7,14,1,8,2,2,,40,40,1,5,1,B03,120.684128,24.120738,2
2022,12,3,8,29,臺中市,太平區,0,0,0,8,,,30,,,,,,,,,,,,,,,17,,,,,B03,,,1,,2,,,17,,1,21,,B03,120.718014,24.125443,3
2022,12,3,8,40,臺中市,石岡區,0,0,0,8,,,30,,,,,,,,,,,,,,,53,,,,,H01,,,8,,2,,,53,53,1,22,,H01,120.791623,24.273045,3
2022,12,3,8,54,臺中市,大里區,0,0,0,8,,,50,,,,,,,,,,,,,,,42,,,,,B12,,,1,,2,,,42,,1,6,,B12,120.688586,24.119486,3
2022,12,3,8,54,臺中市,烏日區,0,1,0,8,1,5,70,3,1,1,5,4,5,7,2,1,10,5,5,2,16,9,3,10,1,1,B03,7,6,1,8,2,2,,9,9,1,9,8,B03,120.594053,24.112751,2
2022,12,3,8,56,臺中市,東區,0,1,0,8,1,5,50,4,1,1,5,4,5,7,1,1,10,5,5,2,16,3,3,10,1,1,C03,7,15,1,10,2,13,,3,3,1,22,9,C03,120.694386,24.149621,2
2022,12,3,8,58,臺中市,西區,0,1,0,8,1,5,30,4,1,1,5,4,5,7,4,4,10,5,5,2,16,6,3,10,1,1,B03,7,5,1,8,2,8,,6,6,1,5,8,B03,120.661768,24.154714,2
2022,12,3,9,15,臺中市,大雅區,0,0,0,8,,,50,,,,,,,,,,,,,,,8,,,,,B03,,,1,,2,,,8,,1,22,,B03,120.645349,24.225589,3
2022,12,3,9,20,臺中市,大甲區,0,2,0,8,1,5,50,4,1,1,5,4,5,7,4,4,10,5,5,2,12,3,2,9,1,1,C03,7,5,1,10,2,14,,3,3,1,4,8,C03,120.622886,24.345879,2
2022,12,3,9,25,臺中市,太平區,0,1,0,8,1,5,50,4,4,1,5,4,5,7,2,1,5,5,5,2,17,23,3,10,1,1,B03,7,9,1,8,9,8,,23,23,1,22,8,B03,120.719727,24.131347,2
2022,12,3,9,26,臺中市,沙鹿區,0,2,0,8,1,5,40,3,1,1,5,4,5,7,4,4,10,5,5,2,17,42,2,9,1,1,C03,7,9,1,10,2,14,,42,42,1,20,8,C03,120.614596,24.244151,2
2022,12,3,9,28,臺中市,外埔區,0,0,0,8,1,5,40,5,1,1,5,4,5,3,4,4,10,5,5,2,12,23,,,,,B03,,,1,,2,,,23,23,1,9,,B03,120.63664,24.344081,3
2022,12,3,9,34,臺中市,北區,0,1,0,8,1,5,50,4,1,1,5,4,5,7,1,1,2,4,5,2,17,6,3,10,1,1,B03,7,5,1,8,2,15,,6,6,1,22,8,B03,120.685591,24.153566,2
2022,12,3,9,34,臺中市,南區,0,2,0,8,1,5,50,4,1,1,5,4,5,7,1,1,10,5,5,2,9,23,2,9,1,1,C03,7,9,1,10,2,11,,23,23,1,5,8,C03,120.670036,24.114853,2
2022,12,3,9,51,臺中市,東勢區,0,1,0,8,1,5,50,14,9,1,5,4,5,7,4,4,7,4,5,1,13,16,2,7,1,1,C03,7,9,1,10,2,11,,16,16,1,22,9,C03,120.794891,24.285823,2
2022,12,3,9,52,臺中市,后里區,0,0,0,8,,,60,,,,,,,,,,,,,,,1,,,,,B03,,,1,,2,,,1,,1,22,,B03,120.723768,24.296286,3
2022,12,3,9,55,臺中市,大雅區,0,2,0,8,1,5,50,14,9,1,5,4,5,7,4,4,5,4,5,1,13,23,2,8,1,1,C03,7,9,1,10,2,11,,23,23,1,22,8,C03,120.655333,24.229927,2
2022,12,3,9,56,臺中市,豐原區,0,0,0,8,,,50,,,,,,,,,,,,,,,16,,,,,B03,,,1,,2,,,16,16,1,22,,B03,120.74975,24.268685,3
2022,12,3,10,4,臺中市,北區,0,0,0,8,,,50,,,,,,,,,,,,,,,12,,,,,B03,,,1,,11,,,12,12,1,22,,B03,120.692656,24.155902,3
2022,12,3,10,7,臺中市,北區,0,1,0,8,1,5,50,3,1,1,5,4,5,7,1,1,5,4,5,2,16,42,3,10,1,1,B03,7,1,1,8,2,1,,42,42,1,22,8,B03,120.667473,24.166658,2
2022,12,3,10,12,臺中市,北屯區,0,1,0,8,1,5,50,4,1,1,5,4,5,7,4,4,10,5,5,2,15,6,3,10,1,1,B03,7,9,1,8,2,1,,6,6,1,21,8,B03,120.695384,24.17226,2
2022,12,3,10,15,臺中市,東區,0,0,0,,,,50,,,,,,,,,,,,,,,16,,,,,B03,,,1,,11,,,43,16,1,22,,B03,120.711291,24.143313,3
2022,12,3,10,19,臺中市,南區,0,1,0,8,1,5,50,4,1,1,5,4,5,7,1,1,9,4,4,2,18,43,3,10,1,1,B03,7,5,1,8,2,15,,43,43,1,5,1,B03,120.670091,24.122341,2
2022,12,3,10,27,臺中市,豐原區,0,0,0,8,,,50,,,,,,,,,,,,,,,42,,,,,B03,,,1,,2,,,42,42,1,22,,B03,120.749484,24.26857,3
2022,12,3,10,30,臺中市,潭子區,0,1,0,8,1,5,50,14,7,1,5,4,5,7,1,1,5,4,4,2,12,19,2,8,1,1,C03,7,1,1,10,2,14,,19,19,1,22,8,C03,120.699943,24.194565,2
2022,12,3,10,32,臺中市,北區,0,3,0,8,1,5,40,4,1,1,5,4,5,7,1,1,5,4,4,2,15,25,2,9,1,1,C03,7,9,1,10,2,11,,25,25,1,22,8,C03,120.665244,24.160477,2
2022,12,3,10,33,臺中市,豐原區,0,0,0,8,,,60,,,,,,,,,,,,,,,16,,,,,B03,,,1,,2,,,16,16,1,22,,B03,120.703245,24.246251,3
2022,12,3,10,35,臺中市,北區,0,0,0,8,,,50,,,,,,,,,,,,,,,25,,,,,B03,,,1,,2,,,25,,1,22,,B03,120.67903,24.155722,3
2022,12,3,10,37,臺中市,大甲區,0,1,0,8,1,5,50,14,12,1,5,4,5,7,4,4,5,5,4,1,17,8,2,9,1,1,C03,7,5,1,10,2,12,,8,8,1,5,8,C03,120.629094,24.352969,2
2022,12,3,10,40,臺中市,北屯區,0,0,0,8,,,50,,,,,,,,,,,,,,,23,,,,,B03,,,1,,1,,,23,,1,21,,B03,120.704073,24.169522,3
2022,12,3,10,50,臺中市,沙鹿區,0,0,0,8,,,50,,,,,,,,,,,,,,,17,,,,,B03,,,1,,2,,,17,,1,22,,B03,120.560006,24.238967,3
2022,12,3,10,56,臺中市,南區,0,2,0,8,1,5,50,4,1,1,5,4,5,7,4,4,10,5,5,2,15,6,2,9,1,1,C03,7,9,1,10,2,14,,6,6,1,5,8,C03,120.67529,24.129217,2
2022,12,3,10,58,臺中市,石岡區,0,1,0,8,1,5,50,3,1,1,5,4,5,7,4,4,10,5,5,2,17,6,2,9,1,4,C03,7,5,1,10,2,11,,6,6,1,21,8,C03,120.777458,24.274765,2
2022,12,3,11,0,臺中市,南區,0,0,0,8,,,50,,,,,,,,,,,,,,,7,,,,,B03,,,1,,2,,,7,,1,20,,B03,120.652498,24.122127,3
2022,12,3,11,3,臺中市,大里區,0,1,0,8,1,5,50,4,2,1,5,4,5,7,1,1,10,5,5,1,16,8,3,10,1,1,F03,7,5,8,20,2,16,,8,8,1,5,8,F03,120.701828,24.110813,2
2022,12,3,11,10,臺中市,西區,0,1,0,8,1,5,50,4,1,1,5,4,5,7,1,1,10,5,5,2,17,10,2,8,1,1,C03,7,11,1,10,2,14,,10,10,1,21,8,C03,120.660176,24.150848,2
2022,12,3,11,17,臺中市,西屯區,0,1,0,8,1,5,40,3,1,1,5,4,5,7,3,1,10,5,5,2,17,23,3,10,3,4,B03,7,9,1,8,2,4,,23,23,1,22,9,B03,120.642908,24.187215,2
2022,12,3,11,18,臺中市,西屯區,0,0,0,8,,,50,,,,,,,,,,,,,,,17,,,,,B03,,,1,,1,,,17,,1,4,,B03,120.625096,24.179463,3
2022,12,3,11,20,臺中市,大雅區,0,2,0,8,2,5,50,14,9,1,5,4,5,7,4,4,5,4,4,1,17,26,2,7,1,1,C03,7,11,1,10,2,11,,26,26,1,21,8,C03,120.650264,24.220496,2
2022,12,3,11,20,臺中市,北區,0,2,0,8,1,5,40,4,1,1,5,4,5,7,1,1,5,4,4,2,16,6,3,10,1,1,C03,7,6,1,10,2,13,,6,6,1,22,8,C03,120.678077,24.15158,2
2022,12,3,11,20,臺中市,東區,0,0,0,8,,,50,,,,,,,,,,,,,,,23,,,,,B12,,,1,,2,,,23,,1,5,,B12,120.702091,24.14215,3
2022,12,3,11,21,臺中市,新社區,0,2,0,8,1,5,50,14,9,1,5,4,5,7,4,4,5,5,5,1,16,26,2,9,1,1,C04,7,5,1,10,2,11,,26,26,1,20,8,C04,120.813983,24.192238,2
2022,12,3,11,21,臺中市,豐原區,0,2,0,8,1,5,50,4,1,1,5,4,5,7,1,1,10,5,5,2,17,43,2,9,1,1,C03,7,5,1,10,2,14,,43,43,1,22,8,C03,120.717598,24.251878,2
2022,12,3,11,22,臺中市,北屯區,0,1,0,8,1,5,50,4,1,1,5,4,5,7,4,4,10,5,5,2,15,6,2,3,1,1,B03,7,9,1,8,2,1,,6,6,1,21,8,B03,120.663805,24.199693,2
2022,12,3,11,22,臺中市,太平區,0,1,0,8,1,5,50,3,9,1,5,4,5,7,4,4,5,4,5,1,16,19,3,10,1,1,B03,7,1,1,8,2,4,,19,19,1,22,8,B03,120.729452,24.135033,2
2022,12,3,11,23,臺中市,西區,0,0,0,8,,,50,,,,,,,,,,,,,,,23,,,,,B03,,,1,,1,,,23,,1,21,,B03,120.659687,24.157317,3
2022,12,3,11,26,臺中市,北區,0,0,0,8,,,50,,,,,,,,,,,,,,,26,,,,,B03,,,1,,1,,,26,,1,22,,B03,120.683543,24.14867,3
2022,12,3,11,27,臺中市,北區,0,0,0,8,,,50,,,,,,,,,,,,,,,23,,,,,B03,,,1,,11,,,23,,1,22,,B03,120.685251,24.152109,3
2022,12,3,11,30,臺中市,北屯區,0,2,0,8,1,5,50,14,9,1,5,4,5,7,4,4,8,3,5,2,16,10,3,10,1,1,C03,7,11,1,10,2,11,,10,10,1,21,8,C03,120.727996,24.176712,2
2022,12,3,11,30,臺中市,大里區,0,2,0,8,1,5,30,4,1,1,5,4,5,7,4,4,10,5,5,2,15,6,2,1,1,1,B03,7,9,1,8,2,2,,6,6,1,22,5,B03,120.664523,24.095933,2
2022,12,3,11,30,臺中市,梧棲區,0,1,0,8,1,5,40,14,8,1,5,4,5,7,4,4,1,4,3,1,17,16,2,9,3,4,C03,7,9,1,10,2,11,,16,16,1,22,8,C03,120.524527,24.253166,2
2022,12,3,11,30,臺中市,梧棲區,0,3,0,8,1,5,50,4,1,1,5,4,5,7,1,1,10,5,5,1,17,17,2,9,3,4,C03,7,5,1,10,2,11,,17,17,1,22,8,C03,120.554058,24.248264,2
2022,12,3,11,30,臺中市,大甲區,0,0,0,8,1,5,50,4,1,1,5,4,5,7,4,4,5,5,5,1,15,14,3,10,1,1,B03,7,9,1,8,1,5,,23,23,1,22,9,B03,120.619947,24.352929,3
2022,12,3,11,31,臺中市,中區,0,1,0,8,1,5,30,4,1,1,5,4,5,7,4,4,10,5,5,2,15,6,3,10,1,1,C03,7,9,1,9,2,13,,6,6,1,22,8,C03,120.679353,24.14666,2
2022,12,3,11,33,臺中市,梧棲區,0,0,0,8,,,50,,,,,,,,,,,,,,,23,,,,,B03,,,1,,2,,,23,,1,22,,B03,120.539572,24.252265,3
2022,12,3,11,35,臺中市,西區,0,0,0,8,,,50,,,,,,,,,,,,,,,23,,,,,C03,,,1,,1,,,23,,1,5,,C03,120.665259,24.132052,3
2022,12,3,11,35,臺中市,大里區,0,0,0,8,,,30,,,,,,,,,,,,,,,17,,,,,B12,,,1,,2,,,17,,1,22,,B12,120.701603,24.087163,3
2022,12,3,11,39,臺中市,大肚區,0,0,0,,,,40,,,,,,,,,,,,,,,12,,,,,B12,,,1,,2,,,12,,1,6,,B12,120.54637,24.151622,3
2022,12,3,11,46,臺中市,北區,0,1,0,8,1,5,50,5,1,1,5,4,5,7,1,1,5,4,5,2,12,26,3,10,1,1,B03,7,9,1,8,2,5,,26,26,1,22,8,B03,120.685944,24.154788,2
2022,12,3,11,52,臺中市,豐原區,0,0,0,8,,,50,,,,,,,,,,,,,,,19,,,,,B03,,,1,,2,,,19,,1,22,,B03,120.71582,24.254455,3
2022,12,3,11,56,臺中市,西區,0,1,0,8,1,5,50,4,1,1,5,4,5,7,1,1,10,5,5,2,16,6,3,10,1,1,B03,7,6,1,8,2,5,,6,6,1,5,8,B03,120.672769,24.135858,2
2022,12,3,11,57,臺中市,北屯區,0,0,0,8,,,50,,,,,,,,,,,,,,,12,,,,,B03,,,1,,1,,,12,,1,21,,B03,120.718961,24.173331,3
2022,12,3,12,0,臺中市,東區,0,0,0,,,,50,,,,,,,,,,,,,,,23,,,,,B12,,,1,,2,,,23,,1,22,,B12,120.659318,24.112938,3
2022,12,3,12,0,臺中市,太平區,0,1,0,8,1,5,30,4,1,1,5,4,5,7,4,4,10,5,5,2,16,6,3,10,1,1,C03,7,9,1,10,1,12,,6,6,1,5,8,C03,120.711709,24.151602,2
2022,12,3,12,3,臺中市,北屯區,0,0,0,,,,50,,,,,,,,,,,,,,,23,,,,,B03,,,1,,1,,,23,,1,21,,B03,120.672933,24.17585,3
2022,12,3,12,5,臺中市,北區,0,1,0,8,1,5,50,14,8,1,5,4,5,7,4,4,3,4,4,2,16,19,3,10,1,1,B03,7,1,3,18,2,6,,19,19,1,22,9,B03,120.684903,24.167702,2
2022,12,3,12,5,臺中市,南屯區,0,0,0,,,,50,,,,,,,,,,,,,,,23,,,,,B03,,,1,,1,,,23,,1,22,,B03,120.638332,24.146321,3
2022,12,3,12,5,臺中市,大肚區,0,0,0,,,,40,,,,,,,,,,,,,,,12,,,,,B03,,,1,,2,,,12,,1,5,,B03,120.54322,24.15305,3
2022,12,3,12,6,臺中市,烏日區,0,2,0,8,3,5,50,3,1,1,5,4,5,7,3,1,10,5,5,2,16,8,2,9,1,1,F03,7,5,8,20,2,16,,8,8,1,21,8,F03,120.617969,24.10636,2
2022,12,3,12,7,臺中市,南屯區,0,0,0,8,,,50,,,,,,,,,,,,,,,7,,,,,B03,,,1,,1,,,7,,1,22,,B03,120.622256,24.150168,3
2022,12,3,12,8,臺中市,潭子區,0,2,0,8,1,5,50,4,1,1,5,4,5,7,2,1,10,5,5,2,16,23,2,9,1,1,C03,7,9,1,10,2,11,,23,23,1,22,8,C03,120.703197,24.207223,2
2022,12,3,12,9,臺中市,烏日區,0,2,0,8,1,5,50,3,9,1,5,2,5,7,1,1,10,5,5,2,18,23,2,9,1,4,C03,7,9,1,10,2,12,,23,23,1,21,8,C03,120.619623,24.110186,2
2022,12,3,12,13,臺中市,沙鹿區,0,1,0,8,1,5,50,11,7,1,5,4,5,7,4,4,5,5,4,2,17,23,2,9,1,1,C03,7,9,1,10,2,12,,23,23,1,21,8,C03,120.574576,24.2393,2
2022,12,3,12,17,臺中市,豐原區,0,0,0,8,,,30,,,,,,,,,,,,,,,12,,,,,B12,,,1,,2,,,12,,1,22,,B12,120.722201,24.26665,3
2022,12,3,12,27,臺中市,北屯區,0,2,0,8,1,5,50,14,9,1,5,4,5,7,4,4,1,3,5,2,16,43,2,9,1,1,C03,7,1,1,10,2,14,,43,43,1,21,8,C03,120.698239,24.17292,2
2022,12,3,12,29,臺中市,西區,0,0,0,8,1,5,50,4,1,1,5,4,5,7,1,1,10,5,5,2,23,42,3,10,1,1,B03,7,9,6,18,8,1,,42,42,1,5,8,B03,120.655135,24.140024,3
2022,12,3,12,31,臺中市,北區,0,2,0,8,1,5,50,4,1,1,5,4,5,7,4,4,5,5,5,2,16,6,2,3,1,1,B03,7,9,1,8,2,5,,6,6,1,22,8,B03,120.677111,24.162854,2
2022,12,3,12,40,臺中市,西區,0,0,0,,,,50,,,,,,,,,,,,,,,23,,,,,B03,,,1,,2,,,23,23,1,5,,B03,120.659687,24.157317,3
2022,12,3,12,43,臺中市,北區,0,0,0,8,,,50,,,,,,,,,,,,,,,7,,,,,C03,,,1,,1,,,7,7,1,22,,C03,120.691427,24.159125,3
2022,12,3,12,43,臺中市,南區,0,1,0,8,1,5,50,14,9,1,5,4,5,7,4,4,4,5,5,2,12,23,2,9,1,1,C03,7,9,1,10,2,11,,23,23,1,5,5,C03,120.656951,24.119166,2
2022,12,3,12,44,臺中市,潭子區,0,0,0,8,,,30,,,,,,,,,,,,,,,38,,,,,B12,,,1,,2,,,38,38,1,22,,B12,120.710587,24.204874,3
2022,12,3,12,45,臺中市,烏日區,0,1,0,8,1,5,60,4,1,1,5,4,5,7,1,1,10,5,5,2,18,23,2,1,1,1,C03,7,9,1,10,2,11,12,23,23,1,21,8,C03,120.6158,24.105795,2
2022,12,3,12,55,臺中市,大肚區,0,1,0,8,1,5,50,4,4,1,5,4,5,7,1,1,4,2,5,1,17,11,2,8,1,1,F02,7,11,8,20,2,16,,11,11,1,20,8,F02,120.544825,24.153139,2
2022,12,3,12,57,臺中市,東區,0,1,0,8,1,5,50,4,1,1,5,4,5,7,2,1,5,5,5,2,16,10,3,10,1,1,B03,7,11,1,8,2,8,,10,10,1,22,8,B03,120.689561,24.142877,2
2022,12,3,13,1,臺中市,太平區,0,0,0,8,,,50,,,,,,,,,,,,,,,19,,,,,B03,,,6,,9,5,,19,19,1,21,,B03,120.728079,24.152619,3
2022,12,3,13,8,臺中市,太平區,0,1,0,8,1,5,50,4,1,1,5,4,5,7,1,1,10,5,5,2,16,25,3,10,1,1,C03,7,9,1,10,9,12,,25,25,1,22,8,C03,120.716849,24.131705,2
2022,12,3,13,10,臺中市,豐原區,0,0,0,8,,,30,,,,,,,,,,,,,,,12,,,,,B12,,,1,,2,,,12,,1,22,,B12,120.708413,24.241196,3
2022,12,3,13,15,臺中市,大雅區,0,2,0,8,1,5,30,4,1,1,5,4,5,7,3,1,10,5,5,1,15,6,2,9,1,1,C03,7,9,1,10,2,12,,6,6,1,21,8,C03,120.660135,24.226939,2
2022,12,3,13,20,臺中市,西區,0,1,0,8,1,5,50,4,1,1,5,4,5,7,3,1,10,5,5,2,15,6,3,10,1,1,B03,7,9,1,8,2,1,,6,6,1,21,8,B03,120.663063,24.147868,2
2022,12,3,13,27,臺中市,大雅區,0,0,0,8,,,50,,,,,,,,,,,,,,,19,,,,,B12,,,1,,2,,,19,,1,22,,B12,120.637679,24.233825,3
2022,12,3,13,27,臺中市,太平區,0,1,0,8,1,5,30,4,1,1,5,4,3,7,4,4,10,5,5,2,16,6,3,10,1,1,B03,7,5,1,8,2,8,,6,6,1,5,8,B03,120.717581,24.12973,2
2022,12,3,13,30,臺中市,北屯區,0,0,0,6,,,50,,,,,,,,,,,,,,,6,,,,,B03,,5,1,8,2,2,,6,6,1,21,8,B03,120.65919,24.18487,3
2022,12,3,13,33,臺中市,南區,0,2,0,8,1,5,50,4,1,1,5,4,5,7,1,1,10,5,5,2,16,19,2,8,1,1,C03,7,1,1,10,2,14,,19,19,1,22,9,C03,120.706523,24.137191,2
2022,12,3,13,33,臺中市,沙鹿區,0,1,0,8,1,5,50,3,1,1,5,4,5,7,4,4,10,5,5,2,17,42,3,10,1,1,B03,7,15,1,8,2,2,,42,42,1,4,3,B03,120.580264,24.221946,2
2022,12,3,13,34,臺中市,南區,0,0,0,,,,50,,,,,,,,,,,,,,,23,,,,,C03,,,1,,2,,,23,,1,5,,C03,120.67395,24.129151,3
2022,12,3,13,36,臺中市,中區,0,1,0,8,1,5,50,4,1,1,5,4,5,7,1,1,10,5,5,2,13,23,2,9,3,4,C03,7,9,1,10,2,11,,23,23,1,22,5,C03,120.682211,24.140111,2
2022,12,3,13,37,臺中市,南屯區,0,0,0,,,,50,,,,,,,,,,,,,,,19,,,,,B03,,,1,,1,,,19,,1,22,,B03,120.649986,24.149623,3
2022,12,3,13,38,臺中市,新社區,0,0,0,8,,,50,,,,,,,,,,,,,,,42,,,,,A05,,,1,,2,,,42,,1,22,,A05,120.810176,24.234548,3
2022,12,3,13,39,臺中市,東區,0,0,0,8,,,50,,,,,,,,,,,,,,,42,,,,,B03,,,1,,2,,,42,,1,5,,B03,120.694865,24.142813,3
2022,12,3,13,40,臺中市,烏日區,0,1,0,8,1,5,60,14,9,1,5,4,4,7,4,4,1,4,5,1,18,23,2,9,1,1,C03,7,9,1,10,2,11,,23,23,1,21,8,C03,120.589677,24.113436,2
2022,12,3,13,41,臺中市,北屯區,0,2,0,8,1,5,40,3,2,1,5,4,5,7,4,4,10,5,5,2,11,4,2,8,1,1,C03,7,9,1,10,2,11,,4,4,1,21,8,C03,120.662756,24.190088,2
2022,12,3,13,42,臺中市,北區,0,0,0,8,,,50,,,,,,,,,,,,,,,43,,,,,B03,,,1,,1,,,43,,1,22,,B03,120.674401,24.175625,3
2022,12,3,13,45,臺中市,北區,0,1,0,8,1,5,50,4,1,1,5,4,5,7,4,4,5,5,5,2,15,6,3,10,1,1,C03,7,9,1,10,2,12,,6,6,1,22,8,C03,120.678375,24.162791,2
2022,12,3,13,48,臺中市,北屯區,0,0,0,8,,,50,,,,,,,,,,,,,,,23,,,,,B12,,,1,,9,,,23,,1,5,,B12,120.722638,24.158786,3
2022,12,3,13,54,臺中市,大甲區,0,2,0,8,1,5,50,3,2,1,5,4,5,7,1,1,5,5,4,2,17,44,3,10,1,1,B03,7,6,1,8,2,2,,44,44,1,21,8,B03,120.626693,24.35168,2
2022,12,3,14,0,臺中市,南屯區,0,1,0,8,1,5,50,4,1,1,5,4,5,7,1,1,3,4,4,2,18,16,2,9,3,4,C03,7,9,1,10,2,12,,16,16,1,22,8,C03,120.642533,24.151286,2
2022,12,3,14,0,臺中市,大甲區,0,1,0,8,1,5,50,14,8,1,5,4,5,7,4,4,5,5,4,1,18,23,2,9,1,1,F01,7,9,8,20,2,16,,23,23,1,18,8,F01,120.639776,24.360128,2
2022,12,3,14,3,臺中市,豐原區,0,0,0,8,,,50,,,,,,,,,,,,,,,23,,,,,B03,,,1,,2,,,23,23,1,22,,B03,120.726731,24.255783,3