年,月,日,時,分,縣市,區,死,受傷,2-30,天候,光線,道路類別,速限,道路型態,事故位置,路面鋪裝,路面狀態,路面缺陷,障礙物,視距,號誌種類,號誌動作,分向設施,快車道或一般車道間,快慢車道間,路面邊線,事故類型及型態,主要肇因,受傷程度,主要傷處,保護裝備,行動電話,當事者區分,車輛用途,當事者行動狀態,駕駛資格情形,駕駛執照種類,飲酒情形,車輛撞擊部位最初,車輛撞擊部位其他,肇事因素個別,肇事因素主要,肇事逃逸,職業,旅次目的,車種,GPS緯度,GPS經度,事故類別
2022,12,4,17,7,臺中市,西區,0,2,0,8,2,5,30,14,9,1,5,4,5,7,4,4,9,4,5,2,16,19,2,9,1,1,C03,7,1,1,10,2,14,,19,19,1,22,8,C03,120.663205,24.139569,2
2022,12,4,17,7,臺中市,豐原區,0,1,0,8,1,5,50,4,1,1,5,4,5,7,2,1,1,2,4,1,11,25,2,8,3,1,F01,7,9,8,20,2,16,,25,25,1,15,8,F01,120.725709,24.246092,2
2022,12,4,17,10,臺中市,北屯區,0,2,0,8,3,5,50,4,1,1,5,4,5,7,1,1,10,5,5,2,11,8,2,7,1,1,C03,7,5,1,10,2,11,,8,8,1,5,8,C03,120.705978,24.16948,2
2022,12,4,17,14,臺中市,烏日區,0,1,0,7,3,5,30,10,16,1,5,4,5,7,4,4,10,5,5,1,13,23,3,10,1,1,B03,7,9,1,8,2,1,,23,23,1,21,8,B03,120.617469,24.110224,2
2022,12,4,17,25,臺中市,西區,0,0,0,8,,,50,,,,,,,,,,,,,,,23,,,,,B03,,,1,,2,,,23,,1,4,,B03,120.662609,24.155678,3
2022,12,4,17,30,臺中市,西區,0,0,0,8,3,5,50,3,2,1,5,4,5,7,1,1,3,4,4,2,13,23,,,,,C03,,,5,,1,,,23,,1,22,,C03,120.665757,24.140083,3
2022,12,4,17,30,臺中市,東區,0,1,0,8,2,5,40,14,8,1,5,4,5,7,4,4,5,5,4,2,13,23,3,10,1,1,C03,7,9,1,10,2,11,,23,23,1,21,8,C03,120.70779,24.135905,2
2022,12,4,17,30,臺中市,北屯區,0,0,0,8,,,50,,,,,,,,,,,,,,,42,,,,,C03,,,1,,1,,,42,,1,22,,C03,120.714838,24.173973,3
2022,12,4,17,33,臺中市,東區,0,0,0,8,,,50,,,,,,,,,,,,,,,16,,,,,C03,,,1,,2,,,16,,1,22,,C03,120.687868,24.136529,3
2022,12,4,17,35,臺中市,北屯區,0,2,0,8,3,5,50,4,1,1,5,4,5,7,2,1,10,5,5,2,16,6,2,9,1,1,C03,7,5,1,10,2,12,14,6,6,1,5,8,C03,120.688385,24.175226,2
2022,12,4,17,41,臺中市,大里區,0,2,0,8,3,5,50,14,9,1,5,4,5,7,3,1,5,1,4,2,17,6,2,9,1,1,C03,7,5,3,18,2,12,,6,6,1,22,8,C03,120.68941,24.117328,2
2022,12,4,17,43,臺中市,東區,0,1,0,8,3,5,50,14,9,1,5,4,5,7,4,4,5,5,5,2,12,6,3,10,1,1,B03,7,15,1,8,2,2,,6,6,1,3,8,B03,120.700102,24.13198,2
2022,12,4,17,45,臺中市,南屯區,0,0,0,8,,,50,,,,,,,,,,,,,,,23,,,,,C03,,,1,,1,,,23,,1,22,,C03,120.611621,24.138656,3
2022,12,4,17,45,臺中市,烏日區,0,1,0,8,2,5,50,3,1,1,5,4,5,7,1,1,1,2,1,1,16,25,3,10,3,4,B03,7,5,1,8,2,5,,44,25,1,21,9,B03,120.586703,24.113223,2
2022,12,4,17,46,臺中市,中區,0,1,0,8,3,5,50,14,9,1,5,4,5,7,4,4,9,4,5,2,16,7,2,9,1,1,C03,7,8,2,18,2,11,,7,7,1,22,8,C03,120.681818,24.139972,2
2022,12,4,17,48,臺中市,烏日區,0,3,0,8,3,5,50,3,1,1,5,4,5,7,4,4,10,5,5,2,16,6,2,9,2,1,F01,7,5,8,20,2,16,,6,6,1,16,8,F01,120.595533,24.108953,2
2022,12,4,17,50,臺中市,豐原區,0,2,0,8,3,5,40,14,8,1,5,4,5,7,4,4,3,4,4,2,17,23,2,9,1,1,C03,7,9,1,10,2,11,,23,23,1,22,8,C03,120.715508,24.263174,2
2022,12,4,17,55,臺中市,太平區,0,0,0,8,,,30,,,,,,,,,,,,,,,42,,,,,B03,,,1,,2,,,42,,1,4,,B03,120.720248,24.105193,3
2022,12,4,17,55,臺中市,和平區,0,0,0,8,,,50,,,,,,,,,,,,,,,43,,,,,,,,,,,,,43,,1,,,,120.908444,24.17246,3
2022,12,4,18,0,臺中市,北屯區,0,0,0,8,,,50,,,,,,,,,,,,,,,23,,,,,B03,,,1,,1,,,23,23,1,5,,B03,120.727024,24.166886,3
2022,12,4,18,3,臺中市,東區,0,2,0,8,1,5,50,4,1,1,5,4,5,7,4,4,10,5,5,2,17,6,2,9,1,1,C03,7,5,3,18,2,11,,6,6,1,22,8,C03,120.698071,24.135184,2
2022,12,4,18,8,臺中市,大雅區,0,1,0,8,3,5,50,14,9,1,5,4,5,7,4,4,5,4,5,1,13,16,3,10,1,1,B03,7,9,1,8,2,5,,16,16,1,22,9,B03,120.652347,24.228318,2
2022,12,4,18,14,臺中市,西屯區,0,0,0,8,,,40,,,,,,,,,,,,,,,43,,,,,B03,,,1,,11,,,43,,1,22,,B03,120.66107,24.164966,3
2022,12,4,18,14,臺中市,大里區,0,0,0,8,3,5,50,4,1,1,5,4,5,7,1,1,5,2,4,2,12,2,,,,,B03,,,1,,2,,,2,,1,22,,B03,120.674541,24.102824,3
2022,12,4,18,18,臺中市,豐原區,0,0,0,8,,,30,,,,,,,,,,,,,,,23,,,,,B03,,,1,,2,,,23,16,1,22,,B03,120.720992,24.258239,3
2022,12,4,18,20,臺中市,霧峰區,0,2,0,8,3,5,50,14,9,1,5,4,5,7,4,4,9,5,4,2,16,10,3,10,1,1,B03,7,11,1,8,2,8,,10,10,1,4,8,B03,120.705706,24.07632,2
2022,12,4,18,20,臺中市,沙鹿區,0,0,0,8,,,50,,,,,,,,,,,,,,,4,,,,,C03,,,1,,2,,,44,4,1,22,,C03,120.574504,24.227622,3
2022,12,4,18,20,臺中市,沙鹿區,0,1,0,8,1,5,50,3,9,1,5,4,5,7,3,1,4,3,4,1,17,8,2,9,1,1,C03,7,5,1,10,2,14,,8,8,1,22,8,C03,120.578772,24.218515,2
2022,12,4,18,36,臺中市,西區,0,3,0,8,3,5,50,14,9,1,5,4,5,7,2,1,5,2,5,2,17,19,2,9,1,1,C04,7,1,1,11,2,14,,19,19,1,4,8,C04,120.665268,24.146718,2
2022,12,4,18,38,臺中市,東區,0,1,0,8,3,5,50,4,1,1,5,4,5,7,1,1,10,5,5,2,17,6,2,9,1,1,B01,7,8,6,4,2,1,,6,6,1,22,8,B01,120.695208,24.141603,2
2022,12,4,18,39,臺中市,西區,0,1,0,8,3,5,50,4,1,1,5,4,5,7,1,1,10,5,5,2,12,8,3,10,1,1,C03,7,5,1,10,2,13,,8,8,1,22,9,C03,120.661678,24.136547,2
2022,12,4,18,52,臺中市,中區,0,2,0,8,3,5,50,4,1,1,5,4,5,7,1,1,10,5,5,2,17,26,3,10,3,4,B03,7,7,1,8,2,2,,26,26,1,22,5,B03,120.679157,24.145556,2
2022,12,4,18,53,臺中市,烏日區,0,0,0,8,,,50,,,,,,,,,,,,,,,19,,,,,B03,,,1,,2,,,19,19,1,21,,B03,120.618724,24.115942,3
2022,12,4,18,57,臺中市,南屯區,0,1,0,8,3,5,50,4,1,1,5,4,5,7,2,1,1,4,5,2,16,26,3,10,1,1,B03,7,9,1,8,2,2,,26,26,1,22,8,B03,120.624104,24.152179,2
2022,12,4,18,59,臺中市,豐原區,0,0,0,8,,,60,,,,,,,,,,,,,,,16,,,,,B03,,,1,,2,,,16,,1,21,,B03,120.722993,24.236445,3
2022,12,4,19,2,臺中市,后里區,0,0,0,8,,,50,,,,,,,,,,,,,,,23,,,,,B03,,,1,,2,,,23,,1,22,,B03,120.698655,24.322261,3
2022,12,4,19,2,臺中市,豐原區,0,3,0,8,3,5,50,4,1,1,5,4,5,7,4,4,5,5,5,2,16,6,2,9,1,1,C03,7,5,1,10,2,14,,6,6,1,9,8,C03,120.730553,24.250076,2
2022,12,4,19,5,臺中市,東區,0,0,0,8,,,50,,,,,,,,,,,,,,,16,,,,,B03,,,1,8,2,,,16,16,1,21,,B03,120.698031,24.147951,3
2022,12,4,19,7,臺中市,龍井區,0,1,0,8,3,5,50,3,1,1,5,4,5,7,4,4,10,5,5,1,16,4,2,9,1,1,C03,7,11,1,10,2,13,,4,4,1,12,8,C03,120.523458,24.20183,2
2022,12,4,19,8,臺中市,大雅區,0,2,0,8,3,5,30,4,1,1,5,4,5,7,4,4,10,5,5,2,15,6,2,9,1,1,C03,7,9,2,18,2,12,,6,6,1,22,9,C03,120.650909,24.220465,2
2022,12,4,19,9,臺中市,大雅區,0,0,0,8,,,50,,,,,,,,,,,,,,,16,,,,,C03,,,1,,2,,,16,,1,22,,C03,120.65529,24.220776,3
2022,12,4,19,10,臺中市,北屯區,0,0,0,8,,,50,,,,,,,,,,,,,,,23,,,,,B03,,,1,,1,,,23,,1,5,,B03,120.697566,24.164665,3
2022,12,4,19,15,臺中市,南屯區,0,0,0,8,,,40,,,,,,,,,,,,,,,17,,,,,B12,,,1,,2,,,17,,1,4,,B12,120.633388,24.148674,3
2022,12,4,19,21,臺中市,北屯區,0,1,0,8,3,5,50,3,1,1,5,4,5,7,3,1,10,5,5,2,16,26,2,9,1,1,C03,7,9,1,10,2,14,,26,26,1,5,8,C03,120.710661,24.192746,2
2022,12,4,19,27,臺中市,太平區,0,0,0,8,,,50,,,,,,,,,,,,,,,42,,,,,B03,,,1,,1,,,42,,1,4,,B03,120.713484,24.14129,3
2022,12,4,19,40,臺中市,北區,0,0,0,8,,,50,,,,,,,,,,,,,,,42,,,,,B03,,,1,,1,,,42,,1,5,,B03,120.680976,24.163174,3
2022,12,4,19,41,臺中市,西屯區,0,0,0,8,,,50,,,,,,,,,,,,,,,7,,,,,B01,,,1,,1,,,7,,1,22,,B01,120.651383,24.165134,3
2022,12,4,19,56,臺中市,后里區,0,0,0,8,,,50,,,,,,,,,,,,,,,16,,,,,B03,,,1,,2,,,16,,1,20,,B03,120.721886,24.305873,3
2022,12,4,20,3,臺中市,北屯區,0,1,0,8,3,5,50,14,9,1,5,4,5,7,4,4,5,4,5,2,12,17,3,10,1,1,C03,7,15,1,10,2,14,,17,17,1,5,8,C03,120.71693,24.175132,2
2022,12,4,20,13,臺中市,南屯區,0,0,0,8,,,50,,,,,,,,,,,,,,,23,,,,,B03,,,1,,2,,,23,,1,5,,B03,120.64531,24.135521,3
2022,12,4,20,18,臺中市,大里區,0,0,0,8,3,5,50,8,7,1,5,4,5,7,1,1,1,4,4,1,13,23,,,,,B03,,,1,,2,,,23,,1,22,,B03,120.697529,24.111069,3
2022,12,4,20,25,臺中市,烏日區,0,0,0,,,,50,,,,,,,,,,,,,,,23,,,,,B02,,,1,,2,,,23,,1,21,,B02,120.617326,24.110172,3
2022,12,4,20,40,臺中市,東區,0,1,0,7,3,5,50,5,1,1,5,4,5,7,1,1,10,5,5,2,16,6,3,10,1,1,B03,7,5,1,8,2,5,,6,6,1,22,8,B03,120.692483,24.151715,2
2022,12,4,20,54,臺中市,烏日區,0,0,0,8,3,5,50,3,1,1,5,4,5,7,1,1,1,2,5,1,12,17,,,,,B03,,,1,,2,,,44,17,1,22,,B03,120.618724,24.115942,3
2022,12,4,21,4,臺中市,豐原區,0,3,0,8,3,5,50,14,8,1,5,4,5,7,4,4,5,4,4,2,12,23,2,9,1,1,C03,7,8,1,10,2,14,,23,17,1,22,8,C03,120.728996,24.250926,2
2022,12,4,21,5,臺中市,南區,0,1,0,8,1,5,30,3,1,1,5,4,5,7,4,4,10,5,5,2,17,6,3,10,1,1,C03,7,6,1,10,2,13,,6,6,1,5,8,C03,120.684066,24.120969,2
2022,12,4,21,15,臺中市,外埔區,0,0,0,8,,,30,,,,,,,,,,,,,,,43,,,,,B03,,,1,,11,,,43,,1,22,,B03,120.618752,24.331088,3
2022,12,4,21,20,臺中市,南區,0,2,0,8,3,5,50,3,1,1,5,4,5,7,1,1,10,5,5,2,17,6,2,9,1,1,C03,7,5,1,10,2,11,,6,6,1,22,8,C03,120.675167,24.126774,2
2022,12,4,21,23,臺中市,北屯區,0,0,0,8,,,50,,,,,,,,,,,,,,,49,,,,,B12,,,1,,2,,,49,,1,5,,B12,120.694046,24.164101,3
2022,12,4,21,24,臺中市,潭子區,0,1,0,8,3,5,50,4,1,1,5,4,5,7,1,1,10,5,5,2,18,23,2,9,1,1,C03,7,5,1,10,2,12,,23,23,1,22,8,C03,120.697866,24.216423,2
2022,12,4,21,30,臺中市,北屯區,0,0,0,8,,,60,,,,,,,,,,,,,,,16,,,,,B03,,,1,,1,,,16,,1,5,,B03,120.705925,24.164736,3
2022,12,4,21,36,臺中市,北屯區,0,0,0,8,,,40,,,,,,,,,,,,,,,23,,,,,B03,,,1,,2,,,23,23,1,5,,B03,120.692534,24.175136,3
2022,12,4,21,39,臺中市,南屯區,0,0,0,,,,50,,,,,,,,,,,,,,,12,,,,,B03,,,1,,1,,,12,,1,4,,B03,120.625943,24.113303,3
2022,12,4,21,50,臺中市,龍井區,0,0,0,,,,40,,,,,,,,,,,,,,,23,,,,,C03,,,1,,1,,,23,,1,18,,C03,120.584713,24.1869,3
2022,12,4,22,5,臺中市,北屯區,0,0,0,8,,,40,,,,,,,,,,,,,,,23,,,,,B12,,,1,,9,,,23,23,1,5,,B12,120.686968,24.169231,3
2022,12,4,22,12,臺中市,南屯區,0,0,0,8,,,30,,,,,,,,,,,,,,,6,,,,,B03,,,1,,2,,,6,,1,22,,B03,120.624839,24.116888,3
2022,12,4,22,15,臺中市,東區,0,0,0,8,,,50,,,,,,,,,,,,,,,6,,,,,C03,,,1,,2,,,6,6,1,22,,C03,120.687312,24.141017,3
2022,12,4,22,34,臺中市,大里區,0,0,0,8,,,50,,,,,,,,,,,,,,,26,,,,,B03,,,1,,2,,,26,,1,4,,B03,120.719348,24.097766,3
2022,12,4,22,43,臺中市,梧棲區,0,0,0,,,,70,,,,,,,,,,,,,,,23,,,,,B12,,,1,,2,,,23,,1,4,,B12,120.546739,24.24607,3
2022,12,4,22,50,臺中市,大里區,0,0,0,8,,,50,,,,,,,,,,,,,,,43,,,,,B02,,,1,,2,,,43,,1,5,,B02,120.684945,24.102388,3
2022,12,4,23,18,臺中市,大里區,0,2,0,8,3,5,50,4,1,1,5,4,5,7,1,1,10,5,5,2,17,6,2,9,1,1,C03,7,5,1,10,2,12,,6,6,1,21,5,C03,120.708812,24.086731,2
2022,12,5,2,24,臺中市,清水區,0,3,0,8,3,5,60,14,7,1,5,4,1,7,4,4,1,4,5,1,20,23,2,9,1,1,B03,7,9,1,8,8,8,5,23,23,1,5,5,B03,120.548938,24.281011,2
2022,12,5,2,36,臺中市,北屯區,0,2,0,8,3,5,50,5,1,1,5,4,5,7,1,1,10,5,5,2,16,25,2,9,1,1,C03,7,9,1,10,2,11,,25,25,1,22,8,C03,120.692835,24.168127,2
2022,12,5,3,50,臺中市,大里區,0,0,0,8,,,50,,,,,,,,,,,,,,,19,,,,,B12,,,1,,2,,,19,,1,5,,B12,120.674555,24.098119,3
2022,12,5,6,23,臺中市,豐原區,0,1,0,8,2,5,50,4,1,1,5,4,5,7,1,1,1,2,5,1,12,9,3,10,1,1,A02,7,6,1,2,2,2,,9,9,1,22,8,A02,120.728535,24.257898,2
2022,12,5,6,28,臺中市,西區,0,1,0,8,1,5,50,4,1,1,5,4,5,7,1,1,5,5,5,2,13,23,3,10,1,1,B03,7,9,1,8,3,8,,23,23,1,22,9,B03,120.671996,24.146246,2
2022,12,5,6,34,臺中市,大里區,0,3,0,8,2,5,30,3,2,1,5,4,5,7,4,4,10,5,5,1,16,6,3,10,1,1,C03,7,6,1,10,2,14,,6,6,1,5,4,C03,120.667108,24.107798,2
2022,12,5,7,0,臺中市,神岡區,0,0,0,8,,,50,,,,,,,,,,,,,,,16,,,,,B03,,,1,,1,,,16,,1,22,,B03,120.693738,24.248374,3
2022,12,5,7,3,臺中市,北屯區,0,0,0,6,,,60,,,,,,,,,,,,,,,7,,,,,B03,,7,1,8,1,4,,7,7,1,21,8,B03,120.66303,24.200978,3
2022,12,5,7,10,臺中市,神岡區,0,0,0,8,,,50,,,,,,,,,,,,,,,23,,,,,B03,,,1,,2,,,23,,1,21,,B03,120.663205,24.27237,3
2022,12,5,7,12,臺中市,大雅區,0,0,0,8,,,50,,,,,,,,,,,,,,,19,,,,,B03,,,1,,2,,,19,,1,22,,B03,120.6454,24.225523,3
2022,12,5,7,13,臺中市,潭子區,0,0,0,8,,,50,,,,,,,,,,,,,,,10,,,,,B03,,,1,,3,,,10,,1,22,,B03,120.703268,24.209555,3
2022,12,5,7,16,臺中市,北屯區,0,1,0,8,2,5,40,14,9,1,5,4,5,7,4,4,5,5,5,2,10,19,3,10,1,1,B03,7,1,1,8,2,8,,19,19,1,2,8,B03,120.713,24.1801,2
2022,12,5,7,19,臺中市,大肚區,0,1,0,7,1,5,50,4,1,1,5,4,5,7,2,1,9,4,5,2,16,6,3,10,1,1,B12,7,6,1,8,2,2,,6,17,1,5,1,B12,120.546056,24.148702,2
2022,12,5,7,25,臺中市,梧棲區,0,1,0,8,1,5,50,11,9,1,5,4,5,7,4,4,5,5,5,2,11,26,2,9,1,1,C03,7,5,1,10,2,11,,26,26,1,9,8,C03,120.542218,24.246882,2
2022,12,5,7,30,臺中市,大甲區,0,2,0,8,1,5,50,4,1,1,5,4,5,7,1,1,10,5,5,2,12,9,3,10,1,1,B03,7,6,1,8,2,5,,9,9,1,4,8,B03,120.641447,24.36582,2
2022,12,5,7,32,臺中市,潭子區,0,0,0,8,,,60,,,,,,,,,,,,,,,23,,,,,C03,,,1,,2,,,23,23,1,9,,C03,120.70392,24.202416,3
2022,12,5,7,35,臺中市,大雅區,0,1,0,8,1,5,50,3,1,1,5,4,5,7,4,4,9,4,5,1,17,6,3,10,1,1,C03,7,5,1,10,2,11,,6,6,1,22,9,C03,120.645662,24.221441,2
2022,12,5,7,35,臺中市,神岡區,0,0,0,8,,,50,,,,,,,,,,,,,,,17,,,,,B03,,,1,,2,,,17,,1,22,,B03,120.631786,24.273805,3
2022,12,5,7,38,臺中市,北屯區,0,2,0,8,1,8,50,14,9,1,5,4,5,7,4,4,5,4,5,1,13,16,2,9,1,1,C03,7,9,1,10,2,11,,16,16,1,21,8,C03,120.699838,24.16993,2
2022,12,5,7,40,臺中市,東區,0,1,0,7,1,5,50,14,9,1,5,4,5,7,4,4,5,5,5,2,18,42,2,9,1,1,C03,7,9,1,10,2,12,,42,42,1,21,1,C03,120.695754,24.1427,2
2022,12,5,7,42,臺中市,沙鹿區,0,3,0,8,1,5,50,3,1,1,5,4,5,7,3,3,10,5,4,2,16,6,2,9,2,1,F01,7,5,8,20,2,16,,6,6,1,22,9,F01,120.566019,24.234448,2
2022,12,5,7,44,臺中市,北屯區,0,1,0,8,1,5,50,14,9,1,5,4,5,7,4,4,1,5,5,2,18,23,2,9,1,1,C03,7,9,1,8,2,15,,23,23,1,21,8,C03,120.676598,24.177154,2
2022,12,5,7,44,臺中市,北屯區,0,1,0,8,1,5,50,4,1,1,5,4,5,7,1,1,10,5,5,2,16,8,2,9,1,1,C03,7,5,1,10,2,13,,8,8,1,21,1,C03,120.659299,24.190847,2
2022,12,5,7,44,臺中市,神岡區,0,1,0,8,1,5,60,14,9,1,5,4,5,7,4,4,1,4,5,1,13,23,3,10,1,1,B12,7,9,1,1,3,1,,23,23,1,21,8,B12,120.667113,24.275869,2
2022,12,5,7,45,臺中市,大甲區,0,2,0,8,1,5,50,4,1,1,5,4,5,7,4,4,10,5,5,2,15,6,2,9,1,1,C03,7,9,1,10,2,11,,6,6,1,4,8,C03,120.618434,24.346684,2
2022,12,5,7,45,臺中市,東勢區,0,0,0,,,,60,,,,,,,,,,,,,,,23,,,,,B03,,,1,,2,,,23,,1,22,,B03,120.809453,24.303257,3
2022,12,5,7,48,臺中市,北屯區,0,1,0,8,1,5,50,4,1,1,5,4,5,7,1,1,10,5,5,2,18,23,2,9,1,1,C03,7,9,1,10,2,15,,23,23,1,21,8,C03,120.71907,24.180361,2
2022,12,5,7,50,臺中市,北區,0,0,0,,,,50,,,,,,,,,,,,,,,43,,,,,B03,,,1,,1,,,43,,1,21,,B03,120.672214,24.162161,3
2022,12,5,7,55,臺中市,太平區,0,2,0,8,1,5,30,3,1,1,5,4,5,7,4,4,5,5,4,1,16,6,2,7,1,1,C03,7,5,2,18,2,14,,6,6,1,16,8,C03,120.72914,24.106342,2
2022,12,5,7,59,臺中市,北屯區,0,1,0,8,1,5,50,3,1,1,5,4,5,7,3,1,10,5,5,2,16,10,3,10,1,1,B03,7,11,1,8,2,2,,10,10,1,21,8,B03,120.679541,24.180259,2
2022,12,5,8,2,臺中市,豐原區,0,0,0,8,,,50,,,,,,,,,,,,,,,17,,,,,B03,,,1,,2,,,17,,1,22,,B03,120.701685,24.249511,3
2022,12,5,8,6,臺中市,南屯區,0,0,0,8,,,50,,,,,,,,,,,,,,,23,,,,,B03,,,1,,1,,,23,,1,22,,B03,120.646845,24.14174,3
2022,12,5,8,7,臺中市,龍井區,0,1,0,8,1,5,50,11,9,1,5,4,5,7,4,4,5,5,5,1,17,26,2,9,1,1,C03,7,15,6,18,2,11,,26,26,1,21,8,C03,120.571995,24.186091,2
2022,12,5,8,8,臺中市,烏日區,0,1,0,8,1,5,50,4,1,1,5,4,5,7,4,4,5,5,4,2,16,6,3,10,1,1,B03,7,9,1,8,2,8,,6,6,1,21,8,B03,120.62203,24.103032,2
2022,12,5,8,11,臺中市,東區,0,1,0,8,1,5,50,4,1,1,5,4,5,7,1,1,10,5,5,2,16,6,3,10,1,1,B03,7,5,1,8,2,1,,6,6,1,22,8,B03,120.698063,24.142728,2
2022,12,5,8,12,臺中市,大雅區,0,1,0,8,1,5,30,3,9,1,5,4,5,7,3,1,5,4,5,1,16,6,3,10,1,1,B03,7,5,1,8,2,1,,6,6,1,22,8,B03,120.67312,24.231262,2
2022,12,5,8,14,臺中市,梧棲區,0,1,0,8,1,5,50,4,1,1,5,4,5,7,2,1,10,5,5,2,15,25,3,10,1,1,F03,7,9,8,20,4,16,,25,25,1,9,8,F03,120.532864,24.260198,2
2022,12,5,8,15,臺中市,大甲區,0,1,0,8,1,5,50,4,1,1,5,4,5,7,4,4,10,5,5,2,17,43,2,9,1,1,B03,7,9,1,8,2,5,,43,43,1,4,8,B03,120.619802,24.346472,2
2022,12,5,8,18,臺中市,北屯區,0,0,0,8,,,30,,,,,,,,,,,,,,,23,,,,,B03,,,1,,1,,,23,,1,4,,B03,120.6738,24.174,3
2022,12,5,8,19,臺中市,潭子區,0,2,0,8,1,5,40,4,1,1,5,4,5,7,1,1,10,5,5,2,17,1,2,7,1,1,C03,7,4,1,10,2,12,,1,1,1,22,8,C03,120.710589,24.203089,2
2022,12,5,8,24,臺中市,北屯區,0,1,0,8,1,8,50,11,7,1,5,4,5,7,4,4,1,4,4,1,23,43,2,1,1,1,B12,7,9,1,8,2,8,,43,43,1,21,8,B12,120.713406,24.177583,2
2022,12,5,8,25,臺中市,清水區,0,1,0,8,1,5,50,3,1,1,5,4,5,7,4,4,5,3,5,1,16,6,3,10,1,1,B03,7,5,1,10,2,2,,6,6,1,22,8,B03,120.567067,24.274463,2
2022,12,5,8,28,臺中市,北區,0,0,0,8,,,50,,,,,,,,,,,,,,,17,,,,,B03,,,1,,11,,,17,,2,22,,B03,120.672211,24.15804,3
2022,12,5,8,30,臺中市,太平區,0,0,0,8,,,50,,,,,,,,,,,,,,,16,,,,,B03,,,1,,2,,,44,16,1,21,,B03,120.700818,24.14806,3
2022,12,5,8,31,臺中市,南屯區,0,0,0,,,,40,,,,,,,,,,,,,,,4,,,,,F01,,,8,,2,,,4,,1,22,,F01,120.636876,24.138237,3
2022,12,5,8,33,臺中市,南區,0,1,0,7,1,5,40,14,8,1,5,4,5,7,4,4,3,4,4,2,29,43,2,9,1,1,C03,7,9,1,10,2,12,,43,43,1,21,8,C03,120.654105,24.114486,2
2022,12,5,8,34,臺中市,龍井區,0,1,0,8,1,5,50,11,9,1,5,4,5,7,4,4,5,5,5,1,18,43,2,9,1,1,C03,7,15,1,10,2,14,,43,43,1,21,1,C03,120.569711,24.187338,2
2022,12,5,8,37,臺中市,東區,0,2,0,8,1,5,40,4,1,1,5,4,5,7,4,4,10,5,5,2,15,6,2,9,1,1,C03,7,9,1,8,2,12,,6,6,1,5,5,C03,120.683797,24.134017,2
2022,12,5,8,38,臺中市,大雅區,0,0,0,8,,,50,,,,,,,,,,,,,,,17,,,,,B03,,,1,,2,,,17,,1,22,,B03,120.652953,24.204213,3
2022,12,5,8,40,臺中市,西屯區,0,0,0,8,,,30,,,,,,,,,,,,,,,23,,,,,B12,,,1,,1,,,23,,1,22,,B12,120.663241,24.17177,3
2022,12,5,8,40,臺中市,外埔區,0,2,0,8,1,5,50,14,8,1,5,4,5,7,4,4,5,3,4,1,14,12,3,10,1,1,B12,7,2,1,8,2,7,,12,12,1,4,8,B12,120.655962,24.328917,2
2022,12,5,8,45,臺中市,石岡區,0,1,0,8,1,5,50,3,9,1,5,4,5,7,4,4,5,5,5,1,17,26,2,9,1,4,F01,7,5,8,20,2,16,,26,26,1,22,8,F01,120.781948,24.274826,2
2022,12,5,8,49,臺中市,清水區,0,2,0,8,1,5,40,4,1,1,5,4,5,7,3,1,10,5,5,2,14,12,3,10,1,1,B12,7,2,1,8,2,7,,12,12,1,21,8,B12,120.572226,24.261056,2
2022,12,5,8,50,臺中市,清水區,0,0,0,,,,50,,,,,,,,,,,,,,,18,,,,,B03,,,1,,1,,,18,18,1,5,,B03,120.558701,24.268198,3
2022,12,5,9,3,臺中市,南區,0,0,0,8,,,50,,,,,,,,,,,,,,,23,,,,,B12,,,1,,1,,,23,,1,5,,B12,120.657738,24.113276,3
2022,12,5,9,7,臺中市,太平區,0,0,0,8,,,40,,,,,,,,,,,,,,,16,,,,,B03,,,6,,2,,,16,,1,5,,B03,120.715673,24.110763,3
2022,12,5,9,16,臺中市,大里區,0,0,0,8,,,50,,,,,,,,,,,,,,,12,,,,,B03,,,1,,2,,,12,,1,22,,B03,120.680377,24.115127,3
2022,12,5,9,17,臺中市,太平區,0,1,0,8,1,5,50,14,9,1,5,4,5,7,4,4,5,4,5,2,17,7,3,10,1,1,B03,7,8,1,8,2,2,,7,7,1,21,8,B03,120.712699,24.125546,2
2022,12,5,9,28,臺中市,太平區,0,0,0,8,,,50,,,,,,,,,,,,,,,7,,,,,B03,,,1,,2,,,7,,1,5,,B03,120.714154,24.133437,3
2022,12,5,9,30,臺中市,大甲區,0,1,0,8,1,5,30,4,1,1,5,4,5,7,1,3,10,5,5,2,15,6,3,10,1,1,C03,7,9,6,10,2,13,,6,6,1,20,8,C03,120.642327,24.40622,2
2022,12,5,9,30,臺中市,神岡區,0,0,0,8,,,50,,,,,,,,,,,,,,,19,,,,,B03,,,1,,2,,,19,,1,21,,B03,120.698571,24.248905,3
2022,12,5,9,34,臺中市,北屯區,0,2,0,8,1,5,50,14,9,1,5,4,5,7,4,4,1,4,5,2,17,43,2,9,1,1,C03,7,9,1,10,2,12,,43,43,1,20,8,C03,120.670742,24.173808,2
2022,12,5,9,35,臺中市,東區,0,0,0,8,,,40,,,,,,,,,,,,,,,23,,,,,B12,,,1,,2,,,23,,1,22,,B12,120.701587,24.131517,3
2022,12,5,9,38,臺中市,太平區,0,0,0,8,,,50,,,,,,,,,,,,,,,23,,,,,B12,,,1,,2,,,23,,1,5,,B12,120.735879,24.133275,3
2022,12,5,9,40,臺中市,太平區,0,0,0,8,,,40,,,,,,,,,,,,,,,23,,,,,C03,,,1,,2,,,23,23,1,21,,C03,120.711674,24.149791,3