年,月,日,時,分,縣市,區,死,受傷,2-30,天候,光線,道路類別,速限,道路型態,事故位置,路面鋪裝,路面狀態,路面缺陷,障礙物,視距,號誌種類,號誌動作,分向設施,快車道或一般車道間,快慢車道間,路面邊線,事故類型及型態,主要肇因,受傷程度,主要傷處,保護裝備,行動電話,當事者區分,車輛用途,當事者行動狀態,駕駛資格情形,駕駛執照種類,飲酒情形,車輛撞擊部位最初,車輛撞擊部位其他,肇事因素個別,肇事因素主要,肇事逃逸,職業,旅次目的,車種,GPS緯度,GPS經度,事故類別
2022,12,5,9,43,臺中市,大里區,0,0,0,8,,,40,,,,,,,,,,,,,,,23,,,,,B03,,,1,,1,,,23,23,1,3,,B03,120.689887,24.078066,3
2022,12,5,9,45,臺中市,潭子區,0,1,0,8,1,5,60,14,5,1,5,4,5,7,4,4,1,4,4,1,13,6,3,10,1,1,B03,7,6,1,8,2,3,,6,6,1,22,8,B03,120.689679,24.220752,2
2022,12,5,9,45,臺中市,北屯區,0,1,0,8,1,5,50,14,9,1,5,4,5,7,4,4,4,3,5,2,16,19,3,10,1,1,B03,7,1,1,8,2,8,,19,19,1,21,8,B03,120.674499,24.174787,2
2022,12,5,9,46,臺中市,西區,0,1,0,8,1,5,50,4,1,1,5,4,5,7,1,1,10,5,5,2,16,6,3,10,1,1,B03,7,6,1,8,2,2,,6,6,1,4,5,B03,120.671261,24.145547,2
2022,12,5,9,46,臺中市,北屯區,0,1,0,8,1,5,50,4,1,1,5,4,5,7,4,4,10,5,5,2,15,6,3,10,1,1,B03,7,9,1,8,2,8,,6,6,1,9,8,B03,120.6894,24.1788,2
2022,12,5,9,50,臺中市,中區,0,0,0,8,1,5,50,4,1,1,5,4,5,7,1,1,10,5,5,2,29,43,,,,,B01,,,1,,1,,,43,,1,22,,B01,120.682416,24.145861,3
2022,12,5,9,50,臺中市,清水區,0,0,0,8,,,50,,,,,,,,,,,,,,,12,,,,,B03,,,1,,2,,,12,,1,21,,B03,120.578789,24.271562,3
2022,12,5,9,51,臺中市,西區,0,2,0,7,1,5,40,14,8,1,5,4,5,7,4,4,3,4,4,2,12,23,2,7,1,1,C04,7,9,1,10,2,11,,23,23,1,21,8,C04,120.659383,24.156852,2
2022,12,5,9,59,臺中市,北屯區,0,1,0,8,1,5,50,14,9,1,5,4,5,7,4,4,5,4,5,1,16,19,3,10,1,1,B03,7,1,1,8,2,8,,19,19,1,21,8,B03,120.71324,24.172978,2
2022,12,5,10,10,臺中市,北區,0,2,0,8,1,5,30,4,1,1,5,4,5,7,4,4,5,5,5,2,15,6,2,9,1,1,C03,7,9,3,18,2,11,,6,6,1,22,8,C03,120.670027,24.167421,2
2022,12,5,10,18,臺中市,大安區,0,1,0,8,1,5,30,3,1,1,5,4,5,7,4,4,10,5,5,2,11,8,3,10,1,1,B03,7,5,1,8,2,4,,8,8,1,4,8,B03,120.59119,24.335481,2
2022,12,5,10,19,臺中市,西區,0,1,0,8,1,5,50,14,9,1,5,4,5,7,4,4,5,4,5,2,16,26,2,9,1,1,C03,7,5,1,10,2,14,,26,26,1,5,8,C03,120.656292,24.150727,2
2022,12,5,10,19,臺中市,太平區,0,2,0,8,1,5,50,3,1,1,5,4,5,7,1,1,10,5,5,2,16,25,2,9,1,1,C03,7,9,1,10,2,11,,25,25,1,21,8,C03,120.733638,24.155481,2
2022,12,5,10,25,臺中市,沙鹿區,0,1,0,8,1,5,50,4,1,1,5,4,5,7,4,4,10,5,5,2,17,10,3,10,1,1,B03,7,11,1,8,2,5,,10,10,1,2,7,B03,120.559256,24.235686,2
2022,12,5,10,29,臺中市,潭子區,0,1,0,8,1,5,30,4,1,1,5,4,5,7,4,4,10,5,5,2,15,6,2,3,1,1,C04,7,9,1,8,2,12,,6,6,1,22,8,C04,120.699131,24.213526,2
2022,12,5,10,30,臺中市,西區,0,0,0,,,,50,,,,,,,,,,,,,,,16,,,,,B03,,,1,,1,,,16,,1,21,,B03,120.662323,24.161664,3
2022,12,5,10,31,臺中市,西區,0,1,0,8,1,5,50,4,1,1,5,4,5,7,1,1,10,5,5,2,16,6,3,10,1,1,B03,7,5,1,8,2,1,,6,6,1,4,5,B03,120.665285,24.150851,2
2022,12,5,10,31,臺中市,霧峰區,0,1,0,8,1,5,50,4,1,1,5,4,5,7,1,1,10,5,5,1,16,6,3,10,1,1,B03,7,6,1,8,2,5,,6,6,1,22,9,B03,120.694052,24.070162,2
2022,12,5,10,35,臺中市,太平區,0,0,0,8,,,50,,,,,,,,,,,,,,,26,,,,,C03,,,3,,2,,,26,,1,5,,C03,120.7069,24.159491,3
2022,12,5,10,38,臺中市,太平區,0,0,0,8,,,50,,,,,,,,,,,,,,,23,,,,,B03,,,1,,2,8,,23,23,1,21,,B03,120.712182,24.144435,3
2022,12,5,10,38,臺中市,豐原區,0,1,0,8,1,5,30,14,9,1,5,4,5,7,4,4,10,5,5,2,17,6,3,10,1,1,B02,7,5,1,4,2,8,,6,6,1,10,3,B02,120.700494,24.234261,2
2022,12,5,10,44,臺中市,西屯區,0,1,0,8,1,5,50,3,1,1,5,4,5,7,4,4,10,5,5,2,16,6,3,10,3,4,B03,7,5,1,8,2,5,,6,6,1,22,8,B03,120.648301,24.1693,2
2022,12,5,10,53,臺中市,北屯區,0,1,0,8,1,5,50,3,1,1,5,4,5,7,1,1,10,5,5,2,16,9,3,10,1,1,B03,7,6,1,8,2,2,,9,9,1,21,8,B03,120.706431,24.182513,2
2022,12,5,10,57,臺中市,北屯區,0,0,0,8,,,50,,,,,,,,,,,,,,,42,,,,,B11,,,1,,1,,,42,,1,10,,B11,120.684589,24.170832,3
2022,12,5,10,59,臺中市,北區,0,1,0,8,1,5,50,14,8,1,5,4,5,7,4,4,5,4,4,2,16,6,3,10,1,1,B03,7,6,1,8,2,2,,6,6,1,22,8,B03,120.673163,24.143844,2
2022,12,5,11,4,臺中市,北區,0,1,0,8,1,5,50,4,1,1,5,4,5,7,1,1,5,2,5,2,16,8,2,9,1,1,C03,7,5,4,8,2,11,,8,8,1,22,8,C03,120.677944,24.167048,2
2022,12,5,11,4,臺中市,太平區,0,0,0,8,,,30,,,,,,,,,,,,,,,19,,,,,B12,,,1,,2,,,19,,1,5,,B12,120.701961,24.149563,3
2022,12,5,11,10,臺中市,太平區,0,0,0,8,,,50,,,,,,,,,,,,,,,19,,,,,B12,,,1,,2,,,19,,1,21,,B12,120.71941,24.154607,3
2022,12,5,11,10,臺中市,龍井區,0,0,0,8,,,50,,,,,,,,,,,,,,,23,,,,,C03,,,1,,2,,,23,,1,21,,C03,120.592886,24.182646,3
2022,12,5,11,11,臺中市,沙鹿區,0,0,0,8,,,60,,,,,,,,,,,,,,,7,,,,,B03,,,1,,2,,,7,,1,4,,B03,120.579046,24.250166,3
2022,12,5,11,15,臺中市,太平區,0,0,0,8,,,50,,,,,,,,,,,,,,,12,,,,,B03,,,1,,2,,,12,,1,5,,B03,120.711708,24.12341,3
2022,12,5,11,25,臺中市,北屯區,0,1,0,8,1,5,50,4,1,1,5,4,5,7,4,4,10,5,5,2,16,6,2,9,1,1,C03,7,9,1,10,2,11,,6,6,1,21,8,C03,120.684579,24.170903,2
2022,12,5,11,25,臺中市,大里區,0,1,0,8,1,5,60,11,7,1,5,4,5,7,1,1,1,4,4,1,12,17,3,10,1,1,B12,7,9,1,8,2,2,,17,17,1,21,3,B12,120.689552,24.100999,2
2022,12,5,11,25,臺中市,梧棲區,0,0,0,8,,,60,,,,,,,,,,,,,,,7,,,,,B12,,,1,,2,,,7,,1,5,,B12,120.537103,24.252736,3
2022,12,5,11,35,臺中市,神岡區,0,1,0,8,1,5,50,4,1,1,5,4,5,7,1,1,10,5,5,2,17,16,2,9,1,1,C03,7,4,1,10,2,11,,16,16,1,22,9,C03,120.664966,24.26289,2
2022,12,5,11,37,臺中市,大雅區,0,2,0,8,1,5,50,3,1,1,5,4,5,7,4,4,10,5,5,2,17,6,2,8,1,1,F01,7,5,8,20,2,16,,6,6,1,22,8,F01,120.665193,24.233438,2
2022,12,5,11,37,臺中市,北屯區,0,1,0,8,1,5,25,11,9,1,5,4,5,7,4,4,1,5,5,1,20,43,2,9,1,1,B12,7,12,1,4,2,8,,43,43,1,10,4,B12,120.793,24.2055,2
2022,12,5,11,45,臺中市,太平區,0,0,0,8,,,50,,,,,,,,,,,,,,,23,,,,,B03,,,1,,2,,,23,,1,21,,B03,120.714652,24.14971,3
2022,12,5,11,51,臺中市,中區,0,0,0,8,1,5,50,4,2,1,5,4,5,7,1,1,5,5,5,2,21,23,,,,,B12,,,1,,1,,,23,,1,22,,B12,120.67556,24.141676,3
2022,12,5,11,51,臺中市,西區,0,2,0,8,1,5,50,3,2,1,5,4,5,7,4,4,5,4,4,2,12,17,2,9,1,1,F03,7,9,8,20,1,16,,17,17,1,18,8,F03,120.662098,24.136669,2
2022,12,5,11,52,臺中市,北屯區,0,1,0,8,1,8,50,4,1,1,5,4,5,7,2,1,3,4,4,1,16,6,3,10,1,1,B12,7,5,1,8,2,6,,6,6,1,21,8,B12,120.696208,24.167858,2
2022,12,5,11,53,臺中市,新社區,0,0,0,8,,,30,,,,,,,,,,,,,,,6,,,,,B03,,,1,,2,,,6,,1,22,,B03,120.80972,24.195488,3
2022,12,5,11,56,臺中市,西區,0,4,0,8,1,5,50,4,1,1,5,4,5,7,1,1,10,5,5,2,15,25,2,9,3,4,C03,7,9,1,10,2,12,,25,25,2,22,5,C03,120.675422,24.133556,2
2022,12,5,11,57,臺中市,北屯區,0,1,0,8,1,5,50,3,1,1,5,4,5,7,1,1,10,5,5,2,16,6,3,10,1,1,A41,7,11,1,1,2,2,,6,10,1,21,8,A41,120.72714,24.163976,2
2022,12,5,11,57,臺中市,豐原區,0,1,0,8,1,5,50,4,1,1,5,4,5,7,2,1,10,5,5,2,17,6,2,8,1,1,B03,7,5,1,8,2,2,,6,6,1,22,8,B03,120.727961,24.27598,2
2022,12,5,12,4,臺中市,和平區,0,0,0,8,,,50,,,,,,,,,,,,,,,26,,,,,B03,,,1,,1,,,26,26,1,5,,B03,120.900214,24.16767,3
2022,12,5,12,8,臺中市,龍井區,0,1,0,8,1,5,50,14,7,1,5,4,5,7,4,4,5,5,4,2,16,26,3,10,1,1,C03,7,5,1,10,2,12,,26,26,1,2,7,C03,120.588602,24.180715,2
2022,12,5,12,14,臺中市,梧棲區,0,0,0,8,,,40,,,,,,,,,,,,,,,23,,,,,B12,,,1,,2,,,23,,1,5,,B12,120.54265,24.247453,3
2022,12,5,12,15,臺中市,清水區,0,0,0,,,,30,,,,,,,,,,,,,,,12,,,,,B11,,,1,,1,,,12,,1,10,,B11,120.546709,24.271909,3
2022,12,5,12,20,臺中市,大肚區,0,0,0,8,,,50,,,,,,,,,,,,,,,23,,,,,B03,,,1,,2,,,23,,1,21,,B03,120.572124,24.155235,3
2022,12,5,12,24,臺中市,大肚區,0,0,0,,,,50,,,,,,,,,,,,,,,6,,,,,B12,,,1,,2,,,6,,1,6,,B12,120.547135,24.145622,3
2022,12,5,12,29,臺中市,梧棲區,0,0,0,8,,,30,,,,,,,,,,,,,,,8,,,,,B03,,,1,,2,,,8,,1,9,,B03,120.53062,24.257891,3
2022,12,5,12,30,臺中市,大雅區,0,1,0,8,1,5,30,3,1,1,5,4,5,7,3,1,5,5,5,1,16,6,3,10,1,1,C03,7,5,1,10,2,14,,6,6,1,22,8,C03,120.67092,24.226964,2
2022,12,5,12,44,臺中市,北屯區,0,1,0,8,1,5,50,14,8,1,5,4,5,7,4,4,5,4,4,2,16,23,2,9,1,1,C03,7,9,1,10,2,12,,23,23,1,20,8,C03,120.694,24.1664,2
2022,12,5,12,48,臺中市,北區,0,0,0,8,1,5,50,14,9,1,5,4,5,7,4,4,6,1,5,2,13,23,,,,,B03,,,1,,1,,,23,,1,22,,B03,120.670811,24.145593,3
2022,12,5,12,54,臺中市,沙鹿區,0,1,0,8,1,5,60,4,1,1,5,4,5,3,1,1,10,5,5,2,16,19,3,10,1,1,B03,7,1,1,3,2,5,,19,19,1,22,9,B03,120.574062,24.229745,2
2022,12,5,12,57,臺中市,西區,0,0,0,8,,,40,,,,,,,,,,,,,,,25,,,,,B12,,,1,,1,,,25,,1,22,,B12,120.673517,24.147762,3
2022,12,5,13,15,臺中市,大里區,0,0,0,8,,,50,,,,,,,,,,,,,,,19,,,,,B03,,,1,,2,,,19,,1,22,,B03,120.684196,24.107753,3
2022,12,5,13,19,臺中市,大里區,0,0,0,8,,,50,,,,,,,,,,,,,,,17,,,,,B12,,,1,,2,,,17,,1,22,,B12,120.678733,24.105271,3
2022,12,5,13,24,臺中市,大雅區,0,2,0,8,1,5,30,4,1,1,5,4,5,7,1,1,10,5,5,2,17,44,2,9,1,1,C03,7,9,1,10,2,11,,44,44,1,22,8,C03,120.664427,24.225923,2
2022,12,5,13,26,臺中市,北區,0,0,0,8,,,50,,,,,,,,,,,,,,,23,,,,,B03,,,1,,2,,,23,,1,5,,B03,120.676153,24.173555,3
2022,12,5,13,42,臺中市,清水區,0,0,0,8,,,60,,,,,,,,,,,,,,,16,,,,,B12,,,1,,2,,,16,,1,5,,B12,120.548627,24.279787,3
2022,12,5,13,48,臺中市,西區,0,0,0,8,,,50,,,,,,,,,,,,,,,12,,,,,B03,,,1,,1,,,12,,1,4,,B03,120.656226,24.139406,3
2022,12,5,13,50,臺中市,南區,0,0,0,8,3,5,50,14,9,1,5,4,5,7,4,4,5,4,5,2,17,23,3,10,1,1,B03,7,1,1,8,11,4,,23,23,1,20,8,B03,120.664744,24.121615,3
2022,12,5,13,53,臺中市,西區,0,2,0,8,1,5,50,4,1,1,4,4,5,7,4,4,10,5,5,2,15,6,2,9,1,1,C03,7,9,1,10,2,11,,6,6,1,21,8,C03,120.671971,24.147584,2
2022,12,5,13,57,臺中市,北屯區,0,1,0,8,1,5,50,4,2,1,5,4,5,7,2,1,10,5,5,2,21,23,2,9,1,1,B03,7,9,1,8,2,1,,23,23,1,21,8,B03,120.676275,24.184196,2
2022,12,5,13,58,臺中市,豐原區,0,0,0,8,,,50,,,,,,,,,,,,,,,16,,,,,C03,,,1,,2,,,16,,1,22,,C03,120.742328,24.263713,3
2022,12,5,14,0,臺中市,北區,0,0,0,8,,,50,,,,,,,,,,,,,,,23,,,,,B03,,,1,,2,,,23,,1,22,,B03,120.674406,24.164613,3
2022,12,5,14,0,臺中市,大甲區,0,0,0,8,1,5,50,14,9,1,5,4,5,7,4,4,10,5,5,2,14,12,3,10,1,1,B11,7,2,1,8,1,6,,12,12,1,9,1,B11,120.61358,24.334808,3
2022,12,5,14,11,臺中市,西區,0,2,1,8,1,5,50,4,1,1,5,4,5,7,1,1,10,5,5,2,15,25,2,7,3,4,B12,7,9,1,8,2,1,,25,25,1,21,8,B12,120.675422,24.133556,2
2022,12,5,14,12,臺中市,大里區,0,2,0,8,1,5,50,4,1,1,5,4,5,7,1,1,10,5,5,2,15,25,2,9,1,1,C03,7,1,1,10,2,14,,25,25,1,22,5,C03,120.674546,24.097851,2
2022,12,5,14,14,臺中市,大里區,0,1,0,8,1,5,50,4,1,1,5,4,5,7,4,4,5,5,5,2,15,6,3,10,3,4,C03,7,9,1,10,2,11,,6,6,1,22,9,C03,120.699283,24.103729,2
2022,12,5,14,14,臺中市,豐原區,0,0,0,8,,,30,,,,,,,,,,,,,,,23,,,,,B02,,,1,,2,,,23,,1,22,,B02,120.726288,24.277645,3
2022,12,5,14,15,臺中市,大安區,0,0,0,8,,,50,,,,,,,,,,,,,,,23,,,,,A12,,,1,,2,,,23,,1,21,,A12,120.590138,24.346079,3
2022,12,5,14,16,臺中市,西屯區,0,1,0,8,1,5,30,3,2,1,5,4,5,7,4,4,10,5,5,2,17,43,2,9,1,1,C03,7,9,1,10,2,11,,43,43,1,22,8,C03,120.647705,24.200918,2
2022,12,5,14,20,臺中市,霧峰區,0,0,0,8,,,50,,,,,,,,,,,,,,,9,,,,,B03,,,1,,2,,,9,,1,3,,B03,120.697537,24.056201,3
2022,12,5,14,25,臺中市,東區,0,0,0,8,,,50,,,,,,,,,,,,,,,7,,,,,A12,,,1,,2,,,7,,1,22,,A12,120.708428,24.134079,3
2022,12,5,14,25,臺中市,東區,0,0,0,8,,,50,,,,,,,,,,,,,,,6,,,,,B03,,,1,,2,,,6,,1,19,,B03,120.687286,24.141493,3
2022,12,5,14,51,臺中市,潭子區,0,1,0,8,1,5,50,4,1,1,5,4,5,7,3,1,5,4,4,2,15,6,2,9,1,1,C03,7,9,1,10,2,11,,6,6,1,22,8,C03,120.701795,24.192054,2
2022,12,5,15,0,臺中市,潭子區,0,0,0,8,,,30,,,,,,,,,,,,,,,12,,,,,,,,,,,,,67,12,1,,,,120.706426,24.212249,3
2022,12,5,15,0,臺中市,霧峰區,0,0,0,8,,,50,,,,,,,,,,,,,,,19,,,,,B03,,,1,,2,,,19,,1,22,,B03,120.700501,24.070779,3
2022,12,5,15,2,臺中市,太平區,0,0,0,8,,,80,,,,,,,,,,,,,,,23,,,,,B02,,,1,,2,,,23,,1,21,,B02,120.710725,24.141557,3
2022,12,5,15,3,臺中市,南區,0,0,0,8,1,5,30,14,9,1,5,4,5,7,4,4,10,5,5,2,17,40,3,10,2,1,B03,7,13,1,8,2,6,,40,40,1,5,8,B03,120.674397,24.129022,3
2022,12,5,15,12,臺中市,中區,0,1,0,8,1,5,50,14,9,1,5,4,5,7,4,4,5,5,5,2,17,42,3,10,3,4,B01,7,15,1,4,2,2,,42,42,1,10,5,B01,120.677869,24.143656,2
2022,12,5,15,17,臺中市,西區,0,1,0,8,1,5,50,3,1,1,5,4,5,7,1,1,10,5,5,2,16,7,3,10,1,1,B03,7,8,1,8,2,6,,7,7,1,4,5,B03,120.65887,24.156025,2
2022,12,5,15,17,臺中市,北區,0,0,0,7,1,5,50,15,9,1,5,4,5,7,4,4,8,4,5,2,12,23,,,,,B12,,,1,,1,,,23,,1,22,,B12,120.693561,24.153175,3
2022,12,5,15,20,臺中市,大甲區,0,0,0,8,,,50,,,,,,,,,,,,,,,19,,,,,B03,,,1,,1,,,19,,1,21,,B03,120.617078,24.348583,3
2022,12,5,15,23,臺中市,西區,0,1,0,7,1,5,50,4,1,1,5,4,5,7,4,4,10,5,5,2,13,16,2,9,1,1,C03,7,9,1,10,2,11,,16,16,1,21,8,C03,120.661568,24.138515,2
2022,12,5,15,30,臺中市,大里區,0,0,0,8,,,50,,,,,,,,,,,,,,,23,,,,,B03,,,1,,2,,,23,,1,22,,B03,120.676638,24.109091,3
2022,12,5,15,33,臺中市,西區,0,0,0,8,2,5,50,3,2,1,5,4,5,7,4,4,10,4,5,2,16,23,,,,,B03,,,1,,1,,,23,,1,22,,B03,120.661743,24.16016,3
2022,12,5,15,35,臺中市,南屯區,0,0,0,8,,,50,,,,,,,,,,,,,,,16,,,,,B03,,,1,,1,,,16,,1,22,,B03,120.626663,24.148702,3
2022,12,5,15,36,臺中市,北區,0,0,0,,,,50,,,,,,,,,,,,,,,23,,,,,B03,,,1,,11,,,23,,1,22,,B03,120.679073,24.171236,3
2022,12,5,15,38,臺中市,潭子區,0,0,0,8,,,30,,,,,,,,,,,,,,,23,,,,,B12,,,1,,2,,,23,,1,22,,B12,120.706859,24.216587,3
2022,12,5,15,38,臺中市,大雅區,0,0,0,8,,,50,,,,,,,,,,,,,,,16,,,,,B12,,,1,,2,,,16,,1,22,,B12,120.667474,24.215755,3
2022,12,5,15,39,臺中市,清水區,0,1,0,8,1,5,50,4,1,1,5,4,5,7,1,1,10,5,5,2,16,4,2,8,1,1,C03,7,1,1,10,2,12,,4,4,1,19,5,C03,120.560118,24.268435,2
2022,12,5,15,40,臺中市,西屯區,0,0,0,8,,,50,,,,,,,,,,,,,,,17,,,,,A11,,,1,,1,,,17,,1,21,,A11,120.624066,24.177588,3
2022,12,5,15,42,臺中市,太平區,0,0,0,8,,,50,,,,,,,,,,,,,,,23,,,,,B12,,,1,,11,,,23,,1,21,,B12,120.724607,24.133861,3
2022,12,5,15,50,臺中市,南區,0,2,0,8,1,5,50,4,1,1,5,4,5,7,1,1,10,5,5,2,15,25,2,9,1,1,C03,7,9,1,10,2,12,,25,25,1,22,8,C03,120.675166,24.126474,2
2022,12,5,15,50,臺中市,南屯區,0,1,0,8,1,5,30,14,9,1,5,4,5,7,4,4,10,5,5,2,18,23,2,8,1,1,C03,7,1,1,10,2,14,,23,23,1,22,9,C03,120.624291,24.114597,2
2022,12,5,15,57,臺中市,北屯區,0,1,0,8,1,5,30,14,9,1,5,4,5,7,4,4,10,5,5,2,13,16,2,9,1,1,C03,7,9,1,10,2,11,12,16,16,1,5,8,C03,120.695911,24.184828,2
2022,12,5,16,0,臺中市,北區,0,0,0,8,,,40,,,,,,,,,,,,,,,19,,,,,B12,,,1,,2,,,19,,1,22,,B12,120.690003,24.152656,4
2022,12,5,16,0,臺中市,霧峰區,0,0,0,8,,,30,,,,,,,,,,,,,,,44,,,,,C03,,,1,,11,,,44,,1,4,,C03,120.687004,24.043356,3
2022,12,5,16,4,臺中市,南屯區,0,0,0,8,,,50,,,,,,,,,,,,,,,42,,,,,C03,,,1,,1,,,42,,1,22,,C03,120.645751,24.153381,3
2022,12,5,16,23,臺中市,北屯區,0,0,0,8,,,50,,,,,,,,,,,,,,,23,,,,,B03,,,1,,1,,,23,16,1,5,,B03,120.686129,24.172295,3
2022,12,5,16,25,臺中市,豐原區,0,0,0,8,,,50,,,,,,,,,,,,,,,17,,,,,B03,,,1,,2,,,17,17,1,21,,B03,120.745238,24.265147,3
2022,12,5,16,30,臺中市,南區,0,1,0,8,2,5,50,4,1,1,5,4,5,7,1,1,10,5,5,2,17,26,2,8,1,1,C03,7,5,1,10,2,14,,26,26,1,22,8,C03,120.681982,24.122355,2
2022,12,5,16,34,臺中市,北區,0,0,0,8,,,50,,,,,,,,,,,,,,,23,,,,,B03,,,1,,1,,,23,,1,21,,B03,120.675084,24.148991,3
2022,12,5,16,35,臺中市,潭子區,0,0,0,8,,,50,,,,,,,,,,,,,,,6,,,,,B03,,,1,,2,,,6,6,1,22,,B03,120.69872,24.192176,3
2022,12,5,16,36,臺中市,東區,0,1,0,8,1,5,50,5,1,1,5,4,5,7,1,1,10,5,5,2,16,6,3,10,1,1,B03,7,6,1,8,2,4,,6,6,1,21,8,B03,120.694346,24.140931,2
2022,12,5,16,40,臺中市,石岡區,0,0,0,,,,50,,,,,,,,,,,,,,,17,,,,,B03,,,1,,2,,,17,17,1,22,,B03,120.80156,24.268304,3
2022,12,5,16,45,臺中市,西區,0,1,0,8,1,5,50,4,1,1,5,4,5,7,1,1,10,5,5,2,17,6,3,10,3,4,B03,7,5,1,8,2,8,,6,6,1,22,5,B03,120.672448,24.140243,2
2022,12,5,16,46,臺中市,大甲區,0,1,0,8,1,5,30,3,2,1,5,4,5,7,4,4,10,5,5,2,17,23,3,10,1,1,C03,7,1,1,10,2,11,,23,23,1,21,8,C03,120.655153,24.391031,2
2022,12,5,16,47,臺中市,太平區,0,0,0,8,,,50,,,,,,,,,,,,,,,23,,,,,F06,,,8,,2,,,23,,1,22,,F06,120.729375,24.107119,3
2022,12,5,16,50,臺中市,霧峰區,0,2,0,8,1,5,30,11,9,1,5,4,5,7,4,4,10,5,5,2,11,5,2,8,1,1,C03,7,9,1,10,2,14,,5,5,1,22,8,C03,120.708646,24.074054,2
2022,12,5,16,52,臺中市,太平區,0,0,0,8,,,50,,,,,,,,,,,,,,,19,,,,,B12,,,1,,1,,,1,19,1,3,,B12,120.725915,24.133592,3
2022,12,5,16,55,臺中市,清水區,0,0,0,8,,,50,,,,,,,,,,,,,,,12,,,,,B03,,,1,,2,,,12,,1,21,,B03,120.574761,24.271306,3
2022,12,5,17,4,臺中市,大甲區,0,0,0,8,,,50,,,,,,,,,,,,,,,6,,,,,B03,,,1,,2,,,6,,1,5,,B03,120.627577,24.350605,3
2022,12,5,17,5,臺中市,北屯區,0,0,0,8,,,40,,,,,,,,,,,,,,,23,,,,,B03,,,1,8,1,,,23,23,1,21,,B03,120.718913,24.16126,3
2022,12,5,17,7,臺中市,西區,0,2,0,8,2,5,50,14,9,1,5,4,5,7,4,4,9,4,5,2,16,26,2,9,1,1,C03,7,11,1,10,2,11,,26,26,1,5,8,C03,120.655558,24.146887,2
2022,12,5,17,10,臺中市,中區,0,0,0,8,2,5,50,4,2,1,5,4,5,7,1,1,10,4,5,2,16,18,,,,,C03,,,1,,2,,,18,,1,22,,C03,120.679146,24.138606,3
2022,12,5,17,10,臺中市,南區,0,0,0,,,,40,,,,,,,,,,,,,,,23,,,,,F01,,,8,,2,,,23,,1,22,,F01,120.667938,24.114333,3
2022,12,5,17,13,臺中市,龍井區,0,2,0,8,1,5,30,4,1,1,5,4,5,7,4,4,10,5,5,2,16,6,2,8,3,4,C03,7,9,1,10,2,12,,6,6,1,9,1,C03,120.529868,24.187876,2
2022,12,5,17,15,臺中市,潭子區,0,1,0,8,2,5,40,4,1,1,5,4,5,7,3,1,1,5,5,2,15,6,3,10,1,1,B03,7,9,1,8,2,5,,6,6,1,22,8,B03,120.702868,24.206716,2
2022,12,5,17,15,臺中市,龍井區,0,1,0,8,3,5,50,14,9,1,5,4,5,7,4,4,9,5,5,1,10,16,3,10,1,1,B03,7,4,1,8,2,8,,16,16,1,22,9,B03,120.584827,24.188299,2
2022,12,5,17,16,臺中市,豐原區,0,0,0,8,,,50,,,,,,,,,,,,,,,16,,,,,B03,,,1,,2,,,16,16,1,22,,B03,120.731261,24.249697,3
2022,12,5,17,17,臺中市,北屯區,0,1,0,8,2,5,50,3,1,1,5,4,5,7,3,1,10,5,5,2,16,6,3,10,1,1,B03,7,6,1,8,2,4,,6,6,1,5,8,B03,120.68217,24.19273,2
2022,12,5,17,22,臺中市,西屯區,0,2,0,8,3,5,50,14,7,1,5,4,5,7,4,4,7,4,5,2,13,23,2,8,3,4,B03,7,9,3,18,3,1,,23,23,1,22,8,B03,120.637551,24.178768,2
2022,12,5,17,23,臺中市,北屯區,0,0,0,8,,,50,,,,,,,,,,,,,,,23,,,,,B03,,,1,8,1,,,23,23,1,21,,B03,120.705646,24.164669,3
2022,12,5,17,23,臺中市,后里區,0,0,0,8,,,50,,,,,,,,,,,,,,,25,,,,,C03,,,1,,2,,,25,,1,22,,C03,120.69756,24.310495,3
2022,12,5,17,24,臺中市,北屯區,0,1,0,8,3,5,50,4,1,1,5,4,5,7,2,1,10,5,5,2,16,25,2,9,1,1,C03,7,9,1,10,2,14,,25,25,1,22,8,C03,120.70563,24.164858,2
2022,12,5,17,24,臺中市,豐原區,0,1,0,8,3,5,50,5,1,1,5,4,5,7,1,1,10,5,5,2,12,1,3,10,1,1,B03,7,5,1,8,2,2,,1,1,1,21,8,B03,120.709091,24.248552,2
2022,12,5,17,25,臺中市,龍井區,0,1,0,8,3,5,40,14,8,1,5,4,5,7,4,4,3,5,3,1,17,23,3,10,1,1,C03,7,9,1,10,2,15,,44,23,1,22,8,C03,120.586221,24.185763,2
2022,12,5,17,27,臺中市,大雅區,0,0,0,8,,,30,,,,,,,,,,,,,,,12,,,,,B03,,,1,,2,,,12,,1,22,,B03,120.663622,24.207074,3
2022,12,5,17,28,臺中市,烏日區,0,0,0,8,,,40,,,,,,,,,,,,,,,23,,,,,C03,,,4,,2,,,23,,1,21,,C03,120.607036,24.125307,3
2022,12,5,17,32,臺中市,東區,0,1,0,8,3,5,50,5,1,1,5,4,5,7,1,1,10,5,5,2,17,25,3,10,1,1,C03,7,9,1,10,2,11,,25,25,1,5,8,C03,120.692433,24.140548,2
2022,12,5,17,35,臺中市,南屯區,0,0,0,8,,,50,,,,,,,,,,,,,,,19,,,,,B01,,,1,,2,,,19,,1,22,,B01,120.647065,24.149596,3