年,月,日,時,分,縣市,區,死,受傷,2-30,天候,光線,道路類別,速限,道路型態,事故位置,路面鋪裝,路面狀態,路面缺陷,障礙物,視距,號誌種類,號誌動作,分向設施,快車道或一般車道間,快慢車道間,路面邊線,事故類型及型態,主要肇因,受傷程度,主要傷處,保護裝備,行動電話,當事者區分,車輛用途,當事者行動狀態,駕駛資格情形,駕駛執照種類,飲酒情形,車輛撞擊部位最初,車輛撞擊部位其他,肇事因素個別,肇事因素主要,肇事逃逸,職業,旅次目的,車種,GPS緯度,GPS經度,事故類別
2022,12,5,17,38,臺中市,西區,0,1,0,8,3,5,40,14,8,1,5,4,5,7,4,4,3,4,3,2,18,42,2,9,3,4,C03,7,9,1,10,2,14,11,42,42,1,22,5,C03,120.662339,24.15543,2
2022,12,5,17,39,臺中市,神岡區,0,1,0,8,4,5,50,14,9,1,5,4,5,7,4,4,9,4,4,2,27,66,,,,,,,,,,,,,66,66,1,,,,120.65572,24.259416,2
2022,12,5,17,40,臺中市,南屯區,0,0,0,8,,,50,,,,,,,,,,,,,,,12,,,,,B03,,,1,,1,,,12,,1,22,,B03,120.612977,24.145184,3
2022,12,5,17,40,臺中市,大里區,0,2,0,8,3,5,50,4,1,1,5,4,5,7,1,1,10,5,5,1,16,6,2,9,1,1,F03,7,5,8,20,2,16,,6,6,1,4,8,F03,120.709059,24.082369,2
2022,12,5,17,41,臺中市,北區,0,2,0,8,3,5,40,3,1,1,5,4,5,7,1,1,1,4,4,2,16,25,2,9,1,1,C03,7,9,3,18,2,11,,25,25,1,5,5,C03,120.672532,24.168784,2
2022,12,5,17,43,臺中市,中區,0,0,0,,,,50,,,,,,,,,,,,,,,19,,,,,B03,,,1,,2,,,19,,1,22,,B03,120.683609,24.141298,3
2022,12,5,17,43,臺中市,西屯區,0,1,0,8,3,5,50,4,1,1,5,4,5,7,3,1,10,5,5,2,11,6,3,10,1,1,B03,7,5,1,8,2,8,,6,6,1,22,8,B03,120.626732,24.180206,2
2022,12,5,17,45,臺中市,潭子區,0,2,0,8,3,5,50,14,9,1,5,4,5,7,4,4,8,3,5,1,17,6,2,7,1,1,F03,7,11,8,20,2,16,,6,6,1,22,8,F03,120.713938,24.22954,2
2022,12,5,17,45,臺中市,北屯區,0,0,0,8,,,30,,,,,,,,,,,,,,,16,,,,,C03,,,1,,2,,,16,,1,5,,C03,120.699525,24.19151,3
2022,12,5,17,45,臺中市,神岡區,0,0,0,8,,,50,,,,,,,,,,,,,,,7,,,,,A12,,,1,,2,,,7,,1,22,,A12,120.692077,24.248222,3
2022,12,5,17,49,臺中市,西區,0,0,0,8,,,50,,,,,,,,,,,,,,,8,,,,,B12,,,1,,2,,,8,,1,21,,B12,120.676936,24.135079,3
2022,12,5,17,53,臺中市,潭子區,0,1,0,8,1,5,50,4,1,1,5,4,5,7,1,1,5,4,4,2,17,6,3,10,1,1,C03,7,5,1,10,2,11,,6,6,1,22,8,C03,120.678911,24.204479,2
2022,12,5,17,55,臺中市,太平區,0,1,0,8,3,5,50,3,1,1,5,4,5,7,3,1,10,5,5,1,16,6,3,10,1,1,C03,7,5,1,10,2,14,,6,6,1,4,8,C03,120.731864,24.113622,2
2022,12,5,17,57,臺中市,大里區,0,1,0,8,3,5,50,4,1,1,5,4,5,7,1,1,10,5,5,2,16,25,3,10,1,1,C03,7,9,3,18,2,11,,25,25,1,22,8,C03,120.708812,24.086731,2
2022,12,5,17,57,臺中市,豐原區,0,0,0,8,,,50,,,,,,,,,,,,,,,7,,,,,B03,,,1,,2,,,7,,1,21,,B03,120.759215,24.276775,3
2022,12,5,17,58,臺中市,北屯區,0,2,0,8,1,5,50,14,7,1,5,4,5,7,4,4,1,4,4,2,13,16,2,9,1,1,C03,7,15,1,10,2,11,,16,16,1,5,8,C03,120.685668,24.178068,2
2022,12,5,17,58,臺中市,豐原區,0,1,0,8,3,5,50,5,1,1,5,4,5,7,1,1,1,3,4,1,13,23,2,9,1,1,C03,7,9,1,10,2,11,,23,23,1,22,5,C03,120.703126,24.23797,2
2022,12,5,17,59,臺中市,大雅區,0,1,0,8,4,5,50,3,5,1,5,4,5,7,4,4,5,5,5,1,16,19,3,10,1,1,B03,7,1,1,8,2,5,,19,19,1,22,9,B03,120.644605,24.225282,2
2022,12,5,18,0,臺中市,梧棲區,0,1,0,8,3,5,30,14,9,1,5,4,5,7,4,4,10,5,5,1,11,42,2,9,1,1,C03,7,9,1,10,2,11,,42,42,1,5,3,C03,120.548134,24.260644,2
2022,12,5,18,2,臺中市,太平區,0,1,0,8,3,5,50,3,1,1,5,4,5,7,4,4,10,5,5,2,16,23,3,10,1,1,B03,7,5,1,8,2,8,,23,23,1,22,5,B03,120.717353,24.130295,2
2022,12,5,18,3,臺中市,北區,0,0,0,,,,50,,,,,,,,,,,,,,,23,,,,,C03,,,1,,2,,,23,,1,22,,C03,120.668708,24.155886,3
2022,12,5,18,6,臺中市,中區,0,1,0,8,3,5,50,4,2,1,5,4,5,7,1,1,5,4,5,2,18,43,2,9,1,1,C04,7,9,1,11,2,15,,43,43,1,22,9,C04,120.685695,24.143194,2
2022,12,5,18,6,臺中市,豐原區,0,0,0,8,,,50,,,,,,,,,,,,,,,12,,,,,B12,,,1,,2,,,12,,1,22,,B12,120.727881,24.254885,3
2022,12,5,18,8,臺中市,大雅區,0,0,0,8,,,50,,,,,,,,,,,,,,,16,,,,,C03,,,1,,2,,,16,,1,22,,C03,120.653236,24.217597,3
2022,12,5,18,10,臺中市,潭子區,0,1,0,8,3,5,60,4,1,1,5,4,5,7,1,1,1,4,4,1,16,25,3,10,1,1,B03,7,5,1,4,2,4,,25,25,1,22,8,B03,120.705022,24.207144,2
2022,12,5,18,10,臺中市,北屯區,0,0,0,8,,,30,,,,,,,,,,,,,,,16,,,,,C03,,,1,10,1,,,16,16,1,21,,C03,120.664397,24.200744,3
2022,12,5,18,10,臺中市,西屯區,0,0,0,,,,1,,,,,,,,,,,,,,,19,,,,,B03,,,1,,1,,,19,,1,22,,B03,120.606503,24.191765,3
2022,12,5,18,19,臺中市,太平區,0,0,0,8,,,50,,,,,,,,,,,,,,,23,,,,,C03,,,1,,2,,,23,,1,18,,C03,120.727041,24.145548,3
2022,12,5,18,23,臺中市,東區,0,2,0,8,3,5,50,4,7,1,5,4,5,7,1,1,5,5,4,2,17,42,2,9,1,1,C03,7,5,1,8,2,11,,42,42,1,22,8,C03,120.696518,24.127215,2
2022,12,5,18,25,臺中市,西屯區,0,1,0,8,3,5,50,3,7,1,5,4,5,7,2,1,5,4,4,2,13,23,2,9,1,1,C03,7,9,1,10,1,11,,23,23,1,22,8,C03,120.63344,24.169907,2
2022,12,5,18,26,臺中市,北區,0,0,0,8,,,50,,,,,,,,,,,,,,,17,,,,,B02,,,1,,1,,,17,,1,5,,B02,120.673773,24.165153,3
2022,12,5,18,27,臺中市,北屯區,0,0,0,8,,,50,,,,,,,,,,,,,,,12,,,,,B03,,,1,,1,,,12,,1,5,,B03,120.70076,24.167876,3
2022,12,5,18,27,臺中市,豐原區,0,0,0,8,,,50,,,,,,,,,,,,,,,16,,,,,B03,,,1,,2,,,16,,1,21,,B03,120.747719,24.266761,3
2022,12,5,18,28,臺中市,北屯區,0,2,0,8,3,5,50,4,1,1,5,4,5,7,2,1,10,5,5,2,11,19,2,8,1,1,C03,7,1,1,10,1,13,,19,19,1,5,8,C03,120.690448,24.173976,2
2022,12,5,18,29,臺中市,西屯區,0,2,0,8,2,5,50,14,9,1,5,4,5,7,4,4,5,4,5,2,13,16,2,8,1,1,C03,7,9,1,10,2,11,,16,16,1,18,8,C03,120.612248,24.190738,2
2022,12,5,18,29,臺中市,龍井區,0,1,0,8,3,5,60,14,7,1,5,4,5,7,4,4,1,4,4,2,13,23,2,1,3,4,B03,7,9,1,8,2,1,,23,23,1,8,1,B03,120.519561,24.197306,2
2022,12,5,18,30,臺中市,西屯區,0,0,0,8,,,1,,,,,,,,,,,,,,,23,,,,,C03,,,1,,1,,,23,,1,22,,C03,120.641233,24.160098,3
2022,12,5,18,32,臺中市,大雅區,0,2,0,8,4,5,60,3,1,1,5,4,5,7,1,1,3,4,4,1,16,10,3,10,1,1,B03,7,11,1,8,2,2,,10,10,1,22,9,B03,120.633246,24.237898,2
2022,12,5,18,32,臺中市,北屯區,0,0,0,8,,,50,,,,,,,,,,,,,,,23,,,,,B03,,,1,,1,,,23,23,1,22,,B03,120.667173,24.173445,3
2022,12,5,18,33,臺中市,東區,0,1,0,8,2,5,40,4,1,1,5,4,5,7,2,1,10,5,5,2,18,23,2,9,1,1,C03,7,9,1,10,2,12,,23,23,1,21,8,C03,120.690163,24.131725,2
2022,12,5,18,34,臺中市,太平區,0,0,0,8,,,50,,,,,,,,,,,,,,,12,,,,,B12,,,1,,11,,,12,,1,21,,B12,120.716195,24.113506,3
2022,12,5,18,35,臺中市,太平區,0,0,0,8,,,50,,,,,,,,,,,,,,,16,,,,,C03,,,1,,2,,,16,,1,18,,C03,120.725057,24.143568,3
2022,12,5,18,39,臺中市,西屯區,0,1,0,8,3,5,40,14,8,1,5,4,5,7,4,4,8,5,4,2,16,19,3,10,1,1,B03,7,1,1,8,2,8,,19,19,1,22,8,B03,120.612052,24.193039,2
2022,12,5,18,41,臺中市,西區,0,2,0,8,3,5,50,5,1,1,5,4,5,7,1,1,10,5,5,2,16,26,2,9,1,1,C03,7,5,6,18,2,11,,26,26,1,22,8,C03,120.67253,24.131787,2
2022,12,5,18,41,臺中市,太平區,0,1,0,8,3,5,50,4,2,1,5,4,5,7,1,1,5,4,5,1,16,25,3,10,1,1,B03,7,9,1,6,2,4,,25,25,1,22,5,B03,120.713181,24.124619,2
2022,12,5,18,43,臺中市,烏日區,0,1,0,8,3,5,50,14,7,1,5,4,5,7,4,4,5,5,4,1,16,10,3,10,3,4,B03,7,11,1,8,2,4,,10,10,1,21,9,B03,120.619296,24.10661,2
2022,12,5,18,44,臺中市,北屯區,0,0,0,8,,,50,,,,,,,,,,,,,,,23,,,,,B03,,,1,8,1,,,23,23,1,21,,B03,120.686601,24.202127,3
2022,12,5,19,0,臺中市,南屯區,0,0,0,,,,50,,,,,,,,,,,,,,,16,,,,,C03,,,1,,1,,,16,,1,22,,C03,120.646536,24.134684,3
2022,12,5,19,10,臺中市,南區,0,1,0,8,3,5,50,4,2,1,5,4,5,7,1,1,10,5,5,2,29,67,,,,,,,,,,,,,67,67,1,,,,120.670072,24.117155,2
2022,12,5,19,12,臺中市,太平區,0,0,0,8,,,50,,,,,,,,,,,,,,,6,,,,,B12,,,1,,2,,,8,38,1,3,,B12,120.721993,24.123798,3
2022,12,5,19,15,臺中市,北屯區,0,0,0,8,,,50,,,,,,,,,,,,,,,16,,,,,B02,,,1,,1,,,16,,1,22,,B02,120.668425,24.175368,3
2022,12,5,19,15,臺中市,太平區,0,0,0,8,,,50,,,,,,,,,,,,,,,42,,,,,B03,,,1,,2,,,42,,1,4,,B03,120.710557,24.139459,3
2022,12,5,19,21,臺中市,豐原區,0,0,0,8,,,50,,,,,,,,,,,,,,,16,,,,,B03,,,1,,2,,,16,16,1,22,,B03,120.718948,24.243416,3
2022,12,5,19,25,臺中市,豐原區,0,0,0,8,,,50,,,,,,,,,,,,,,,1,,,,,B03,,,1,,2,,,1,,1,21,,B03,120.720615,24.251648,3
2022,12,5,19,35,臺中市,南區,0,1,0,8,3,5,50,4,1,1,5,4,5,7,1,1,10,5,5,2,3,15,3,10,1,1,B03,7,6,1,8,2,2,,15,15,1,22,8,B03,120.670752,24.114803,2
2022,12,5,19,39,臺中市,大甲區,0,2,0,8,3,5,70,3,2,1,5,4,5,7,1,1,1,4,4,1,13,42,3,10,1,1,B12,7,6,1,8,2,3,,42,42,1,21,8,B12,120.64299,24.4079,2
2022,12,5,19,40,臺中市,大里區,0,2,0,8,3,5,60,14,8,1,5,4,5,7,4,4,1,4,4,2,17,6,3,10,1,1,B03,7,6,1,8,2,8,,6,6,1,22,9,B03,120.664121,24.107643,2
2022,12,5,19,41,臺中市,北區,0,2,0,8,3,5,50,3,1,1,5,4,5,7,1,1,10,5,5,2,17,25,2,9,2,1,F01,7,5,8,20,2,16,,25,25,1,5,8,F01,120.694418,24.159898,2
2022,12,5,19,43,臺中市,北屯區,0,1,0,8,3,5,50,4,1,1,5,4,5,7,1,1,10,5,5,2,17,25,3,10,1,1,B03,7,9,1,8,2,15,,25,25,1,5,8,B03,120.683771,24.180366,2
2022,12,5,19,48,臺中市,大甲區,0,0,0,,,,50,,,,,,,,,,,,,,,23,,,,,B03,,,1,,2,,,23,,1,22,,B03,120.646158,24.372739,3
2022,12,5,19,50,臺中市,南區,0,1,0,8,3,5,50,4,1,1,5,4,5,7,1,1,10,5,5,2,16,6,3,10,1,1,B03,7,6,1,8,2,2,,6,6,1,22,8,B03,120.658228,24.117583,2
2022,12,5,19,51,臺中市,南屯區,0,0,0,8,,,50,,,,,,,,,,,,,,,12,,,,,B03,,,1,,1,,,12,,1,22,,B03,120.652103,24.156788,3
2022,12,5,19,51,臺中市,西屯區,0,0,0,8,,,50,,,,,,,,,,,,,,,23,,,,,B03,,,1,,2,,,23,,1,21,,B03,120.643525,24.195728,3
2022,12,5,19,51,臺中市,沙鹿區,0,1,0,8,3,5,50,14,7,1,5,4,5,7,4,4,4,3,5,1,17,10,2,9,1,1,C03,7,9,1,10,6,11,,44,10,1,9,9,C03,120.562158,24.232981,2
2022,12,5,20,0,臺中市,西區,0,1,0,8,3,5,50,14,8,1,5,4,5,7,4,4,5,4,4,2,13,16,2,9,1,1,C03,7,9,1,10,2,11,,16,16,1,22,9,C03,120.661453,24.138574,2
2022,12,5,20,6,臺中市,豐原區,0,1,0,8,3,5,50,3,1,1,5,4,5,7,1,1,5,4,4,2,16,6,3,10,1,1,B03,7,5,1,4,2,1,,6,6,1,22,8,B03,120.698221,24.245256,2
2022,12,5,20,12,臺中市,中區,0,0,0,8,,,50,,,,,,,,,,,,,,,16,,,,,B12,,,1,,2,,,16,,1,21,,B12,120.685656,24.138778,3
2022,12,5,20,16,臺中市,西區,0,1,0,8,3,5,50,4,1,1,5,4,5,7,4,4,10,5,5,2,17,23,3,10,3,4,B03,7,9,1,8,2,4,,23,23,1,22,5,B03,120.656643,24.156329,2
2022,12,5,20,20,臺中市,霧峰區,0,0,0,8,,,50,,,,,,,,,,,,,,,23,,,,,C03,,,1,,2,,,23,,1,22,,C03,120.699295,24.068303,3
2022,12,5,20,22,臺中市,北屯區,0,2,0,8,3,5,50,14,9,1,5,4,5,7,4,4,5,5,5,2,13,16,2,8,1,1,C03,7,9,1,10,2,11,,16,16,1,22,8,C03,120.66795,24.17451,2
2022,12,5,20,30,臺中市,北屯區,0,1,0,8,3,5,50,14,9,1,5,4,5,7,4,4,1,4,5,2,17,40,3,10,1,1,B03,7,13,1,8,2,4,,40,40,1,5,8,B03,120.727202,24.16627,2
2022,12,5,20,30,臺中市,大里區,0,2,0,8,3,5,50,14,9,1,5,4,5,7,4,4,5,5,5,1,17,38,3,10,1,1,C03,7,15,1,10,2,13,,38,38,1,22,8,C03,120.667453,24.108645,2
2022,12,5,20,31,臺中市,東勢區,0,1,0,8,1,5,50,14,9,1,5,4,5,7,4,4,5,5,5,1,12,1,3,10,3,4,B12,7,15,1,7,3,15,,1,1,1,21,8,B12,120.830239,24.25128,2
2022,12,5,20,33,臺中市,清水區,0,0,0,8,,,30,,,,,,,,,,,,,,,6,,,,,B03,,,1,,2,,,6,,1,5,,B03,120.56221,24.276063,3
2022,12,5,20,41,臺中市,大甲區,0,1,0,8,3,5,50,4,1,1,5,4,5,7,3,1,10,5,5,2,15,6,2,9,1,1,C03,7,9,1,10,2,12,,6,6,1,21,8,C03,120.62452,24.34631,2
2022,12,5,20,51,臺中市,西區,0,3,0,8,3,5,40,5,1,1,5,4,5,7,1,1,10,5,5,2,17,27,2,9,3,4,C03,7,15,1,10,2,14,,27,27,1,21,8,C03,120.668639,24.132001,2
2022,12,5,20,51,臺中市,北屯區,0,2,0,8,3,5,50,14,7,1,5,4,5,7,4,4,5,5,4,2,17,23,2,9,3,4,C03,7,9,1,10,2,11,,23,23,1,21,8,C03,120.677539,24.176858,2
2022,12,5,20,55,臺中市,西屯區,0,0,0,8,,,50,,,,,,,,,,,,,,,23,,,,,B03,,,1,,2,,,23,23,1,22,,B03,120.589113,24.175378,3
2022,12,5,20,55,臺中市,太平區,0,2,0,8,3,5,40,14,9,1,5,4,5,7,4,4,5,4,5,2,29,42,2,9,1,1,C03,7,9,1,10,2,12,,42,42,1,18,8,C03,120.703004,24.119504,2
2022,12,5,20,59,臺中市,烏日區,0,0,0,8,,,50,,,,,,,,,,,,,,,19,,,,,B03,,,1,,2,,,19,,1,4,,B03,120.618368,24.10427,3
2022,12,5,21,0,臺中市,沙鹿區,0,1,0,8,1,5,60,14,9,1,5,4,5,7,4,4,1,4,5,1,16,9,3,10,1,1,B03,7,6,1,8,2,2,,9,9,1,3,5,B03,120.561993,24.24081,2
2022,12,5,21,10,臺中市,沙鹿區,0,1,0,8,3,5,50,3,1,1,5,4,5,7,4,4,10,5,5,2,16,6,3,10,1,1,B12,7,5,1,8,2,8,,6,6,1,3,9,B12,120.56615,24.234799,2
2022,12,5,21,10,臺中市,新社區,0,0,0,8,,,50,,,,,,,,,,,,,,,12,,,,,B03,,,1,,2,,,12,,1,21,,B03,120.796043,24.216904,3
2022,12,5,21,23,臺中市,東區,0,1,0,8,3,5,50,14,9,1,5,4,5,7,4,4,9,5,5,2,17,10,3,10,1,1,B11,7,11,1,8,2,7,,10,10,1,5,8,B11,120.698945,24.134093,2
2022,12,5,21,26,臺中市,豐原區,0,3,0,8,3,5,50,5,1,1,5,4,5,7,1,1,10,5,5,2,16,6,2,9,1,1,C03,7,5,1,10,2,12,,6,6,1,21,8,C03,120.719198,24.248284,2
2022,12,5,21,30,臺中市,沙鹿區,0,2,0,8,3,5,50,14,8,1,5,4,5,7,4,4,1,3,4,1,13,16,2,9,1,1,C03,7,9,1,10,2,11,,16,16,1,18,8,C03,120.573418,24.231398,2
2022,12,5,21,32,臺中市,北區,0,0,0,8,,,50,,,,,,,,,,,,,,,7,,,,,B03,,,1,,1,,,7,,1,21,,B03,120.682529,24.146117,3
2022,12,5,21,32,臺中市,梧棲區,0,0,0,8,,,50,,,,,,,,,,,,,,,12,,,,,B12,,,1,,1,,,12,,1,11,,B12,120.537001,24.25232,3
2022,12,5,21,42,臺中市,北屯區,0,2,0,8,3,5,50,4,1,1,5,4,5,7,4,4,10,5,5,2,15,6,3,10,1,1,B03,7,9,1,8,2,1,,6,6,1,5,8,B03,120.725161,24.157906,2
2022,12,5,21,44,臺中市,西區,0,1,0,8,3,5,50,4,1,1,5,4,5,7,1,1,5,5,4,2,16,26,3,10,1,1,B03,7,5,1,8,2,8,,26,26,1,22,8,B03,120.655012,24.144999,2
2022,12,5,21,50,臺中市,東區,0,1,0,8,1,5,50,3,1,1,5,4,5,7,4,4,10,5,5,2,18,23,2,9,1,1,C03,7,5,1,11,2,11,,23,23,1,22,8,C03,120.694335,24.144138,2
2022,12,5,21,50,臺中市,北屯區,0,1,0,8,3,5,50,4,1,1,5,4,5,7,2,1,10,5,5,2,13,16,2,8,1,1,C03,7,9,2,18,2,11,,16,16,1,16,2,C03,120.685494,24.173358,2
2022,12,5,21,53,臺中市,南區,0,1,0,8,3,5,50,4,2,1,5,4,5,7,2,1,10,5,5,2,13,23,3,10,1,1,B03,7,9,1,8,2,1,,23,23,1,21,8,B03,120.679299,24.127134,2
2022,12,5,21,59,臺中市,北屯區,0,2,0,8,3,5,50,4,1,1,5,4,5,7,3,1,10,5,5,2,15,6,2,9,3,4,C03,7,9,1,10,2,12,,6,6,1,21,8,C03,120.687562,24.190494,2
2022,12,5,22,0,臺中市,沙鹿區,0,2,0,8,3,5,50,5,1,1,5,4,5,7,4,4,10,5,5,2,16,42,2,7,1,1,C03,7,5,1,10,2,14,,42,42,1,18,5,C03,120.571739,24.226467,2
2022,12,5,22,8,臺中市,北區,0,1,0,8,3,5,50,4,1,1,5,4,5,7,4,4,5,5,5,2,16,19,3,10,1,1,B03,7,1,1,8,2,8,,19,19,1,21,8,B03,120.677628,24.158773,2
2022,12,5,22,8,臺中市,豐原區,0,0,0,8,,,50,,,,,,,,,,,,,,,16,,,,,B12,,,1,,2,,,16,,1,21,,B12,120.699206,24.248641,3
2022,12,5,22,20,臺中市,大里區,0,1,0,8,3,5,50,14,9,1,5,4,5,7,4,4,5,5,5,1,17,18,3,10,1,1,B03,7,3,1,8,2,8,,18,18,1,4,8,B03,120.708931,24.082605,2
2022,12,5,22,23,臺中市,西區,0,2,0,8,3,5,50,4,1,1,5,4,5,7,1,1,10,5,5,2,3,15,3,10,3,4,B03,7,5,1,8,2,1,,15,15,1,21,8,B03,120.669792,24.143996,2
2022,12,5,22,24,臺中市,西屯區,0,1,0,8,1,5,50,14,8,1,5,4,5,7,4,4,1,3,5,2,18,42,2,9,1,1,C03,7,9,1,10,1,11,,42,42,1,22,8,C03,120.643883,24.194753,2
2022,12,5,22,24,臺中市,霧峰區,0,2,0,8,3,5,50,3,1,1,5,4,5,7,4,4,9,5,4,1,16,26,3,10,1,1,B03,7,5,1,8,2,2,,26,26,1,22,8,B03,120.704445,24.076206,2
2022,12,5,22,27,臺中市,北屯區,0,0,0,8,,,50,,,,,,,,,,,,,,,17,,,,,A12,,,1,,2,,,17,,1,5,,A12,120.689181,24.164903,3
2022,12,5,22,53,臺中市,烏日區,0,2,0,8,3,5,50,3,2,1,5,4,5,7,4,4,5,5,5,2,13,16,2,9,1,1,C03,7,9,1,10,2,11,,16,16,1,18,8,C03,120.61167,24.110492,2
2022,12,5,23,0,臺中市,大里區,0,0,0,8,,,30,,,,,,,,,,,,,,,67,,,,,,,,,,,,,67,,1,,,,120.717513,24.089754,3
2022,12,5,23,40,臺中市,北區,0,0,0,8,,,50,,,,,,,,,,,,,,,23,,,,,B03,,,1,,2,,,23,,1,22,,B03,120.68439,24.158991,3
2022,12,5,23,51,臺中市,北區,0,0,0,8,,,50,,,,,,,,,,,,,,,23,,,,,B02,,,1,,1,,,23,,1,21,,B02,120.684085,24.149878,3
2022,12,5,23,51,臺中市,龍井區,0,0,0,8,,,60,,,,,,,,,,,,,,,23,,,,,B03,,,3,,6,,,23,,1,12,,B03,120.522545,24.217436,3
2022,12,6,0,15,臺中市,中區,0,1,0,8,3,5,50,5,1,1,5,4,5,7,2,1,10,5,5,2,16,8,2,9,1,1,C03,7,5,1,10,2,14,,8,8,1,22,8,C03,120.681655,24.144618,2
2022,12,6,2,8,臺中市,西區,0,1,0,8,3,5,50,3,1,1,5,4,5,7,4,4,10,5,5,2,16,6,3,10,1,1,B03,7,5,1,8,2,8,,6,6,1,22,8,B03,120.668875,24.139321,2
2022,12,6,3,0,臺中市,新社區,0,1,0,8,3,5,50,14,9,1,5,4,5,7,4,4,9,5,5,1,26,42,2,3,1,1,B03,7,9,1,8,2,8,,42,42,1,8,1,B03,120.796333,24.204094,2
2022,12,6,5,4,臺中市,石岡區,0,2,0,8,3,5,40,4,1,1,5,4,5,7,3,1,10,5,5,2,17,42,2,9,1,1,C03,7,9,1,10,2,14,,42,42,1,5,8,C03,120.813429,24.262071,2
2022,12,6,5,35,臺中市,東區,0,2,0,8,3,5,30,11,9,1,5,4,5,7,4,4,10,5,5,2,10,5,2,9,1,1,C03,7,9,3,18,2,11,,5,5,1,19,8,C03,120.698325,24.143269,2
2022,12,6,6,35,臺中市,大肚區,0,1,0,8,1,5,50,14,9,1,5,4,5,7,4,4,5,4,5,2,29,43,2,8,3,4,C03,7,9,1,10,2,14,,43,43,1,22,9,C03,120.57095,24.155878,2
2022,12,6,6,40,臺中市,北屯區,0,1,0,8,1,5,50,4,1,1,5,4,5,7,1,1,10,5,5,2,18,13,2,9,1,1,C03,7,9,1,10,2,15,,13,13,1,22,8,C03,120.677078,24.185883,2
2022,12,6,6,50,臺中市,大雅區,0,1,0,8,1,5,50,4,1,1,5,4,5,7,2,1,10,4,5,1,2,26,3,10,1,1,B03,7,5,1,8,2,8,,26,26,1,22,9,B03,120.649223,24.216178,2
2022,12,6,6,59,臺中市,沙鹿區,0,2,0,8,1,5,50,3,1,1,5,4,5,7,4,4,10,5,5,2,16,8,2,7,1,1,C03,7,5,1,10,2,11,,8,8,1,11,5,C03,120.61,24.245833,2
2022,12,6,7,0,臺中市,潭子區,0,0,0,8,,,60,,,,,,,,,,,,,,,23,,,,,B12,,,1,,2,,,23,,1,22,,B12,120.705233,24.213285,3
2022,12,6,7,9,臺中市,沙鹿區,0,0,0,8,,,30,,,,,,,,,,,,,,,6,,,,,B03,,,1,,1,,,6,,1,22,,B03,120.603089,24.240757,3
2022,12,6,7,12,臺中市,北區,0,0,0,8,1,5,50,14,7,1,5,4,5,7,4,4,8,3,4,2,13,23,,,,,B12,,,1,,1,,,23,,1,22,,B12,120.676317,24.163327,3
2022,12,6,7,15,臺中市,潭子區,0,0,0,8,,,60,,,,,,,,,,,,,,,23,,,,,C03,,,1,,2,,,23,,1,22,,C03,120.703986,24.203473,3
2022,12,6,7,17,臺中市,西屯區,0,1,0,8,1,5,50,14,9,1,5,4,5,7,4,4,1,4,5,1,17,42,2,9,1,1,C03,7,21,1,10,2,11,,42,42,1,1,9,C03,120.596812,24.200755,2
2022,12,6,7,18,臺中市,西屯區,0,1,0,8,1,5,50,14,7,1,5,4,5,7,1,1,5,4,4,2,13,16,2,9,1,1,C03,7,9,1,10,2,11,,16,16,1,22,8,C03,120.619955,24.170335,2
2022,12,6,7,21,臺中市,大里區,0,1,0,7,1,5,60,3,2,1,5,4,5,7,1,1,1,4,5,1,12,7,3,10,1,1,B03,7,8,1,8,2,3,,7,7,1,21,1,B03,120.676447,24.08599,2
2022,12,6,7,21,臺中市,大里區,0,2,0,8,1,5,50,14,9,1,5,4,5,7,4,4,5,4,4,1,13,16,2,9,3,4,C03,7,9,1,10,2,11,,16,16,1,22,9,C03,120.699909,24.104611,2
2022,12,6,7,23,臺中市,梧棲區,0,2,0,8,1,5,40,4,1,1,5,4,5,7,4,4,10,5,5,1,15,6,3,10,3,4,C03,7,9,1,10,2,11,,6,6,1,22,8,C03,120.55786,24.241865,2
2022,12,6,7,28,臺中市,新社區,0,1,0,8,1,5,50,4,1,1,5,4,5,7,4,4,5,5,5,1,12,42,2,9,1,1,F01,7,5,8,20,2,16,,42,42,1,22,8,F01,120.808266,24.244223,2
2022,12,6,7,29,臺中市,西區,0,1,0,8,1,5,50,4,1,1,5,4,4,7,2,1,10,5,5,2,16,6,3,10,1,1,B03,7,6,1,8,2,5,,6,6,1,5,5,B03,120.671996,24.146246,2
2022,12,6,7,30,臺中市,梧棲區,0,1,0,8,1,5,50,3,1,1,5,4,5,7,4,4,10,5,5,1,16,23,3,10,3,4,B03,7,5,1,8,2,8,,23,23,1,22,8,B03,120.537294,24.256786,2
2022,12,6,7,30,臺中市,神岡區,0,1,0,8,1,5,50,4,1,1,5,4,5,7,3,1,5,4,4,2,17,6,3,10,1,1,B03,7,5,1,8,2,4,,6,6,1,12,8,B03,120.710937,24.258447,2
2022,12,6,7,32,臺中市,大里區,0,0,0,8,,,50,,,,,,,,,,,,,,,23,,,,,C03,,,1,,2,,,23,,1,21,,C03,120.677154,24.09921,3
2022,12,6,7,35,臺中市,東區,0,1,0,8,1,5,50,4,1,1,5,4,5,7,4,4,10,5,5,2,18,23,2,9,1,1,C03,7,9,1,10,2,14,,23,23,1,22,8,C03,120.691674,24.127658,2
2022,12,6,7,37,臺中市,東區,0,2,0,8,1,5,50,4,2,1,5,4,5,7,2,1,5,5,5,2,13,16,2,9,1,1,C03,7,9,1,10,2,11,,16,16,1,4,5,C03,120.697163,24.133145,2