年,月,日,時,分,縣市,區,死,受傷,2-30,天候,光線,道路類別,速限,道路型態,事故位置,路面鋪裝,路面狀態,路面缺陷,障礙物,視距,號誌種類,號誌動作,分向設施,快車道或一般車道間,快慢車道間,路面邊線,事故類型及型態,主要肇因,受傷程度,主要傷處,保護裝備,行動電話,當事者區分,車輛用途,當事者行動狀態,駕駛資格情形,駕駛執照種類,飲酒情形,車輛撞擊部位最初,車輛撞擊部位其他,肇事因素個別,肇事因素主要,肇事逃逸,職業,旅次目的,車種,GPS緯度,GPS經度,事故類別
2022,12,6,7,38,臺中市,大里區,0,1,0,7,1,5,30,3,1,1,5,4,5,7,4,4,1,4,4,2,17,9,3,10,1,1,B03,7,6,1,8,2,1,,9,9,1,21,8,B03,120.663953,24.10761,2
2022,12,6,7,39,臺中市,西屯區,0,1,0,8,1,5,50,14,9,1,5,4,5,7,4,4,1,4,5,2,16,9,3,10,1,1,B03,7,6,1,8,2,2,,9,9,1,22,9,B03,120.602785,24.184786,2
2022,12,6,7,40,臺中市,北屯區,0,1,0,8,1,5,50,4,1,1,5,4,5,7,4,4,10,5,5,2,15,6,2,9,1,1,C03,7,9,1,10,2,12,,6,6,1,21,8,C03,120.706705,24.171286,2
2022,12,6,7,40,臺中市,后里區,0,1,0,8,1,5,30,4,1,1,5,4,5,7,4,4,10,5,5,2,15,6,3,10,1,1,B03,7,9,1,8,2,5,,6,6,1,21,1,B03,120.734992,24.313328,2
2022,12,6,7,42,臺中市,豐原區,0,0,0,8,,,50,,,,,,,,,,,,,,,23,,,,,C03,,,1,,2,,,44,23,1,22,,C03,120.729763,24.243619,3
2022,12,6,7,43,臺中市,北屯區,0,0,0,8,,,50,,,,,,,,,,,,,,,16,,,,,B03,,,1,,1,,,16,,1,4,,B03,120.7358,24.1753,3
2022,12,6,7,43,臺中市,西屯區,0,1,0,8,1,5,50,14,9,1,5,4,5,7,4,4,1,4,5,2,16,19,3,10,3,4,B03,7,1,1,8,2,8,,19,19,1,22,8,B03,120.614428,24.174675,2
2022,12,6,7,44,臺中市,北屯區,0,0,0,,,,80,,,,,,,,,,,,,,,16,,,,,B03,,,1,,2,,,16,,1,21,,B03,120.720895,24.174311,3
2022,12,6,7,46,臺中市,西屯區,0,2,0,8,1,5,50,14,9,1,5,4,5,7,4,4,5,4,5,2,16,10,2,9,3,4,B03,7,11,1,8,2,2,,10,10,1,22,8,B03,120.614891,24.180708,2
2022,12,6,7,47,臺中市,北區,0,0,0,,,,50,,,,,,,,,,,,,,,23,,,,,B03,,,1,,2,,,23,,1,21,,B03,120.683508,24.148272,3
2022,12,6,7,48,臺中市,西區,0,0,0,8,,,50,,,,,,,,,,,,,,,19,,,,,B03,,,1,8,1,,,19,19,1,5,,B03,120.666567,24.150869,3
2022,12,6,7,50,臺中市,潭子區,0,2,0,8,1,5,50,4,1,1,5,4,5,7,1,1,5,4,4,1,16,25,2,9,1,1,C03,7,9,6,10,2,12,,25,25,1,22,9,C03,120.714942,24.229399,2
2022,12,6,7,55,臺中市,大雅區,0,1,0,8,1,5,30,4,1,1,5,4,5,7,1,1,10,5,5,2,17,16,3,10,1,1,C03,7,9,1,10,2,11,,16,16,1,22,8,C03,120.664427,24.225923,2
2022,12,6,7,55,臺中市,北屯區,0,1,0,8,1,5,50,4,1,1,5,4,5,7,1,1,10,5,5,2,18,43,2,9,1,1,C03,7,9,1,10,2,15,,43,43,1,21,8,C03,120.683641,24.174728,2
2022,12,6,8,0,臺中市,東區,0,1,0,8,1,5,50,4,1,1,5,4,5,7,1,1,10,5,5,2,16,6,3,10,1,1,B03,7,5,1,8,2,1,,6,6,1,22,8,B03,120.697915,24.138886,2
2022,12,6,8,0,臺中市,東區,0,1,0,8,1,5,50,4,1,1,5,4,5,7,2,1,5,5,5,2,13,23,2,9,1,1,C03,7,9,1,10,2,11,,23,23,1,19,5,C03,120.697163,24.133145,2
2022,12,6,8,2,臺中市,潭子區,0,1,0,8,1,5,50,4,1,1,5,4,5,7,4,4,5,5,5,1,17,23,2,9,1,1,C03,7,12,1,10,2,12,,23,16,1,22,8,C03,120.709786,24.204865,2
2022,12,6,8,2,臺中市,豐原區,0,2,0,8,1,5,50,4,9,1,5,4,5,7,4,4,5,5,5,2,16,6,2,9,3,4,C03,7,5,1,10,2,14,,6,6,1,22,8,C03,120.714875,24.246359,2
2022,12,6,8,3,臺中市,后里區,0,0,0,8,1,5,50,3,2,1,5,4,5,7,1,1,1,3,5,1,16,7,3,10,1,1,B03,7,7,1,8,2,8,,7,7,1,4,8,B03,120.72298,24.287186,3
2022,12,6,8,4,臺中市,烏日區,0,1,0,8,1,5,50,4,1,1,5,4,5,7,2,1,1,4,5,1,12,19,3,10,1,1,B12,7,1,1,8,2,7,,19,19,1,21,9,B12,120.621817,24.104969,2
2022,12,6,8,6,臺中市,潭子區,0,1,0,8,1,5,30,3,9,1,5,4,5,7,4,4,10,5,5,2,18,43,2,9,1,1,C03,7,5,1,10,2,12,,43,43,1,22,9,C03,120.727513,24.217133,2
2022,12,6,8,6,臺中市,北區,0,2,0,8,1,5,50,4,2,1,5,4,5,7,1,1,5,2,4,2,13,23,2,9,1,1,C03,7,9,1,10,2,11,,23,23,1,22,8,C03,120.676548,24.16324,2
2022,12,6,8,6,臺中市,北屯區,0,0,0,8,,,50,,,,,,,,,,,,,,,23,,,,,B03,,,1,,1,,,23,,1,21,,B03,120.694118,24.163945,3
2022,12,6,8,7,臺中市,西屯區,0,0,0,8,,,50,,,,,,,,,,,,,,,16,,,,,B03,,,1,,1,,,16,,1,22,,B03,120.660125,24.201236,3
2022,12,6,8,16,臺中市,北屯區,0,0,0,8,,,50,,,,,,,,,,,,,,,16,,,,,B03,,,1,,1,,,16,,1,2,,B03,120.7218,24.182,3
2022,12,6,8,17,臺中市,西屯區,0,0,0,8,,,50,,,,,,,,,,,,,,,12,,,,,B03,,,1,,1,,,12,,1,22,,B03,120.628087,24.20242,3
2022,12,6,8,20,臺中市,大雅區,0,1,0,8,1,5,50,3,1,1,5,4,5,7,4,4,5,5,4,1,13,23,2,8,1,1,C03,7,9,3,18,2,11,,23,23,1,22,8,C03,120.64456,24.204763,2
2022,12,6,8,24,臺中市,大里區,0,2,0,7,1,5,50,4,1,1,5,4,5,7,1,1,5,4,4,1,2,23,2,9,1,1,C03,7,9,1,10,2,11,,23,23,1,21,1,C03,120.685039,24.110416,2
2022,12,6,8,25,臺中市,東區,0,2,0,8,1,5,40,4,9,1,5,4,5,7,4,4,10,5,5,2,15,6,2,9,1,1,C03,7,9,1,10,2,11,,6,6,1,5,5,C03,120.705747,24.131229,2
2022,12,6,8,25,臺中市,北屯區,0,1,0,8,1,5,50,5,1,1,5,4,5,7,2,1,3,4,4,1,16,26,3,10,1,1,B03,7,6,1,8,2,2,,26,26,1,21,8,B03,120.721811,24.181854,2
2022,12,6,8,26,臺中市,龍井區,0,1,0,8,1,5,50,4,2,1,5,4,5,7,3,1,10,5,5,2,15,6,3,10,1,1,B03,7,9,1,10,2,8,,6,6,1,9,1,B03,120.51394,24.213931,2
2022,12,6,8,28,臺中市,烏日區,0,1,0,8,3,5,30,4,1,1,5,4,5,7,4,4,10,5,5,2,16,6,2,9,1,1,C03,7,9,1,10,2,12,13,6,6,1,21,1,C03,120.636924,24.070789,2
2022,12,6,8,35,臺中市,霧峰區,0,0,0,8,,,30,,,,,,,,,,,,,,,42,,,,,B03,,,1,,2,,,42,,1,12,,B03,120.699639,24.023946,3
2022,12,6,8,35,臺中市,太平區,0,0,0,8,,,50,,,,,,,,,,,,,,,23,,,,,C03,,,1,,2,,,23,,1,21,,C03,120.735878,24.133359,3
2022,12,6,8,37,臺中市,北屯區,0,0,0,8,,,30,,,,,,,,,,,,,,,17,,,,,B03,,,1,,2,,,17,,1,21,,B03,120.764296,24.20021,3
2022,12,6,8,40,臺中市,大雅區,0,2,0,8,1,5,50,4,1,1,5,4,5,6,1,1,5,4,5,1,16,8,2,8,1,1,C03,7,5,1,10,2,12,,8,8,1,22,8,C03,120.6467,24.226079,2
2022,12,6,8,40,臺中市,大雅區,0,0,0,8,,,50,,,,,,,,,,,,,,,16,,,,,C03,,,1,,2,,,16,,1,22,,C03,120.649163,24.224974,3
2022,12,6,8,41,臺中市,西屯區,0,2,0,8,1,5,50,14,9,1,5,4,5,7,4,4,5,5,5,2,16,19,3,10,3,4,B03,7,1,1,8,2,8,,19,19,1,22,8,B03,120.643655,24.170012,2
2022,12,6,8,45,臺中市,東區,0,2,0,8,1,5,50,4,1,1,5,4,5,7,1,1,5,4,5,2,12,23,2,9,1,4,C03,7,9,1,10,2,14,,23,23,1,21,8,C03,120.691062,24.142794,2
2022,12,6,8,47,臺中市,南屯區,0,0,0,8,,,40,,,,,,,,,,,,,,,26,,,,,B03,,,1,,2,,,26,26,1,22,,B03,120.622855,24.14555,3
2022,12,6,8,47,臺中市,烏日區,0,1,0,8,1,5,40,14,7,1,5,4,5,7,4,4,1,4,4,1,12,7,2,9,1,1,C03,7,7,3,18,2,14,,7,7,1,21,9,C03,120.605855,24.108737,2
2022,12,6,8,52,臺中市,西屯區,0,1,0,8,1,5,40,14,8,1,5,4,5,7,4,4,1,4,1,1,17,44,2,9,1,1,C03,7,9,1,10,2,11,,44,44,1,1,9,C03,120.637921,24.160126,2
2022,12,6,8,59,臺中市,大雅區,0,0,0,8,,,50,,,,,,,,,,,,,,,18,,,,,B12,,,1,,2,,,18,18,1,22,,B12,120.649763,24.2145,3
2022,12,6,9,0,臺中市,西屯區,0,2,0,8,1,5,30,14,9,1,5,4,5,7,4,4,10,5,5,2,16,44,2,9,1,1,C03,7,9,1,10,1,11,,44,44,1,22,8,C03,120.646343,24.177245,2
2022,12,6,9,0,臺中市,清水區,0,0,0,8,,,50,,,,,,,,,,,,,,,23,,,,,C03,,,1,,2,,,23,,1,21,,C03,120.591346,24.296205,3
2022,12,6,9,1,臺中市,大肚區,0,1,0,8,1,5,50,3,1,1,5,4,5,7,2,1,1,5,5,2,17,23,3,10,1,1,A41,7,6,1,1,2,15,,43,23,1,10,1,A41,120.567423,24.123082,2
2022,12,6,9,13,臺中市,大雅區,0,2,0,8,1,5,30,14,9,1,5,4,5,7,4,4,10,5,5,1,13,23,2,9,1,1,C03,7,9,1,10,2,12,,23,23,1,22,8,C03,120.67289,24.216838,2
2022,12,6,9,18,臺中市,西屯區,0,0,0,8,,,50,,,,,,,,,,,,,,,23,,,,,B03,,,1,,1,,,23,,1,22,,B03,120.657127,24.200899,3
2022,12,6,9,24,臺中市,西區,0,1,0,8,1,5,50,4,2,1,5,4,5,7,1,1,1,4,1,2,16,6,3,10,1,1,B02,7,6,1,8,2,5,,6,6,1,5,5,B02,120.666907,24.153208,2
2022,12,6,9,35,臺中市,北屯區,0,0,0,6,,,50,,,,,,,,,,,,,,,42,,,,,B12,,,1,,1,1,,42,42,1,21,8,B12,120.676781,24.176712,3
2022,12,6,9,38,臺中市,中區,0,0,0,8,,,50,,,,,,,,,,,,,,,17,,,,,C03,,,1,,1,,,17,,1,21,,C03,120.680739,24.143432,3
2022,12,6,9,39,臺中市,西屯區,0,1,0,8,1,5,50,14,7,1,5,4,5,7,4,4,5,4,4,2,14,12,3,10,3,4,B03,7,2,1,8,2,3,,12,12,1,22,8,B03,120.652815,24.159624,2
2022,12,6,9,43,臺中市,大甲區,0,1,0,8,1,5,50,3,2,1,5,4,5,7,4,4,5,4,4,2,17,19,3,10,1,1,B12,7,1,1,8,2,8,,19,19,1,22,1,B12,120.617195,24.351844,2
2022,12,6,9,44,臺中市,沙鹿區,0,3,0,8,1,5,40,14,8,1,5,4,5,6,2,1,10,5,5,2,16,23,2,9,1,1,C03,7,15,1,10,2,14,,6,23,1,22,9,C03,120.577191,24.225802,2
2022,12,6,9,50,臺中市,西屯區,0,0,0,8,,,40,,,,,,,,,,,,,,,7,,,,,B03,,,1,,1,,,7,,1,1,,B03,120.643759,24.195267,3
2022,12,6,9,59,臺中市,南區,0,0,0,8,,,50,,,,,,,,,,,,,,,42,,,,,B03,,,1,,2,,,42,42,1,22,,B03,120.659141,24.128516,3
2022,12,6,10,3,臺中市,潭子區,0,0,0,8,,,50,,,,,,,,,,,,,,,42,,,,,B12,,,1,,2,,,42,,1,22,,B12,120.693982,24.224528,3
2022,12,6,10,14,臺中市,北屯區,0,1,0,8,1,5,30,13,9,1,5,4,5,7,4,4,10,5,5,2,16,23,2,9,1,1,C03,7,9,2,18,2,11,,23,23,1,21,8,C03,120.668345,24.186566,2
2022,12,6,10,15,臺中市,西屯區,0,0,0,8,,,40,,,,,,,,,,,,,,,40,,,,,B03,,,1,,1,,,40,,1,22,,B03,120.644398,24.161558,3
2022,12,6,10,15,臺中市,大甲區,0,0,0,,,,50,,,,,,,,,,,,,,,23,,,,,B03,,,1,,2,,,23,,1,5,,B03,120.668269,24.383228,3
2022,12,6,10,18,臺中市,東區,0,0,0,8,1,5,40,14,8,1,5,4,5,7,4,4,9,5,4,2,17,42,3,10,1,1,B03,7,9,1,8,2,1,,42,42,1,21,8,B03,120.699053,24.144533,3
2022,12,6,10,20,臺中市,東勢區,0,0,0,8,,,50,,,,,,,,,,,,,,,23,,,,,B03,,,1,,2,,,23,,1,20,,B03,120.83944,24.20648,3
2022,12,6,10,30,臺中市,西屯區,0,1,0,8,1,5,30,3,1,1,5,4,5,7,4,4,5,4,4,2,15,6,2,9,1,1,C03,7,9,1,10,8,11,,6,6,1,22,9,C03,120.655027,24.172411,2
2022,12,6,10,31,臺中市,大里區,0,0,0,8,,,50,,,,,,,,,,,,,,,7,,,,,C03,,,1,,2,,,7,,1,22,,C03,120.689972,24.11387,3
2022,12,6,10,32,臺中市,北屯區,0,2,0,8,1,5,50,4,1,1,5,4,5,7,1,1,10,5,5,2,17,8,2,9,1,1,C03,7,5,1,10,2,12,,8,8,1,21,8,C03,120.699678,24.160396,2
2022,12,6,10,33,臺中市,北區,0,0,0,,,,50,,,,,,,,,,,,,,,43,,,,,B03,,,1,,1,,,43,,1,21,,B03,120.680265,24.154937,3
2022,12,6,10,34,臺中市,新社區,0,1,0,8,1,5,50,14,9,1,5,4,5,7,4,4,5,5,5,1,17,40,3,10,1,1,B12,7,13,1,8,2,4,,40,40,1,22,8,B12,120.807013,24.240708,2
2022,12,6,10,36,臺中市,北屯區,0,0,0,8,,,50,,,,,,,,,,,,,,,42,,,,,B12,,,1,,1,,,42,,1,21,,B12,120.671066,24.175393,3
2022,12,6,10,38,臺中市,北區,0,2,0,8,1,5,50,14,7,1,5,4,5,7,4,4,5,4,4,2,17,16,2,9,1,1,C03,7,9,1,10,2,11,,16,16,1,22,8,C03,120.678729,24.163363,2
2022,12,6,10,39,臺中市,梧棲區,0,1,0,8,1,5,50,4,2,1,5,4,5,7,2,1,5,4,5,2,16,6,3,10,1,1,B03,7,6,1,8,2,5,,6,6,1,4,8,B03,120.541997,24.246172,2
2022,12,6,10,41,臺中市,西屯區,0,0,0,8,,,,,,,,,,,,,,,,,,16,,,,,C03,,,1,,2,,,44,16,1,22,,C03,120.641838,24.17845,3
2022,12,6,10,42,臺中市,清水區,0,0,0,8,,,50,,,,,,,,,,,,,,,12,,,,,B12,,,1,,2,,,12,,1,21,,B12,120.543124,24.266299,3
2022,12,6,10,42,臺中市,神岡區,0,1,0,8,1,5,50,3,2,1,5,4,5,7,4,4,5,5,5,2,16,5,3,10,1,1,B12,7,5,1,8,2,4,,5,5,1,22,8,B12,120.704758,24.256692,2
2022,12,6,10,44,臺中市,太平區,0,1,0,8,1,5,50,3,1,1,5,4,5,7,4,4,10,5,5,1,13,16,2,9,1,1,C03,7,9,1,10,2,11,,16,16,1,5,8,C03,120.721586,24.128725,2
2022,12,6,10,51,臺中市,豐原區,0,0,0,8,,,50,,,,,,,,,,,,,,,16,,,,,C03,,,1,,2,,,16,,1,21,,C03,120.72262,24.255803,3
2022,12,6,10,54,臺中市,潭子區,0,0,0,8,,,60,,,,,,,,,,,,,,,42,,,,,B03,,,6,,2,,,42,,1,22,,B03,120.704636,24.209488,3
2022,12,6,11,1,臺中市,龍井區,0,1,0,8,1,5,70,4,1,1,5,4,5,7,1,1,10,5,5,2,15,25,3,10,1,1,B03,7,9,1,7,2,2,,25,25,1,20,8,B03,120.536555,24.193983,2
2022,12,6,11,7,臺中市,沙鹿區,0,1,0,8,1,5,50,4,1,1,5,4,5,7,4,4,10,5,5,2,16,23,3,10,1,1,B03,7,5,1,2,2,1,,23,23,1,20,8,B03,120.562707,24.24322,2
2022,12,6,11,9,臺中市,北屯區,0,0,0,6,,,50,,,,,,,,,,,,,,,23,,,,,B03,,4,1,8,1,2,,23,23,1,23,,B03,120.660435,24.193195,3
2022,12,6,11,17,臺中市,大雅區,0,1,0,8,1,5,50,4,1,1,5,4,5,7,1,1,10,5,5,2,9,12,3,10,1,1,B12,7,2,1,8,2,3,,12,12,1,22,8,B12,120.647961,24.222949,2
2022,12,6,11,24,臺中市,北屯區,0,0,0,8,,,50,,,,,,,,,,,,,,,23,,,,,B03,,,1,,2,,,23,,1,19,,B03,120.7273,24.1666,3
2022,12,6,11,25,臺中市,南屯區,0,0,0,8,,,50,,,,,,,,,,,,,,,16,,,,,B03,,,1,,1,,,27,16,1,22,,B03,120.609191,24.138338,3
2022,12,6,11,26,臺中市,西區,0,1,0,8,1,5,1,3,2,1,5,4,3,7,4,4,10,5,5,2,14,12,3,10,3,4,C03,7,2,1,10,2,13,,12,42,1,21,8,C03,120.672406,24.146498,2
2022,12,6,11,26,臺中市,烏日區,0,0,0,8,,,60,,,,,,,,,,,,,,,12,,,,,B02,,,1,,2,,,12,,1,21,,B02,120.62734,24.10404,3
2022,12,6,11,26,臺中市,梧棲區,0,1,0,8,1,5,40,14,8,1,5,4,5,7,4,4,1,4,1,1,16,19,3,10,1,1,B12,7,1,1,7,2,8,,19,19,1,4,8,B12,120.544171,24.246867,2
2022,12,6,11,31,臺中市,潭子區,0,1,0,8,1,5,60,3,4,1,5,4,5,7,1,1,1,4,5,1,13,16,2,8,1,1,C03,7,9,1,10,2,11,,16,16,1,22,8,C03,120.70392,24.202416,2
2022,12,6,11,35,臺中市,大里區,0,0,0,8,,,50,,,,,,,,,,,,,,,7,,,,,A11,,,1,,2,,,7,,1,10,,A11,120.682213,24.089186,3
2022,12,6,11,40,臺中市,大里區,0,1,0,8,1,5,50,3,2,1,5,4,5,7,4,4,5,5,5,1,24,23,2,9,1,1,C03,7,9,1,10,2,11,,23,23,1,22,8,C03,120.698608,24.103584,2
2022,12,6,11,45,臺中市,北屯區,0,3,0,8,1,5,50,4,1,1,5,4,5,7,2,1,1,4,5,2,16,26,2,9,1,1,C03,7,5,1,10,2,14,,26,26,1,22,8,C03,120.700136,24.164975,2
2022,12,6,11,47,臺中市,潭子區,0,1,0,8,1,5,50,14,9,1,5,4,5,7,4,4,10,4,5,1,18,23,2,9,1,1,B03,7,9,1,8,2,5,,23,23,1,22,8,B03,120.680231,24.219685,2
2022,12,6,11,53,臺中市,潭子區,0,1,0,8,1,5,30,3,1,1,5,4,5,7,4,4,5,4,4,2,17,6,3,10,1,1,B03,7,5,1,8,2,8,,6,6,1,22,8,B03,120.702636,24.193712,2
2022,12,6,11,54,臺中市,豐原區,0,0,0,8,,,50,,,,,,,,,,,,,,,38,,,,,B03,,,1,,2,,,38,38,1,22,,B03,120.71531,24.255878,3
2022,12,6,11,57,臺中市,豐原區,0,0,0,8,,,50,,,,,,,,,,,,,,,23,,,,,B03,,,1,,2,,,23,,1,21,,B03,120.73658,24.265122,3
2022,12,6,11,58,臺中市,中區,0,0,0,,,,50,,,,,,,,,,,,,,,23,,,,,B12,,,1,,1,,,23,,1,5,,B12,120.679819,24.14075,3
2022,12,6,12,2,臺中市,西屯區,0,2,0,8,1,5,50,14,9,1,5,4,5,7,4,4,9,5,5,1,17,42,2,9,1,1,C03,7,5,1,10,1,11,,42,42,1,1,9,C03,120.656333,24.162517,2
2022,12,6,12,5,臺中市,東區,0,0,0,8,1,5,50,14,8,1,5,4,5,7,4,4,5,5,4,2,17,23,3,10,1,1,B12,7,9,1,4,11,6,,23,23,2,10,8,B12,120.709452,24.149507,3
2022,12,6,12,5,臺中市,東區,0,0,0,8,,,40,,,,,,,,,,,,,,,12,,,,,B12,,,1,,1,,,12,,2,22,,B12,120.689896,24.135345,3
2022,12,6,12,10,臺中市,大里區,0,0,0,8,1,5,50,3,1,1,5,4,5,7,1,1,10,5,5,1,17,23,,,,,B03,,,1,,11,,,23,,1,11,,B03,120.705877,24.09553,3
2022,12,6,12,10,臺中市,烏日區,0,0,0,8,1,5,60,4,2,1,5,4,5,7,2,1,1,4,5,1,13,23,3,10,3,4,B03,7,12,1,8,2,1,,23,23,1,21,9,B03,120.634166,24.106398,3
2022,12,6,12,10,臺中市,沙鹿區,0,1,0,8,1,5,50,14,7,1,5,4,5,7,4,4,8,3,4,1,17,23,2,9,3,4,C03,7,9,1,10,2,11,,23,23,1,22,8,C03,120.579613,24.217536,2
2022,12,6,12,11,臺中市,沙鹿區,0,0,0,8,,,30,,,,,,,,,,,,,,,23,,,,,B03,,,1,,2,,,23,,1,22,,B03,120.600762,24.232588,3
2022,12,6,12,12,臺中市,龍井區,0,2,0,8,1,5,50,3,9,1,5,4,5,7,4,4,5,5,4,2,16,23,2,8,1,1,C03,7,9,1,10,2,11,,23,23,1,2,1,C03,120.589975,24.180898,2
2022,12,6,12,13,臺中市,南區,0,1,0,8,1,5,50,4,1,1,5,4,5,7,2,1,5,5,5,2,15,25,2,9,1,1,C03,7,9,1,10,2,14,,25,25,1,5,5,C03,120.669982,24.122362,2
2022,12,6,12,13,臺中市,南屯區,0,0,0,,,,50,,,,,,,,,,,,,,,43,,,,,C03,,,1,,11,,,43,,1,22,,C03,120.606926,24.146835,3
2022,12,6,12,19,臺中市,霧峰區,0,0,0,8,,,30,,,,,,,,,,,,,,,23,,,,,C03,,,1,,2,,,23,,1,18,,C03,120.715991,24.073735,3
2022,12,6,12,20,臺中市,潭子區,0,0,0,8,,,50,,,,,,,,,,,,,,,6,,,,,B03,,,1,,2,,,6,,1,22,,B03,120.713601,24.205267,3
2022,12,6,12,20,臺中市,霧峰區,0,0,0,8,,,40,,,,,,,,,,,,,,,23,,,,,B03,,,1,,2,,,23,,1,3,,B03,120.662634,24.068431,3
2022,12,6,12,21,臺中市,霧峰區,0,0,0,8,1,5,40,14,9,1,5,4,5,7,4,4,5,5,5,1,13,23,,,,,B03,,,1,,2,,,23,,1,18,,B03,120.714526,24.075217,3
2022,12,6,12,24,臺中市,北區,0,0,0,8,,,50,,,,,,,,,,,,,,,26,,,,,B03,,,6,,1,,,26,,1,20,,B03,120.682365,24.163041,3
2022,12,6,12,26,臺中市,豐原區,0,1,0,8,1,5,50,4,9,1,5,4,5,7,4,4,5,5,5,2,13,16,2,9,3,4,C03,7,9,1,10,2,11,,16,16,1,22,8,C03,120.728645,24.24464,2
2022,12,6,12,30,臺中市,南區,0,0,0,8,,,50,,,,,,,,,,,,,,,42,,,,,B03,,,1,,2,,,42,42,1,22,,B03,120.650559,24.112136,3
2022,12,6,12,30,臺中市,南屯區,0,0,0,,,,50,,,,,,,,,,,,,,,42,,,,,C03,,,1,,1,,,42,,1,4,,C03,120.637279,24.147006,3
2022,12,6,12,30,臺中市,沙鹿區,0,2,0,8,1,5,30,14,9,1,5,4,5,7,4,4,10,5,5,2,17,27,2,9,1,1,C03,7,15,1,10,2,12,,27,27,1,18,2,C03,120.582222,24.223055,2
2022,12,6,12,37,臺中市,清水區,0,2,0,8,1,5,50,3,1,1,5,4,5,7,1,1,8,3,4,1,16,25,2,9,1,1,B03,7,5,1,8,2,6,,25,25,1,21,8,B03,120.532452,24.272445,2
2022,12,6,12,40,臺中市,大雅區,0,1,0,8,1,5,30,3,1,1,5,4,5,7,4,4,10,5,5,2,17,6,3,10,1,1,B03,7,5,1,8,2,5,,6,6,1,22,8,B03,120.632415,24.228003,2
2022,12,6,12,45,臺中市,西區,0,3,0,8,1,5,1,4,1,1,5,4,5,7,1,1,10,5,5,2,15,25,2,7,3,4,C03,7,9,1,10,2,11,,25,25,1,21,8,C03,120.674271,24.148307,2
2022,12,6,12,47,臺中市,南屯區,0,0,0,8,,,50,,,,,,,,,,,,,,,23,,,,,B03,,,1,,2,,,23,,2,22,,B03,120.650836,24.141821,3
2022,12,6,12,59,臺中市,北屯區,0,1,0,8,1,5,50,4,1,1,5,4,5,7,1,1,10,5,5,2,16,6,2,9,1,1,C03,7,9,1,10,2,12,,13,6,1,21,8,C03,120.680147,24.189039,2
2022,12,6,13,6,臺中市,大甲區,0,2,0,8,1,5,30,4,1,1,5,4,5,7,4,4,10,5,5,2,15,6,3,10,1,1,B12,7,9,1,8,2,2,,6,6,1,22,9,B12,120.632153,24.409121,2
2022,12,6,13,9,臺中市,西屯區,0,1,0,8,1,5,40,14,8,1,5,4,5,7,4,4,1,5,1,2,18,42,2,8,3,4,C03,7,9,1,10,2,14,,42,42,1,22,8,C03,120.606969,24.184165,2
2022,12,6,13,10,臺中市,南屯區,0,0,0,8,,,50,,,,,,,,,,,,,,,6,,,,,B03,,,1,,1,,,6,6,1,22,,B03,120.647803,24.147741,3
2022,12,6,13,15,臺中市,北屯區,0,0,0,8,,,50,,,,,,,,,,,,,,,6,,,,,B03,,,1,,2,,,6,,1,3,,B03,120.6685,24.1954,3
2022,12,6,13,17,臺中市,西區,0,0,0,8,1,5,30,3,2,1,5,4,5,7,4,4,10,5,5,2,11,19,,,,,C03,,,1,,1,,,19,,1,22,,C03,120.655139,24.151328,3
2022,12,6,13,24,臺中市,西區,0,2,0,8,1,5,50,3,1,1,5,4,5,7,4,4,10,5,5,2,16,4,2,9,1,1,C03,7,5,4,8,2,11,,4,4,1,5,5,C03,120.665273,24.147495,2
2022,12,6,13,25,臺中市,清水區,0,0,0,8,,,70,,,,,,,,,,,,,,,23,,,,,A41,,,1,,2,,,23,,1,21,,A41,120.552289,24.293688,3
2022,12,6,13,28,臺中市,大里區,0,0,0,8,1,5,50,4,1,1,5,4,5,7,1,1,10,5,5,2,16,6,,,,,B12,,,1,,2,,,6,,1,11,,B12,120.695367,24.096961,3
2022,12,6,13,29,臺中市,西區,0,0,0,8,,,50,,,,,,,,,,,,,,,7,,,,,B03,,,1,,2,,,7,7,1,21,,B03,120.674271,24.148307,3
2022,12,6,13,30,臺中市,南屯區,0,0,0,8,,,50,,,,,,,,,,,,,,,23,,,,,B03,,,1,,1,,,23,,1,22,,B03,120.649717,24.141797,3
2022,12,6,13,40,臺中市,石岡區,0,1,0,8,1,5,50,5,1,1,5,4,5,7,2,1,5,5,5,1,17,17,2,9,1,1,C03,7,5,1,10,2,14,,17,17,1,9,8,C03,120.81646,24.26013,2
2022,12,6,13,41,臺中市,大里區,0,1,0,8,1,5,30,4,1,1,5,4,5,7,4,4,10,5,5,2,15,6,2,5,3,4,C03,7,9,1,10,2,11,,6,6,1,12,8,C03,120.707461,24.085668,2
2022,12,6,13,47,臺中市,豐原區,0,1,0,8,1,5,30,4,1,1,5,4,5,5,3,1,10,5,5,2,16,6,2,9,1,1,C03,7,5,1,10,2,14,,6,6,1,22,8,C03,120.707472,24.243664,2
2022,12,6,13,48,臺中市,北屯區,0,2,0,8,1,5,40,14,8,1,5,4,5,7,1,1,1,4,1,1,13,23,2,8,1,1,C03,7,9,1,10,2,11,,23,23,1,21,8,C03,120.721661,24.183608,2
2022,12,6,13,49,臺中市,南屯區,0,0,0,8,,,50,,,,,,,,,,,,,,,23,,,,,C03,,,1,10,9,,,23,23,1,12,,C03,120.651977,24.141915,3
2022,12,6,13,58,臺中市,南區,0,2,0,8,1,5,50,14,7,1,5,4,5,7,4,4,1,4,4,2,10,4,2,9,1,1,C03,7,9,3,18,2,14,,4,4,1,22,8,C03,120.684091,24.126196,2
2022,12,6,14,2,臺中市,西屯區,0,0,0,8,,,70,,,,,,,,,,,,,,,23,,,,,B03,,,1,,1,,,23,,1,22,,B03,120.624841,24.1809,3