年,月,日,時,分,縣市,區,死,受傷,2-30,天候,光線,道路類別,速限,道路型態,事故位置,路面鋪裝,路面狀態,路面缺陷,障礙物,視距,號誌種類,號誌動作,分向設施,快車道或一般車道間,快慢車道間,路面邊線,事故類型及型態,主要肇因,受傷程度,主要傷處,保護裝備,行動電話,當事者區分,車輛用途,當事者行動狀態,駕駛資格情形,駕駛執照種類,飲酒情形,車輛撞擊部位最初,車輛撞擊部位其他,肇事因素個別,肇事因素主要,肇事逃逸,職業,旅次目的,車種,GPS緯度,GPS經度,事故類別
2022,12,6,19,2,臺中市,石岡區,0,0,0,,,,50,,,,,,,,,,,,,,,23,,,,,B03,,,1,,2,,,23,,1,22,,B03,120.765366,24.277728,3
2022,12,6,19,10,臺中市,西屯區,0,1,0,8,3,5,60,3,1,1,5,4,5,7,2,1,10,5,5,2,16,25,3,10,3,4,B03,7,11,1,8,2,2,,25,10,1,22,8,B03,120.628402,24.162811,2
2022,12,6,19,18,臺中市,龍井區,0,0,0,8,,,50,,,,,,,,,,,,,,,23,,,,,B03,,,1,,2,,,23,,1,12,,B03,120.529936,24.18514,3
2022,12,6,19,20,臺中市,南區,0,2,0,8,3,5,50,4,1,1,5,4,5,7,1,1,10,5,5,2,13,23,2,9,1,1,C03,7,9,1,10,2,11,,23,23,1,22,8,C03,120.679286,24.119037,2
2022,12,6,19,20,臺中市,南區,0,2,0,8,3,5,50,4,1,1,5,4,5,7,1,1,10,5,5,2,17,6,2,9,1,1,C03,7,5,1,10,2,14,,6,6,1,22,8,C03,120.664019,24.127533,2
2022,12,6,19,21,臺中市,北區,0,1,0,8,3,5,40,3,1,1,5,4,5,7,4,4,2,4,4,2,12,23,2,9,1,1,C03,7,9,1,10,2,12,,23,23,1,18,5,C03,120.680863,24.151013,2
2022,12,6,19,30,臺中市,豐原區,0,0,0,8,,,60,,,,,,,,,,,,,,,23,,,,,B03,,,1,,2,,,23,23,1,21,,B03,120.729632,24.243314,3
2022,12,6,19,35,臺中市,大甲區,0,1,0,8,3,5,50,14,9,1,5,4,5,7,4,4,5,5,5,1,12,42,3,10,1,1,B03,7,9,1,8,2,6,,42,42,1,21,8,B03,120.62594,24.34692,2
2022,12,6,19,40,臺中市,北屯區,0,1,0,8,3,5,50,4,2,1,5,4,5,7,2,1,1,4,5,2,18,23,2,9,3,4,C03,7,9,1,10,2,15,,23,23,1,21,8,C03,120.697152,24.169395,2
2022,12,6,19,40,臺中市,龍井區,0,0,0,8,,,30,,,,,,,,,,,,,,,12,,,,,B12,,,1,,2,,,12,,1,12,,B12,120.52293,24.203374,3
2022,12,6,19,43,臺中市,北區,0,0,0,,,,50,,,,,,,,,,,,,,,19,,,,,B03,,,1,,11,,,19,,1,22,,B03,120.683823,24.148055,3
2022,12,6,19,48,臺中市,北屯區,0,1,0,8,3,5,30,3,2,1,5,4,5,7,2,1,10,5,5,2,16,19,3,10,1,1,B03,7,5,1,8,2,7,,44,19,1,5,8,B03,120.660968,24.190813,2
2022,12,6,19,48,臺中市,北屯區,0,0,0,8,,,50,,,,,,,,,,,,,,,23,,,,,B03,,,1,,2,,,23,,1,5,,B03,120.661321,24.19045,3
2022,12,6,19,50,臺中市,太平區,0,2,0,8,3,5,40,3,1,1,5,4,5,7,1,1,10,5,5,2,13,23,2,9,1,1,C03,7,9,1,10,2,11,,23,23,1,5,8,C03,120.702104,24.148114,2
2022,12,6,19,52,臺中市,大里區,0,0,0,8,,,50,,,,,,,,,,,,,,,19,,,,,B03,,,1,,2,,,19,,1,4,,B03,120.698555,24.101748,3
2022,12,6,20,3,臺中市,南區,0,0,0,8,,,50,,,,,,,,,,,,,,,26,,,,,B03,,,1,,2,,,26,,1,22,,B03,120.651725,24.12182,3
2022,12,6,20,4,臺中市,大里區,0,0,0,8,,,50,,,,,,,,,,,,,,,23,,,,,B03,,,1,,2,,,23,,1,22,,B03,120.697738,24.082553,3
2022,12,6,20,7,臺中市,中區,0,1,0,8,3,5,30,14,9,1,5,4,5,7,4,4,10,5,5,2,16,19,3,10,3,4,B03,7,1,1,8,2,8,,19,19,1,21,8,B03,120.682065,24.138428,2
2022,12,6,20,8,臺中市,東勢區,0,1,0,8,3,5,40,4,2,1,5,4,5,1,4,4,5,5,5,1,17,42,2,9,1,1,C03,7,9,1,10,2,12,,42,42,1,5,8,C03,120.862556,24.259355,2
2022,12,6,20,10,臺中市,北區,0,2,0,8,3,5,50,14,7,1,5,4,5,7,4,4,1,4,4,2,13,23,2,9,1,1,C03,7,9,1,10,2,11,,23,23,1,21,8,C03,120.675777,24.159755,2
2022,12,6,20,18,臺中市,豐原區,0,0,0,8,,,60,,,,,,,,,,,,,,,38,,,,,A12,,,1,,2,,,38,38,1,22,,A12,120.723225,24.236493,3
2022,12,6,20,20,臺中市,東區,0,1,0,8,3,5,50,3,1,1,5,4,5,7,4,4,10,5,5,2,16,19,3,10,1,1,B03,7,1,1,8,2,8,,19,19,1,22,8,B03,120.702185,24.137947,2
2022,12,6,20,25,臺中市,北屯區,0,1,0,8,3,5,50,4,1,1,5,4,5,7,2,1,3,2,4,2,12,6,3,10,1,1,B11,7,6,1,8,2,5,,6,6,1,22,8,B11,120.683799,24.185498,2
2022,12,6,20,30,臺中市,沙鹿區,0,3,0,8,3,5,50,3,1,1,5,4,5,7,4,4,10,5,5,2,13,23,2,8,1,1,C03,7,9,1,10,2,11,,23,23,1,18,5,C03,120.576357,24.224872,2
2022,12,6,20,50,臺中市,龍井區,0,3,0,8,3,5,50,4,1,1,5,4,5,7,4,4,10,5,5,2,17,6,2,8,1,1,C03,7,5,1,10,2,12,,6,6,1,21,8,C03,120.58637,24.181191,2
2022,12,6,20,53,臺中市,東勢區,0,2,0,8,3,5,50,14,9,1,5,4,5,7,4,4,5,5,5,1,17,40,3,10,1,1,B03,7,13,1,8,2,4,,40,40,1,5,8,B03,120.830786,24.249959,2
2022,12,6,20,54,臺中市,北區,0,1,0,8,3,5,50,3,1,1,5,4,5,7,1,1,5,4,4,2,16,6,3,10,1,1,B03,7,5,1,8,2,6,,6,6,1,5,5,B03,120.668029,24.159244,2
2022,12,6,21,0,臺中市,北區,0,1,0,8,3,5,50,4,2,1,5,4,5,7,2,1,5,4,4,1,18,23,2,9,3,4,C03,7,9,1,10,2,12,,23,23,1,22,9,C03,120.670506,24.159216,2
2022,12,6,21,0,臺中市,大里區,0,1,0,8,3,5,50,3,1,1,5,4,5,7,4,4,10,5,5,2,16,6,3,10,1,1,B03,7,5,1,5,2,1,,6,6,1,22,8,B03,120.681591,24.106005,2
2022,12,6,21,12,臺中市,大甲區,0,0,0,8,,,30,,,,,,,,,,,,,,,17,,,,,B03,,,1,,2,,,17,,1,22,,B03,120.636302,24.407763,3
2022,12,6,21,16,臺中市,東區,0,1,0,8,3,5,50,4,1,1,5,4,5,7,1,1,10,5,5,2,12,25,3,10,1,1,C03,7,9,1,10,2,12,,25,25,1,22,8,C03,120.699355,24.147916,2
2022,12,6,21,24,臺中市,北屯區,0,0,0,8,,,50,,,,,,,,,,,,,,,23,,,,,B03,,,3,,1,,,23,,1,5,,B03,120.719008,24.16265,3
2022,12,6,21,30,臺中市,沙鹿區,1,0,0,8,3,5,60,3,1,1,5,4,5,7,2,1,10,5,5,2,16,25,3,10,1,1,B03,7,5,1,8,2,2,,25,25,1,5,5,B03,120.581421,24.209662,1
2022,12,6,21,33,臺中市,大里區,0,0,0,8,,,50,,,,,,,,,,,,,,,23,,,,,B03,,,1,,2,,,23,,1,22,,B03,120.697336,24.083943,3
2022,12,6,21,34,臺中市,潭子區,0,2,0,8,1,5,50,14,9,1,5,4,5,7,4,4,5,4,5,2,16,26,2,9,1,1,C03,7,11,1,10,2,12,,26,26,1,22,8,C03,120.704947,24.2117,2
2022,12,6,21,35,臺中市,西區,0,0,0,8,,,50,,,,,,,,,,,,,,,12,,,,,B03,,,1,4,1,,,12,12,1,22,,B03,120.658285,24.146716,3
2022,12,6,21,37,臺中市,西屯區,0,1,0,8,1,5,50,3,1,1,5,4,5,7,1,1,4,3,5,2,16,25,3,10,1,1,C03,7,1,1,10,2,13,,25,25,1,21,8,C03,120.619281,24.187737,2
2022,12,6,21,45,臺中市,北屯區,0,0,0,8,,,50,,,,,,,,,,,,,,,12,,,,,B03,,,1,,11,,,12,,1,22,,B03,120.699599,24.1648,3
2022,12,6,21,46,臺中市,北區,0,0,0,8,,,50,,,,,,,,,,,,,,,23,,,,,B03,,,1,,1,,,23,,1,5,,B03,120.672324,24.170048,3
2022,12,6,21,47,臺中市,西屯區,0,0,0,8,,,50,,,,,,,,,,,,,,,16,,,,,C03,,,1,,2,,,16,,1,22,,C03,120.645749,24.172298,3
2022,12,6,21,49,臺中市,北屯區,0,0,0,8,,,50,,,,,,,,,,,,,,,23,,,,,B03,,,1,8,1,,,23,23,1,21,,B03,120.663972,24.185732,3
2022,12,6,21,55,臺中市,西屯區,0,1,0,8,3,5,50,4,1,1,5,4,5,7,2,1,10,5,5,2,16,6,3,10,3,4,B03,7,6,1,10,2,8,,6,6,1,22,8,B03,120.624956,24.180805,2
2022,12,6,21,59,臺中市,潭子區,0,0,0,8,,,40,,,,,,,,,,,,,,,19,,,,,B02,,,1,,2,,,19,,1,21,,B02,120.702407,24.22211,3
2022,12,6,22,3,臺中市,豐原區,0,3,0,8,3,5,50,4,1,1,5,4,5,7,1,1,10,5,5,2,15,25,2,9,3,4,C03,7,9,2,18,2,12,,25,25,1,22,8,C03,120.718667,24.244792,2
2022,12,6,22,4,臺中市,太平區,0,0,0,8,,,50,,,,,,,,,,,,,,,23,,,,,B03,,,1,,2,,,23,,1,4,,B03,120.71758,24.12955,3
2022,12,6,22,8,臺中市,太平區,0,0,0,8,,,50,,,,,,,,,,,,,,,43,,,,,B03,,,1,,1,,,43,,1,21,,B03,120.723109,24.119901,3
2022,12,6,22,15,臺中市,豐原區,0,0,0,8,,,60,,,,,,,,,,,,,,,18,,,,,B03,,,1,,2,,,18,18,1,21,,B03,120.703132,24.243547,3
2022,12,6,22,19,臺中市,大里區,0,1,0,8,3,5,30,14,11,1,5,4,5,7,4,4,1,5,5,1,17,23,2,9,1,1,C03,7,9,1,10,2,12,,23,23,1,18,8,C03,120.700475,24.118605,2
2022,12,6,22,30,臺中市,西屯區,0,2,0,8,1,5,30,4,1,1,5,4,5,7,1,1,1,3,5,2,16,6,2,9,1,1,C03,7,5,1,10,2,12,,6,6,1,22,8,C03,120.652396,24.191196,2
2022,12,6,22,36,臺中市,西區,0,0,0,8,,,40,,,,,,,,,,,,,,,23,,,,,B03,,,1,,1,,,23,,1,22,,B03,120.659402,24.157499,3
2022,12,6,22,38,臺中市,北區,0,2,0,8,3,5,50,4,1,1,5,4,5,7,1,1,5,5,4,2,16,19,2,9,1,1,C03,7,1,1,10,2,14,,19,19,1,21,8,C03,120.665407,24.160364,2
2022,12,6,22,42,臺中市,大安區,1,0,0,8,4,5,90,14,7,1,5,4,5,7,4,4,1,4,5,1,13,23,3,10,1,1,A31,7,9,1,1,2,5,,23,23,1,10,3,A31,120.5678,24.32805,1
2022,12,6,23,18,臺中市,龍井區,0,1,0,8,3,5,30,4,1,1,5,4,5,7,4,4,10,5,5,2,15,6,3,10,3,4,B03,7,9,1,8,2,5,,6,6,1,22,9,B03,120.593964,24.190249,2
2022,12,7,0,0,臺中市,南區,0,1,0,8,3,5,50,14,7,1,5,4,5,7,4,4,1,4,5,2,27,23,2,9,1,1,C03,7,9,1,10,2,11,,23,23,1,22,8,C03,120.660811,24.109683,2
2022,12,7,0,16,臺中市,大雅區,0,1,0,8,3,5,50,4,1,1,5,4,5,6,1,1,1,4,5,1,16,25,3,10,1,1,A41,7,5,1,1,2,2,,25,25,1,22,9,A41,120.649311,24.216212,2
2022,12,7,1,0,臺中市,豐原區,0,1,0,8,3,5,50,4,1,1,5,4,5,7,2,1,10,5,5,2,23,23,2,9,3,4,B03,7,9,1,8,2,8,,23,23,1,22,8,B03,120.726519,24.260021,2
2022,12,7,1,10,臺中市,梧棲區,0,1,0,8,3,5,50,3,2,1,5,4,5,7,4,4,10,5,5,1,16,8,3,10,1,1,A11,7,5,1,2,2,4,,8,8,1,9,1,A11,120.523592,24.236674,2
2022,12,7,1,40,臺中市,西屯區,0,1,0,8,3,5,50,14,7,1,5,4,5,7,4,4,1,4,1,1,20,23,2,1,1,1,B03,7,9,1,8,2,5,,23,23,1,22,8,B03,120.638393,24.169561,2
2022,12,7,2,4,臺中市,大里區,0,2,0,8,3,5,50,4,1,1,5,4,5,7,3,1,10,5,5,1,16,6,2,9,1,1,C03,7,5,1,10,2,12,,6,6,1,18,8,C03,120.685343,24.119133,2
2022,12,7,2,39,臺中市,西區,0,2,0,8,3,5,50,3,1,1,5,4,5,7,1,1,10,5,5,2,17,19,3,10,1,1,B01,7,1,1,4,2,8,,19,19,1,22,9,B01,120.65746,24.152523,2
2022,12,7,3,0,臺中市,霧峰區,0,0,0,8,,,50,,,,,,,,,,,,,,,18,,,,,B03,,,1,,2,,,18,,1,22,,B03,120.6971,24.059246,3
2022,12,7,3,0,臺中市,大甲區,0,0,0,8,,,30,,,,,,,,,,,,,,,17,,,,,A11,,,1,,2,,,17,,1,22,,A11,120.627116,24.355144,3
2022,12,7,4,3,臺中市,東區,1,0,0,8,3,5,50,4,2,1,5,4,5,7,1,1,10,5,5,2,16,25,1,9,1,1,C03,7,5,6,18,2,12,,25,25,1,8,9,C03,120.706222,24.129627,1
2022,12,7,4,22,臺中市,東區,0,0,0,,,,30,,,,,,,,,,,,,,,12,,,,,B12,,,1,,2,,,12,,1,22,,B12,120.694138,24.139191,3
2022,12,7,5,3,臺中市,潭子區,0,0,0,8,,,50,,,,,,,,,,,,,,,23,,,,,B03,,,1,,9,,,23,,1,22,,B03,120.70341,24.194357,3
2022,12,7,5,20,臺中市,沙鹿區,0,1,0,7,3,5,50,4,2,1,5,4,5,7,3,1,10,5,5,2,29,42,2,9,2,1,B03,7,9,1,8,2,1,,42,42,1,20,8,B03,120.566771,24.229218,2
2022,12,7,5,38,臺中市,東區,0,1,0,8,3,5,50,4,1,1,5,4,5,7,1,1,10,5,5,2,27,43,2,9,1,1,C03,7,9,1,10,2,11,,43,43,1,6,8,C03,120.688277,24.140416,2
2022,12,7,6,40,臺中市,西屯區,0,1,0,8,2,5,50,3,1,1,5,4,5,7,2,1,10,5,5,2,16,25,3,10,1,1,C03,7,9,1,4,11,11,,25,25,1,8,1,C03,120.65877,24.163806,2
2022,12,7,6,52,臺中市,豐原區,0,1,0,8,1,5,50,14,9,1,5,4,5,7,4,4,1,4,5,2,12,7,3,10,3,4,C03,7,8,4,8,2,15,,7,7,1,22,8,C03,120.70383,24.249704,2
2022,12,7,7,0,臺中市,西屯區,0,0,0,8,,,50,,,,,,,,,,,,,,,16,,,,,B03,,,1,,1,,,16,,1,22,,B03,120.654518,24.204234,3
2022,12,7,7,3,臺中市,龍井區,0,2,0,8,1,5,50,3,1,1,5,4,5,7,4,4,10,5,5,2,16,26,2,8,1,1,C02,7,9,1,9,2,11,,26,26,1,2,1,C02,120.59168,24.18127,2
2022,12,7,7,6,臺中市,龍井區,0,1,0,8,1,5,50,14,7,1,5,4,5,7,2,1,1,4,4,2,13,23,2,9,1,1,C03,7,9,1,10,2,11,,23,23,1,12,1,C03,120.547544,24.201435,2
2022,12,7,7,15,臺中市,大甲區,0,1,0,8,1,5,30,14,9,1,5,4,5,7,4,4,10,5,5,2,12,19,3,10,1,1,B03,7,1,1,8,2,8,,19,19,1,22,1,B03,120.618314,24.357168,2
2022,12,7,7,20,臺中市,北屯區,0,0,0,8,,,40,,,,,,,,,,,,,,,23,,,,,B03,,,1,,1,,,23,,1,21,,B03,120.665328,24.199345,3
2022,12,7,7,20,臺中市,霧峰區,0,0,0,8,,,40,,,,,,,,,,,,,,,8,,,,,B03,,,3,,2,,,8,,1,12,,B03,120.663019,24.072322,3
2022,12,7,7,22,臺中市,潭子區,0,2,0,8,1,5,50,3,1,1,5,4,5,7,1,1,10,5,5,2,16,25,2,8,1,1,C03,7,5,1,10,2,11,,25,25,1,22,8,C03,120.707407,24.211169,2
2022,12,7,7,22,臺中市,南區,0,1,0,7,1,5,50,3,1,1,5,4,5,7,1,1,10,5,5,2,16,6,2,9,3,4,C03,7,5,1,10,2,12,,6,6,1,5,8,C03,120.697661,24.147738,2
2022,12,7,7,23,臺中市,西區,0,0,0,8,,,30,,,,,,,,,,,,,,,6,,,,,C03,,,1,,1,,,6,,1,4,,C03,120.656596,24.15433,3
2022,12,7,7,25,臺中市,太平區,0,1,0,8,1,5,50,14,9,1,5,4,5,7,4,4,9,5,5,2,12,1,2,9,1,1,C03,7,9,1,10,2,14,,42,23,1,19,8,C03,120.724739,24.10717,2
2022,12,7,7,26,臺中市,龍井區,0,0,0,8,,,70,,,,,,,,,,,,,,,16,,,,,B03,,,1,,2,,,16,,1,12,,B03,120.506847,24.21279,3
2022,12,7,7,30,臺中市,豐原區,0,0,0,8,,,50,,,,,,,,,,,,,,,19,,,,,C03,,,1,,2,,,19,,1,21,,C03,120.729652,24.247391,4
2022,12,7,7,32,臺中市,沙鹿區,0,2,0,8,1,5,50,4,1,1,5,4,5,7,3,1,10,5,5,2,17,19,3,10,1,1,C03,7,1,1,10,2,11,,19,19,1,22,8,C03,120.573628,24.229108,2
2022,12,7,7,35,臺中市,沙鹿區,0,2,0,8,1,5,50,4,2,1,5,4,5,7,1,1,8,3,5,1,17,25,2,9,3,4,C03,7,5,4,8,2,11,,25,25,1,22,8,C03,120.617294,24.240705,2
2022,12,7,7,36,臺中市,西屯區,0,0,0,8,,,80,,,,,,,,,,,,,,,23,,,,,B03,,,1,,1,,,23,,1,22,,B03,120.63421,24.175245,3
2022,12,7,7,36,臺中市,豐原區,0,2,0,8,1,5,50,3,1,1,5,4,5,7,3,1,10,5,5,2,16,6,2,5,1,1,C03,7,5,1,10,2,14,,6,6,1,21,8,C03,120.709279,24.253445,2
2022,12,7,7,39,臺中市,北屯區,0,2,0,8,1,5,50,4,1,1,5,4,5,7,1,1,10,5,5,2,13,16,2,9,1,1,C03,7,9,4,11,2,11,,16,16,1,21,8,C03,120.694961,24.17763,2
2022,12,7,7,39,臺中市,大里區,0,1,0,8,1,5,50,4,1,1,5,4,5,7,1,1,5,5,4,1,16,6,3,10,1,1,B03,7,5,1,8,2,8,,6,6,1,22,9,B03,120.67453,24.097728,2
2022,12,7,7,39,臺中市,沙鹿區,0,2,0,8,1,5,40,4,1,1,5,4,5,7,1,1,1,5,5,2,16,9,3,10,1,1,B03,7,6,1,8,2,7,,9,9,1,21,8,B03,120.581092,24.201811,2
2022,12,7,7,40,臺中市,大雅區,0,0,0,8,,,30,,,,,,,,,,,,,,,23,,,,,B03,,,1,,2,,,23,,1,21,,B03,120.623783,24.234088,3
2022,12,7,7,40,臺中市,烏日區,0,0,0,8,,,60,,,,,,,,,,,,,,,42,,,,,,,,,,,,,42,,1,,,,120.633177,24.105785,3
2022,12,7,7,40,臺中市,大甲區,0,1,0,8,1,5,50,4,1,1,5,4,5,7,1,1,10,4,4,2,12,17,3,10,1,1,B03,7,9,1,8,2,2,,17,17,1,22,1,B03,120.624921,24.352202,2
2022,12,7,7,42,臺中市,大甲區,0,2,0,8,1,5,30,11,9,1,5,4,5,7,4,4,10,5,5,2,11,23,2,9,1,1,C03,7,9,1,10,2,11,,23,23,1,22,1,C03,120.628818,24.346458,2
2022,12,7,7,44,臺中市,北屯區,0,0,0,6,,,50,,,,,,,,,,,,,,,7,,,,,B03,,9,1,8,2,5,,23,7,1,21,8,B03,120.719914,24.163033,3
2022,12,7,7,46,臺中市,西屯區,0,1,0,8,1,5,50,14,9,1,5,4,5,7,4,4,1,4,5,1,17,43,3,10,1,4,B03,7,9,1,8,1,1,,43,43,1,4,8,B03,120.657337,24.197227,2
2022,12,7,7,47,臺中市,東區,0,2,0,8,1,5,30,3,1,1,5,4,5,7,4,4,10,5,5,2,16,23,3,10,1,1,B03,7,5,1,8,2,1,,23,23,1,21,8,B03,120.698055,24.139599,2
2022,12,7,7,48,臺中市,潭子區,0,2,0,8,1,5,50,14,7,1,5,4,5,7,4,4,5,4,4,1,17,19,2,8,1,1,C03,7,1,1,10,2,14,,19,19,1,22,8,C03,120.70872,24.210589,2
2022,12,7,7,48,臺中市,烏日區,0,2,0,8,1,5,50,4,1,1,5,4,5,7,2,1,10,5,5,2,15,25,2,9,1,1,C03,7,9,1,10,2,11,,25,25,1,21,1,C03,120.635741,24.097294,2
2022,12,7,7,49,臺中市,龍井區,0,0,0,8,,,50,,,,,,,,,,,,,,,16,,,,,C03,,,1,,2,,,16,,1,18,,C03,120.545012,24.192066,3
2022,12,7,7,49,臺中市,外埔區,0,2,0,8,1,5,50,3,1,1,5,4,5,2,4,4,10,5,5,1,16,6,2,9,1,1,C03,7,5,1,10,2,14,,6,6,1,22,8,C03,120.648839,24.353783,2
2022,12,7,7,50,臺中市,大甲區,0,1,0,8,1,5,50,14,9,1,5,4,5,7,4,4,5,5,5,2,17,26,3,10,1,1,B03,7,11,1,8,2,2,,26,26,1,22,1,B03,120.627601,24.34613,2
2022,12,7,7,51,臺中市,潭子區,0,1,0,8,1,5,40,14,7,1,5,4,5,7,4,4,5,4,4,2,17,40,3,10,3,1,B12,7,13,1,8,9,4,,40,40,1,22,8,B12,120.703433,24.211329,2
2022,12,7,7,53,臺中市,太平區,0,0,0,8,,,30,,,,,,,,,,,,,,,10,,,,,B12,,,1,,2,,,10,,1,5,,B12,120.725755,24.11088,3
2022,12,7,7,58,臺中市,大里區,0,1,0,8,1,5,50,4,1,1,5,4,5,7,1,1,5,4,4,1,18,42,2,9,3,4,C03,7,9,1,10,2,14,,42,42,1,12,8,C03,120.682286,24.0653,2
2022,12,7,7,59,臺中市,梧棲區,0,1,0,8,1,5,40,3,8,1,5,4,5,7,4,4,1,4,5,1,13,9,3,10,1,1,B03,7,6,1,8,2,7,,9,9,1,3,1,B03,120.533462,24.243921,2
2022,12,7,8,0,臺中市,烏日區,0,0,0,8,1,5,50,14,9,1,5,4,5,7,4,4,9,4,5,1,16,10,,,,,B03,,,1,,2,,,10,,1,22,,B03,120.641013,24.105821,3
2022,12,7,8,3,臺中市,西區,0,0,0,,,,50,,,,,,,,,,,,,,,23,,,,,B03,,,1,,1,,,23,,1,5,,B03,120.67239,24.148957,3
2022,12,7,8,3,臺中市,北屯區,0,0,0,8,,,50,,,,,,,,,,,,,,,23,,,,,B03,,,1,,2,,,23,,1,4,,B03,120.6971,24.1832,3
2022,12,7,8,10,臺中市,北屯區,0,1,0,8,1,8,50,14,9,1,5,4,5,7,4,4,5,4,5,1,16,19,3,10,1,1,C03,7,1,4,8,2,11,,19,19,1,21,8,C03,120.719141,24.176303,2
2022,12,7,8,10,臺中市,西屯區,0,1,0,8,1,5,30,3,1,1,5,4,5,7,4,4,10,5,5,2,16,6,3,10,1,1,B03,7,6,1,8,2,8,,6,6,1,22,9,B03,120.649194,24.183425,2
2022,12,7,8,10,臺中市,烏日區,0,1,0,8,1,5,50,5,1,1,5,4,5,7,1,1,9,2,5,1,16,6,3,10,1,1,B03,7,5,1,8,2,8,,6,6,1,22,8,B03,120.651351,24.055801,2
2022,12,7,8,10,臺中市,沙鹿區,0,1,0,8,1,5,50,4,1,1,5,4,5,7,4,4,10,5,5,2,15,6,2,9,1,1,C03,7,9,1,10,2,11,,6,6,1,22,8,C03,120.581959,24.221976,2
2022,12,7,8,12,臺中市,南屯區,0,0,0,8,,,50,,,,,,,,,,,,,,,43,,,,,B03,,,1,,2,,,43,,1,22,,B03,120.647263,24.146828,3
2022,12,7,8,14,臺中市,南屯區,0,0,0,,,,50,,,,,,,,,,,,,,,19,,,,,B03,,,1,,2,,,19,,1,22,,B03,120.632326,24.152986,3
2022,12,7,8,15,臺中市,后里區,0,1,0,8,1,5,50,3,1,1,5,4,5,7,4,4,10,5,5,2,16,6,3,10,1,1,B03,7,6,1,8,2,4,,6,6,1,21,1,B03,120.72182,24.308952,2
2022,12,7,8,20,臺中市,西屯區,0,1,0,8,1,5,50,4,1,1,5,4,5,7,1,1,10,5,5,2,16,10,3,10,1,1,B01,7,11,1,4,2,2,,10,10,1,10,8,B01,120.639584,24.182228,2
2022,12,7,8,22,臺中市,大雅區,0,0,0,8,,,50,,,,,,,,,,,,,,,23,,,,,B03,,,1,,2,,,23,,1,22,,B03,120.656754,24.221885,3
2022,12,7,8,22,臺中市,大里區,0,2,0,8,1,5,50,3,1,1,5,4,5,7,4,4,10,5,5,2,16,6,2,9,1,1,C03,7,5,1,10,2,12,,6,6,1,5,7,C03,120.676868,24.097803,2
2022,12,7,8,22,臺中市,沙鹿區,0,1,0,8,1,5,50,3,2,1,5,4,5,7,4,4,8,3,4,1,17,8,2,9,3,4,C03,7,5,1,10,2,11,,8,8,1,22,8,C03,120.562111,24.252138,2
2022,12,7,8,25,臺中市,豐原區,0,0,0,8,,,50,,,,,,,,,,,,,,,16,,,,,B03,,,1,,2,,,16,16,1,22,,B03,120.716343,24.242975,3
2022,12,7,8,27,臺中市,沙鹿區,0,0,0,8,,,50,,,,,,,,,,,,,,,18,,,,,B03,,,1,,1,,,18,,1,4,,B03,120.561947,24.236773,3
2022,12,7,8,28,臺中市,北區,0,0,0,8,,,50,,,,,,,,,,,,,,,17,,,,,B03,,,1,,1,,,17,,1,22,,B03,120.676191,24.158299,3
2022,12,7,8,30,臺中市,西屯區,0,0,0,8,,,50,,,,,,,,,,,,,,,43,,,,,A41,,,7,,11,,,43,,1,22,,A41,120.636925,24.172006,3
2022,12,7,8,34,臺中市,大雅區,0,0,0,8,,,50,,,,,,,,,,,,,,,2,,,,,C03,,,1,,2,,,2,,1,22,,C03,120.667688,24.215788,3
2022,12,7,8,34,臺中市,烏日區,0,0,0,8,,,30,,,,,,,,,,,,,,,12,,,,,B12,,,1,,2,,,12,,1,22,,B12,120.604261,24.115426,3
2022,12,7,8,43,臺中市,北區,0,1,0,8,1,5,50,4,1,1,5,4,5,7,2,1,10,5,5,2,12,9,3,10,1,1,B03,7,6,1,8,2,6,,9,9,1,18,8,B03,120.667933,24.160445,2
2022,12,7,8,45,臺中市,北區,0,2,0,8,1,5,50,4,1,1,5,4,5,7,1,1,10,5,5,2,16,6,2,9,1,1,C03,7,5,1,10,2,13,,6,6,1,22,8,C03,120.68237,24.159103,2
2022,12,7,8,45,臺中市,烏日區,0,0,0,8,1,5,,14,9,1,5,4,5,7,4,4,1,4,5,1,17,43,,,,,C03,,,8,,10,,,44,43,1,22,,C03,120.633605,24.105908,3
2022,12,7,8,46,臺中市,北區,0,1,0,8,1,5,40,3,1,1,5,4,5,7,4,4,1,4,4,2,16,6,3,10,1,1,B03,7,6,1,8,2,5,,6,6,1,22,8,B03,120.676582,24.15658,2
2022,12,7,8,51,臺中市,大雅區,0,1,0,8,1,5,50,4,1,1,5,4,5,7,1,1,5,5,5,2,17,23,2,9,1,1,C03,7,4,1,10,2,12,,23,23,1,21,8,C03,120.669599,24.222451,2
2022,12,7,8,52,臺中市,北區,0,1,0,8,1,5,50,14,9,1,5,4,5,7,4,4,10,5,5,2,17,42,2,9,1,1,C03,7,15,1,10,2,15,,42,42,1,18,8,C03,120.676031,24.157662,2
2022,12,7,8,55,臺中市,大雅區,0,0,0,8,,,50,,,,,,,,,,,,,,,16,,,,,B03,,,1,,2,,,16,,1,22,,B03,120.612433,24.210396,3
2022,12,7,8,56,臺中市,西屯區,0,0,0,8,,,50,,,,,,,,,,,,,,,23,,,,,B03,,,1,,1,,,23,23,1,4,,B03,120.639908,24.157525,3
2022,12,7,9,0,臺中市,西區,0,0,0,8,,,30,,,,,,,,,,,,,,,12,,,,,B12,,,1,,1,,,12,,1,21,,B12,120.661313,24.152047,3