年,月,日,時,分,縣市,區,死,受傷,2-30,天候,光線,道路類別,速限,道路型態,事故位置,路面鋪裝,路面狀態,路面缺陷,障礙物,視距,號誌種類,號誌動作,分向設施,快車道或一般車道間,快慢車道間,路面邊線,事故類型及型態,主要肇因,受傷程度,主要傷處,保護裝備,行動電話,當事者區分,車輛用途,當事者行動狀態,駕駛資格情形,駕駛執照種類,飲酒情形,車輛撞擊部位最初,車輛撞擊部位其他,肇事因素個別,肇事因素主要,肇事逃逸,職業,旅次目的,車種,GPS緯度,GPS經度,事故類別
2022,12,9,14,1,臺中市,大肚區,0,2,0,8,1,5,50,3,1,1,5,4,5,7,1,1,10,5,5,2,16,8,2,9,1,1,C03,7,5,1,10,2,13,,8,8,1,19,8,C03,120.543682,24.159439,2
2022,12,9,14,9,臺中市,西區,0,1,0,8,1,5,50,5,1,1,5,4,5,7,1,1,5,5,5,2,16,26,3,10,3,4,B03,7,6,1,8,2,2,,26,3,1,21,8,B03,120.672019,24.131402,2
2022,12,9,14,9,臺中市,北區,0,1,0,8,1,5,50,14,7,1,5,4,5,7,4,4,5,5,4,2,13,23,2,9,1,1,C03,7,9,1,10,2,11,,23,23,1,22,8,C03,120.688986,24.158995,2
2022,12,9,14,16,臺中市,北區,0,2,0,8,1,5,40,4,2,1,5,4,5,7,2,1,2,4,4,2,16,23,2,9,1,1,C03,7,8,1,10,2,11,,23,23,1,22,8,C03,120.68983,24.157515,2
2022,12,9,14,21,臺中市,中區,0,2,0,8,1,5,50,4,1,1,5,4,5,7,1,1,5,5,5,2,12,8,2,9,3,4,C03,7,5,1,10,2,14,,8,8,1,21,8,C03,120.685674,24.138378,2
2022,12,9,14,21,臺中市,西區,0,1,0,8,1,5,50,3,1,1,5,4,5,7,4,4,10,5,5,2,17,10,2,9,1,1,C03,7,11,1,10,2,13,,10,10,1,4,7,C03,120.665086,24.153367,2
2022,12,9,14,22,臺中市,梧棲區,0,2,0,8,1,5,40,3,8,1,5,4,5,7,1,1,1,4,1,1,13,16,2,8,1,1,C03,7,9,1,10,2,11,,16,16,1,5,8,C03,120.544331,24.247096,2
2022,12,9,14,30,臺中市,南屯區,0,0,0,8,,,50,,,,,,,,,,,,,,,23,,,,,B03,,,1,,2,,,23,,1,5,,B03,120.645446,24.149563,3
2022,12,9,14,30,臺中市,太平區,0,1,0,8,1,5,40,3,1,1,5,4,5,7,4,4,10,5,5,2,16,26,3,10,3,4,B03,7,5,1,8,2,5,,26,26,1,9,8,B03,120.701195,24.11243,2
2022,12,9,14,32,臺中市,北區,0,1,0,8,1,5,50,3,1,1,5,4,5,7,2,1,10,5,5,2,16,6,3,10,1,1,A12,7,5,1,7,2,5,,6,6,1,22,9,A12,120.689134,24.153572,2
2022,12,9,14,35,臺中市,北屯區,0,0,0,8,,,80,,,,,,,,,,,,,,,23,,,,,B12,,,6,,3,,,23,23,1,5,,B12,120.720696,24.169225,3
2022,12,9,14,38,臺中市,太平區,0,0,0,8,,,40,,,,,,,,,,,,,,,23,,,,,B03,,,1,,2,,,23,,1,22,,B03,120.717589,24.158579,3
2022,12,9,14,42,臺中市,西屯區,0,1,0,8,1,5,50,3,1,1,5,4,5,7,4,4,1,4,5,1,13,23,3,10,1,4,B03,7,9,1,8,1,1,,23,23,1,4,8,B03,120.641158,24.156376,2
2022,12,9,14,46,臺中市,太平區,0,1,0,8,1,5,50,14,9,1,5,4,5,7,4,4,5,4,5,1,16,19,3,10,1,1,C03,7,1,1,10,2,14,,19,19,1,22,8,C03,120.71253,24.156716,2
2022,12,9,14,47,臺中市,太平區,0,1,0,8,1,5,50,14,9,1,5,4,5,7,3,1,10,5,5,2,14,12,3,10,3,4,B03,7,2,1,8,1,3,,12,12,1,5,8,B03,120.717906,24.122742,2
2022,12,9,14,48,臺中市,東區,0,1,0,8,1,5,50,4,1,1,5,4,5,7,1,1,10,5,5,2,16,23,2,9,1,1,C03,7,9,1,10,2,11,,23,23,1,22,8,C03,120.704804,24.130636,2
2022,12,9,14,49,臺中市,豐原區,0,1,0,8,1,5,50,4,1,1,5,4,5,7,4,4,5,5,5,2,16,6,3,10,3,4,B03,7,6,1,8,2,5,,6,6,1,9,8,B03,120.733625,24.253216,2
2022,12,9,14,50,臺中市,潭子區,0,0,0,8,1,5,60,14,9,1,5,4,5,7,4,4,1,4,5,1,13,23,3,10,1,1,B02,7,9,6,18,2,1,,23,23,1,21,8,B02,120.70392,24.203285,3
2022,12,9,14,52,臺中市,烏日區,0,0,0,8,,,60,,,,,,,,,,,,,,,23,,,,,B03,,,1,,2,,,23,,1,5,,B03,120.613033,24.106936,3
2022,12,9,14,53,臺中市,北屯區,0,1,0,8,1,5,50,4,1,1,5,4,5,7,1,1,10,5,5,2,16,6,3,10,1,1,B03,7,6,1,8,2,5,,6,6,1,22,8,B03,120.724661,24.169443,2
2022,12,9,14,57,臺中市,潭子區,0,0,0,8,,,50,,,,,,,,,,,,,,,23,,,,,B12,,,1,,2,,,23,,1,22,,B12,120.688726,24.216026,3
2022,12,9,14,59,臺中市,北屯區,0,0,0,8,,,40,,,,,,,,,,,,,,,19,,,,,B03,,,1,,1,,,19,,1,21,,B03,120.714562,24.182572,3
2022,12,9,15,0,臺中市,北區,0,1,0,8,1,5,50,4,1,1,5,4,5,7,1,1,1,4,5,2,16,8,2,9,1,1,C03,7,5,1,10,2,11,,8,8,1,21,8,C03,120.671456,24.17374,2
2022,12,9,15,1,臺中市,北屯區,0,0,0,8,,,60,,,,,,,,,,,,,,,16,,,,,B12,,,1,,1,,,16,,1,21,,B12,120.721288,24.162616,3
2022,12,9,15,1,臺中市,霧峰區,0,2,0,8,1,5,40,3,1,1,5,4,5,7,4,4,10,5,5,2,17,23,2,9,1,1,C03,7,9,1,10,2,11,,23,23,1,22,8,C03,120.704303,24.071215,2
2022,12,9,15,2,臺中市,大雅區,0,0,0,8,,,50,,,,,,,,,,,,,,,18,,,,,B12,,,1,,2,,,18,,1,22,,B12,120.647066,24.215271,3
2022,12,9,15,3,臺中市,西區,0,2,0,8,1,5,40,14,8,1,5,4,5,7,4,4,1,5,3,2,13,23,2,9,3,4,C03,7,9,1,10,2,11,,23,23,1,22,5,C03,120.663511,24.155272,2
2022,12,9,15,4,臺中市,潭子區,0,1,0,8,1,5,50,14,9,1,5,4,5,7,1,1,5,4,5,1,13,23,2,9,1,1,C03,7,9,1,10,2,11,,23,23,1,22,8,C03,120.719127,24.193562,2
2022,12,9,15,5,臺中市,神岡區,0,0,0,8,,,30,,,,,,,,,,,,,,,9,,,,,B03,,,1,,2,,,9,,1,22,,B03,120.678635,24.238846,3
2022,12,9,15,8,臺中市,中區,0,0,0,,,,50,,,,,,,,,,,,,,,23,,,,,B03,,,1,,1,,,23,,1,20,,B03,120.677263,24.140206,3
2022,12,9,15,10,臺中市,神岡區,0,1,0,8,1,5,30,4,1,1,5,4,5,7,4,4,10,5,5,2,17,6,3,10,1,1,B03,7,9,1,8,2,2,,6,6,1,12,8,B03,120.700241,24.266973,2
2022,12,9,15,11,臺中市,東勢區,0,0,0,8,,,50,,,,,,,,,,,,,,,23,,,,,B03,,,1,,2,,,23,,1,5,,B03,120.827568,24.260121,3
2022,12,9,15,14,臺中市,東區,0,0,0,,,,50,,,,,,,,,,,,,,,23,,,,,B03,,,6,,2,,,23,,1,5,,B03,120.687868,24.136529,3
2022,12,9,15,15,臺中市,北區,0,0,0,8,,,50,,,,,,,,,,,,,,,23,,,,,B03,,,1,,1,,,23,,1,22,,B03,120.672341,24.170415,3
2022,12,9,15,15,臺中市,北屯區,0,1,0,8,1,5,40,14,8,1,5,4,5,7,4,4,5,5,4,2,13,23,3,10,2,1,F01,7,9,8,20,2,16,,23,23,1,22,8,F01,120.690508,24.173663,2
2022,12,9,15,33,臺中市,烏日區,0,0,0,8,,,50,,,,,,,,,,,,,,,23,,,,,B01,,,1,,2,,,23,,1,10,,B01,120.627384,24.108772,3
2022,12,9,15,36,臺中市,南屯區,0,0,0,8,,,50,,,,,,,,,,,,,,,23,,,,,B03,,,1,,1,,,23,,1,5,,B03,120.627096,24.148411,3
2022,12,9,15,37,臺中市,西屯區,0,1,0,8,1,5,50,14,9,1,5,4,5,7,4,4,1,4,5,2,12,7,2,9,3,4,C03,7,7,1,10,2,14,,7,7,1,22,8,C03,120.652985,24.16699,2
2022,12,9,15,39,臺中市,西區,0,2,0,8,1,5,50,4,1,1,5,4,5,7,1,1,5,5,5,2,12,44,2,9,3,4,C03,7,9,1,10,2,11,,44,44,1,21,8,C03,120.661645,24.144308,2
2022,12,9,15,43,臺中市,南屯區,0,0,0,8,,,50,,,,,,,,,,,,,,,23,,,,,B12,,,1,,1,,,23,,1,5,,B12,120.647505,24.12398,3
2022,12,9,15,44,臺中市,大里區,0,1,0,8,1,5,50,4,2,1,5,4,5,7,1,1,5,4,4,1,16,6,2,9,3,4,C03,7,1,1,10,2,14,,6,6,1,22,9,C03,120.67514,24.103085,2
2022,12,9,15,45,臺中市,東區,0,1,0,8,1,5,50,14,9,1,5,4,5,7,4,4,9,4,5,2,16,23,2,9,1,1,C03,7,4,1,10,2,14,,23,23,1,21,8,C03,120.682683,24.135021,2
2022,12,9,15,45,臺中市,大肚區,0,0,0,8,,,50,,,,,,,,,,,,,,,19,,,,,B03,,,4,,11,,,19,,1,22,,B03,120.574451,24.169824,3
2022,12,9,15,46,臺中市,西屯區,0,0,0,8,,,30,,,,,,,,,,,,,,,6,,,,,C03,,,1,,1,,,6,,1,4,,C03,120.646441,24.18039,3
2022,12,9,15,48,臺中市,西屯區,0,1,0,8,1,5,50,4,2,1,5,4,5,7,4,4,5,4,5,2,13,23,2,9,3,4,C03,7,9,1,10,2,11,,23,23,1,22,8,C03,120.645298,24.17758,2
2022,12,9,15,51,臺中市,東區,0,1,0,8,1,5,50,4,1,1,5,4,5,7,2,1,10,5,5,2,16,6,3,10,1,1,B12,7,5,1,8,2,2,,6,6,1,21,8,B12,120.697299,24.147967,2
2022,12,9,15,53,臺中市,東區,0,0,0,,,,50,,,,,,,,,,,,,,,6,,,,,C03,,,1,,2,,,43,6,1,22,,C03,120.696366,24.127291,3
2022,12,9,15,56,臺中市,太平區,0,1,0,8,1,5,50,3,1,1,5,4,5,7,1,1,10,5,5,1,16,25,3,10,1,1,B11,7,5,1,8,2,6,,25,25,1,10,8,B11,120.713691,24.133383,2
2022,12,9,15,56,臺中市,大甲區,0,1,0,8,1,5,50,3,9,1,5,4,5,7,4,4,1,5,5,1,16,26,2,8,1,1,C03,7,5,1,10,2,12,,26,26,1,20,8,C03,120.622706,24.348914,2
2022,12,9,15,58,臺中市,北區,0,0,0,8,,,40,,,,,,,,,,,,,,,19,,,,,B03,,,1,,1,,,19,,1,21,,B03,120.68117,24.149855,3
2022,12,9,16,4,臺中市,西屯區,0,1,0,8,1,5,30,4,1,1,5,4,5,7,4,4,10,5,5,2,15,6,2,8,1,1,C03,7,9,1,10,2,11,,6,6,1,22,8,C03,120.616435,24.187851,2
2022,12,9,16,5,臺中市,西屯區,0,1,0,8,1,5,50,14,7,1,5,4,5,7,4,4,5,3,4,2,16,10,3,10,1,1,B03,7,11,1,8,2,4,,10,10,1,22,9,B03,120.620821,24.172368,2
2022,12,9,16,10,臺中市,大里區,0,0,0,8,,,30,,,,,,,,,,,,,,,6,,,,,B03,,,1,,2,,,6,,1,4,,B03,120.714649,24.096755,3
2022,12,9,16,13,臺中市,南屯區,0,0,0,8,1,5,50,14,9,1,5,4,5,7,4,4,5,4,5,2,16,7,3,10,1,1,C03,7,8,1,10,1,11,,7,7,1,4,8,C03,120.637656,24.135766,3
2022,12,9,16,15,臺中市,神岡區,0,1,0,8,1,5,30,3,2,1,5,4,5,7,4,4,10,5,5,2,18,42,2,9,1,1,C03,7,9,1,10,2,11,,42,42,1,12,8,C03,120.697162,24.266586,2
2022,12,9,16,16,臺中市,東區,0,0,0,,,,50,,,,,,,,,,,,,,,7,,,,,B03,,,1,,2,,,7,,1,5,,B03,120.689144,24.136986,3
2022,12,9,16,18,臺中市,東區,0,1,0,8,1,5,50,4,1,1,5,4,5,7,4,4,10,5,5,2,15,6,3,10,1,1,B03,7,9,1,8,2,5,2,6,6,1,21,8,B03,120.698721,24.12797,2
2022,12,9,16,30,臺中市,神岡區,0,1,0,8,1,5,50,3,2,1,5,4,5,7,4,4,5,5,4,2,16,1,3,10,1,1,B03,7,4,1,8,2,2,,1,1,1,22,9,B03,120.686451,24.249576,2
2022,12,9,16,31,臺中市,大里區,0,0,0,8,,,50,,,,,,,,,,,,,,,7,,,,,B03,,,1,,2,,,7,,1,22,,B03,120.68046,24.104458,3
2022,12,9,16,32,臺中市,南區,0,1,0,8,1,5,50,3,1,1,5,4,5,7,4,4,3,5,5,2,16,6,3,10,1,1,B03,7,6,1,8,2,6,,6,6,1,21,8,B03,120.662252,24.121343,2
2022,12,9,16,33,臺中市,大雅區,0,2,0,8,1,5,50,14,8,1,5,4,5,7,4,4,5,4,5,1,17,7,2,9,1,1,C03,7,8,1,10,2,13,11,7,7,1,22,9,C03,120.646456,24.226024,2
2022,12,9,16,36,臺中市,北區,0,0,0,,,,50,,,,,,,,,,,,,,,23,,,,,B03,,,1,,2,,,23,,1,5,,B03,120.682083,24.144309,3
2022,12,9,16,36,臺中市,大里區,0,2,0,8,1,5,50,3,1,1,5,4,5,7,1,1,10,5,5,2,16,7,3,10,1,1,B03,7,8,1,8,2,2,,7,7,1,22,8,B03,120.682081,24.079635,2
2022,12,9,16,37,臺中市,北屯區,0,1,0,8,1,5,50,4,1,1,5,4,5,7,2,1,10,5,5,2,16,23,3,10,1,1,B02,7,6,1,8,2,5,,42,23,1,22,8,B02,120.690488,24.176863,2
2022,12,9,16,37,臺中市,西屯區,0,2,0,8,1,5,40,3,1,1,5,4,5,7,4,4,10,5,5,2,16,6,2,9,1,1,C03,7,5,1,10,2,11,,6,6,1,22,8,C03,120.652581,24.176175,2
2022,12,9,16,37,臺中市,龍井區,0,1,0,8,1,5,40,4,2,1,5,4,5,7,2,1,10,5,1,1,13,23,2,8,3,4,C03,7,9,1,10,2,11,,23,23,1,22,9,C03,120.583228,24.187041,2
2022,12,9,16,38,臺中市,大里區,0,0,0,8,,,50,,,,,,,,,,,,,,,23,,,,,B03,,,1,,2,,,23,,1,5,,B03,120.699757,24.115178,3
2022,12,9,16,40,臺中市,西屯區,0,0,0,8,,,50,,,,,,,,,,,,,,,23,,,,,B03,,,1,,11,,,23,,1,22,,B03,120.652565,24.176175,3
2022,12,9,16,45,臺中市,東區,0,3,0,8,1,7,80,14,7,1,5,4,5,7,4,4,1,4,5,2,13,16,2,3,1,1,B03,7,9,1,8,5,1,,16,23,1,5,8,B03,120.707978,24.13308,2
2022,12,9,16,50,臺中市,北區,0,1,0,8,1,5,50,4,1,1,5,4,5,7,2,1,10,5,5,2,13,16,2,8,1,1,C03,7,9,1,10,2,12,,16,16,1,22,9,C03,120.671456,24.17374,2
2022,12,9,16,50,臺中市,西屯區,0,0,0,8,,,80,,,,,,,,,,,,,,,16,,,,,A41,,,1,,1,,,16,,1,22,,A41,120.653613,24.16738,3
2022,12,9,16,50,臺中市,大里區,0,0,0,8,,,50,,,,,,,,,,,,,,,16,,,,,B03,,,1,,2,,,16,,1,4,,B03,120.687011,24.087508,3
2022,12,9,16,52,臺中市,北屯區,0,1,0,8,1,5,50,14,9,1,5,4,5,7,4,4,1,4,5,2,12,17,3,10,1,1,B03,7,9,1,8,2,2,,17,17,1,21,8,B03,120.670564,24.175432,2
2022,12,9,16,52,臺中市,梧棲區,0,0,0,8,,,60,,,,,,,,,,,,,,,23,,,,,C03,,,1,,2,,,23,,1,12,,C03,120.537353,24.252209,3
2022,12,9,16,53,臺中市,西屯區,0,1,0,8,1,5,50,14,9,1,5,4,5,7,4,4,2,4,5,2,16,19,3,10,1,1,B01,7,1,1,4,2,2,,19,19,1,4,8,B01,120.602672,24.183178,2
2022,12,9,16,54,臺中市,北區,0,0,0,8,,,508,,,,,,,,,,,,,,,42,,,,,B12,,,1,,2,,,42,,1,22,,B12,120.692268,24.1576,3
2022,12,9,16,59,臺中市,豐原區,0,0,0,8,,,40,,,,,,,,,,,,,,,7,,,,,C04,,,1,,2,,,7,,1,22,,C04,120.731261,24.249697,3
2022,12,9,17,0,臺中市,龍井區,0,1,0,8,2,5,40,14,8,1,5,4,5,7,4,4,10,5,1,2,17,23,2,9,3,4,C03,7,9,1,10,2,11,,23,23,1,22,9,C03,120.579798,24.176666,2
2022,12,9,17,1,臺中市,北屯區,0,0,0,8,,,50,,,,,,,,,,,,,,,7,,,,,B03,,,1,,1,,,7,,1,22,,B03,120.664118,24.185722,3
2022,12,9,17,2,臺中市,潭子區,0,1,0,8,1,5,50,4,2,1,5,4,5,7,1,1,1,4,4,1,12,17,3,10,1,1,B03,7,9,1,8,2,2,,17,17,1,22,9,B03,120.71132,24.206642,2
2022,12,9,17,4,臺中市,西區,0,0,0,8,3,5,50,14,7,1,5,4,5,7,4,4,3,4,4,2,13,23,,,,,B03,,,1,,1,,,23,,1,5,,B03,120.657755,24.153879,3
2022,12,9,17,4,臺中市,北屯區,0,0,0,8,,,40,,,,,,,,,,,,,,,7,,,,,A11,,,1,,1,,,7,,1,21,,A11,120.719226,24.163195,3
2022,12,9,17,7,臺中市,大雅區,0,0,0,8,,,40,,,,,,,,,,,,,,,42,,,,,A02,,,1,,2,,,42,,1,22,,A02,120.62804,24.229417,3
2022,12,9,17,7,臺中市,大甲區,0,1,0,8,1,5,40,14,8,1,5,4,5,7,4,4,5,4,4,1,13,16,3,10,1,1,C03,7,9,1,10,2,11,,16,16,1,4,1,C03,120.614031,24.351651,2
2022,12,9,17,12,臺中市,神岡區,0,2,0,8,3,5,50,15,9,1,5,4,5,7,1,1,5,5,5,2,17,6,2,9,1,1,C03,7,5,1,10,2,11,,6,6,1,22,8,C03,120.689664,24.257639,2
2022,12,9,17,13,臺中市,東區,0,0,0,,,,50,,,,,,,,,,,,,,,43,,,,,C03,,,1,,2,,,43,,1,21,,C03,120.68295,24.134424,3
2022,12,9,17,13,臺中市,北屯區,0,0,0,8,,,50,,,,,,,,,,,,,,,23,,,,,B03,,,1,,1,,,23,,1,22,,B03,120.694813,24.183288,3
2022,12,9,17,14,臺中市,龍井區,0,0,0,8,,,50,,,,,,,,,,,,,,,19,,,,,B03,,,1,,2,,,19,,1,12,,B03,120.543678,24.175175,4
2022,12,9,17,15,臺中市,大雅區,0,0,0,8,,,50,,,,,,,,,,,,,,,16,,,,,F03,,,1,,2,,,16,,1,22,,F03,120.65187,24.22774,3
2022,12,9,17,15,臺中市,后里區,0,0,0,8,2,5,60,4,1,1,5,4,5,7,2,1,10,5,2,2,23,3,,,,,B12,,,,,1,,,3,,1,22,,B12,120.676946,24.295041,3
2022,12,9,17,19,臺中市,北屯區,0,0,0,8,,,50,,,,,,,,,,,,,,,23,,,,,B03,,,1,8,1,,,23,23,1,21,,B03,120.689085,24.181987,3
2022,12,9,17,22,臺中市,龍井區,0,0,0,8,,,50,,,,,,,,,,,,,,,23,,,,,B12,,,1,,2,,,23,,1,7,,B12,120.543595,24.173583,3
2022,12,9,17,25,臺中市,南區,0,0,0,,,,50,,,,,,,,,,,,,,,26,,,,,A11,,,1,,9,,,26,,1,5,,A11,120.677324,24.130531,3
2022,12,9,17,25,臺中市,清水區,0,1,0,8,4,5,30,14,9,1,5,4,1,7,4,4,10,5,5,2,28,43,2,9,1,1,C03,7,9,1,10,2,11,,43,43,1,5,1,C03,120.552274,24.290447,2
2022,12,9,17,28,臺中市,東區,0,1,0,8,3,5,50,4,1,1,5,4,5,7,2,1,10,5,5,2,16,6,3,10,1,1,B03,7,5,1,8,2,1,,6,6,1,21,8,B03,120.692685,24.139625,2
2022,12,9,17,29,臺中市,南屯區,0,0,0,8,,,50,,,,,,,,,,,,,,,42,,,,,B03,,,1,,1,,,42,,1,20,,B03,120.640735,24.153969,3
2022,12,9,17,29,臺中市,大里區,0,0,0,8,,,50,,,,,,,,,,,,,,,7,,,,,B03,,,1,,2,,,7,,1,22,,B03,120.700005,24.114985,3
2022,12,9,17,29,臺中市,龍井區,0,0,0,8,,,60,,,,,,,,,,,,,,,23,,,,,B12,,,1,,1,,,23,,1,21,,B12,120.573534,24.186622,3
2022,12,9,17,30,臺中市,北屯區,0,1,0,8,3,5,50,3,1,1,5,4,5,7,4,4,10,5,5,2,16,6,3,10,1,1,B03,7,5,1,8,2,8,,6,6,1,22,8,B03,120.687205,24.179416,2
2022,12,9,17,32,臺中市,西屯區,0,0,0,8,,,50,,,,,,,,,,,,,,,23,,,,,C03,,,1,,1,,,23,,1,22,,C03,120.630644,24.162295,3
2022,12,9,17,32,臺中市,西屯區,0,1,0,8,3,5,50,3,1,1,5,4,5,7,4,4,10,5,5,2,16,26,3,10,3,4,C03,7,5,1,10,2,11,,26,26,1,22,8,C03,120.663756,24.166178,2
2022,12,9,17,32,臺中市,沙鹿區,0,1,0,8,3,5,50,5,1,1,5,4,5,7,1,1,1,4,1,1,13,23,3,10,1,1,B03,7,9,1,8,2,1,,23,23,1,4,8,B03,120.569725,24.23718,2
2022,12,9,17,33,臺中市,大里區,0,0,0,8,,,50,,,,,,,,,,,,,,,23,,,,,B03,,,1,,2,,,23,23,1,22,,B03,120.703648,24.111195,3
2022,12,9,17,35,臺中市,大雅區,0,1,0,8,3,5,50,14,9,1,5,4,5,7,4,4,5,5,5,1,13,16,2,9,1,1,C03,7,9,1,10,2,11,,16,16,1,22,9,C03,120.64126,24.21931,2
2022,12,9,17,35,臺中市,神岡區,0,2,0,8,3,5,50,15,9,1,5,4,5,7,1,1,5,5,4,2,17,8,3,10,1,1,B03,7,5,1,8,2,6,,8,8,1,22,8,B03,120.659828,24.2595,2
2022,12,9,17,36,臺中市,西屯區,0,0,0,8,,,50,,,,,,,,,,,,,,,16,,,,,B03,,,1,,1,,,16,,1,22,,B03,120.615946,24.182604,3
2022,12,9,17,36,臺中市,神岡區,0,0,0,8,,,50,,,,,,,,,,,,,,,26,,,,,B12,,,1,,2,,,26,26,1,22,,B12,120.697595,24.279149,3
2022,12,9,17,37,臺中市,北屯區,0,0,0,8,,,30,,,,,,,,,,,,,,,23,,,,,B03,,,1,,1,,,23,,1,21,,B03,120.702336,24.170548,3
2022,12,9,17,37,臺中市,太平區,0,1,0,8,3,5,50,4,2,1,5,4,5,7,4,4,5,4,5,2,12,23,3,10,3,4,B03,7,9,1,8,2,2,,23,23,1,5,8,B03,120.71263,24.125593,2
2022,12,9,17,43,臺中市,霧峰區,0,0,0,8,,,30,,,,,,,,,,,,,,,42,,,,,B03,,,1,,2,,,42,,1,21,,B03,120.707219,24.072468,3
2022,12,9,17,43,臺中市,大甲區,0,1,0,8,2,5,40,14,8,1,5,4,5,7,4,4,1,2,4,1,18,43,2,9,1,1,C03,7,9,1,10,2,14,,43,43,1,4,1,C03,120.644416,24.369925,2
2022,12,9,17,45,臺中市,北屯區,0,0,0,8,,,80,,,,,,,,,,,,,,,16,,,,,B03,,,1,,1,,,16,,1,22,,B03,120.722476,24.189745,3
2022,12,9,17,45,臺中市,北屯區,0,0,0,8,,,80,,,,,,,,,,,,,,,16,,,,,B03,,,1,,1,,,16,,1,22,,B03,120.722386,24.18998,3
2022,12,9,17,45,臺中市,大肚區,0,0,0,8,,,50,,,,,,,,,,,,,,,16,,,,,B03,,,1,,2,,,16,,1,1,,B03,120.567825,24.123605,3
2022,12,9,17,49,臺中市,清水區,0,0,0,8,,,50,,,,,,,,,,,,,,,42,,,,,B03,,,1,,2,,,42,,1,21,,B03,120.59983,24.304733,3
2022,12,9,17,50,臺中市,大里區,0,0,0,8,,,40,,,,,,,,,,,,,,,23,,,,,B03,,,1,,2,,,23,,1,5,,B03,120.670758,24.101084,3
2022,12,9,17,52,臺中市,西區,0,1,0,8,3,5,50,4,1,1,5,4,5,7,4,4,10,5,5,2,9,23,3,10,3,4,B03,7,6,1,8,2,1,,23,23,1,21,8,B03,120.655704,24.135598,2
2022,12,9,17,52,臺中市,太平區,0,0,0,8,,,50,,,,,,,,,,,,,,,16,,,,,B03,,,1,,2,,,16,,1,5,,B03,120.717037,24.132797,3
2022,12,9,17,54,臺中市,潭子區,0,2,0,8,2,5,50,4,1,1,5,4,5,7,2,1,10,5,5,2,16,6,3,10,1,1,B12,7,6,1,7,2,8,,6,6,1,7,8,B12,120.691171,24.215865,2
2022,12,9,17,55,臺中市,南屯區,0,0,0,8,2,5,50,4,1,1,5,4,5,7,2,1,10,5,5,2,12,7,3,10,1,1,C03,7,9,1,10,11,13,14,7,7,2,18,2,C03,120.65317,24.132008,3
2022,12,9,17,57,臺中市,北屯區,0,0,0,8,,,60,,,,,,,,,,,,,,,26,,,,,B03,,,1,,1,,,26,26,1,22,,B03,120.721505,24.162411,3
2022,12,9,18,0,臺中市,西區,0,0,0,8,,,50,,,,,,,,,,,,,,,23,,,,,B03,,,1,,1,,,23,,1,21,,B03,120.662107,24.163112,4
2022,12,9,18,0,臺中市,大肚區,0,0,0,8,,,50,,,,,,,,,,,,,,,23,,,,,B03,,,1,,2,,,23,23,1,4,,B03,120.565537,24.122675,3
2022,12,9,18,0,臺中市,大甲區,0,1,0,8,3,5,50,14,9,1,5,4,5,7,4,4,5,5,5,1,29,23,2,9,1,1,C03,7,9,1,10,2,11,,23,23,1,4,8,C03,120.617473,24.348633,2
2022,12,9,18,4,臺中市,太平區,0,0,0,8,,,50,,,,,,,,,,,,,,,16,,,,,C03,,,1,,2,,,16,,1,21,,C03,120.71793,24.148902,3
2022,12,9,18,5,臺中市,東區,0,1,0,8,3,5,50,4,1,1,5,4,5,7,1,1,10,5,5,2,18,43,,,,,,,,,,,,,67,43,1,,,,120.696485,24.138879,2
2022,12,9,18,6,臺中市,南區,0,0,0,,,,50,,,,,,,,,,,,,,,16,,,,,B03,,,1,,2,,,16,,1,22,,B03,120.652405,24.118377,3
2022,12,9,18,8,臺中市,東區,0,1,0,8,3,5,50,4,1,1,5,4,5,7,4,4,10,5,5,2,15,6,2,9,1,1,C03,7,9,1,10,2,12,,6,6,1,5,8,C03,120.706741,24.141083,2
2022,12,9,18,9,臺中市,西屯區,0,0,0,8,,,50,,,,,,,,,,,,,,,23,,,,,B03,,,1,,1,,,23,,1,22,,B03,120.657044,24.162316,3
2022,12,9,18,13,臺中市,豐原區,0,0,0,8,,,30,,,,,,,,,,,,,,,42,,,,,B03,,,1,,2,,,42,,1,21,,B03,120.719447,24.255016,3
2022,12,9,18,14,臺中市,南區,0,1,0,8,2,5,50,14,7,1,5,4,5,7,4,4,9,5,4,2,13,16,2,8,1,1,C03,7,9,1,10,2,11,,16,16,1,5,8,C03,120.65657,24.127233,2
2022,12,9,18,17,臺中市,西屯區,0,1,0,8,3,5,50,4,1,1,5,4,5,7,1,1,1,4,1,2,15,23,3,10,1,1,B03,7,9,1,8,2,6,,23,23,1,22,9,B03,120.65777,24.15806,2
2022,12,9,18,19,臺中市,北屯區,0,1,0,8,3,5,40,3,1,1,5,4,5,7,4,4,1,4,4,2,17,23,2,9,1,1,C03,7,9,1,10,2,15,,23,23,1,21,8,C03,120.686361,24.192807,2
2022,12,9,18,23,臺中市,西屯區,0,1,0,8,3,5,60,14,7,1,5,4,5,7,4,4,1,3,1,2,13,23,3,10,1,1,B03,7,14,1,8,1,1,,23,23,1,22,8,B03,120.645913,24.164564,2
2022,12,9,18,23,臺中市,西屯區,0,1,0,8,3,5,50,4,2,1,5,4,5,7,1,1,5,3,5,2,12,7,3,10,3,4,B03,7,7,1,8,2,8,,7,7,1,22,8,B03,120.620569,24.188021,2
2022,12,9,18,25,臺中市,龍井區,0,0,0,8,,,50,,,,,,,,,,,,,,,43,,,,,B12,,,1,,2,,,43,,1,21,,B12,120.585643,24.186015,4