年,月,日,時,分,縣市,區,死,受傷,2-30,天候,光線,道路類別,速限,道路型態,事故位置,路面鋪裝,路面狀態,路面缺陷,障礙物,視距,號誌種類,號誌動作,分向設施,快車道或一般車道間,快慢車道間,路面邊線,事故類型及型態,主要肇因,受傷程度,主要傷處,保護裝備,行動電話,當事者區分,車輛用途,當事者行動狀態,駕駛資格情形,駕駛執照種類,飲酒情形,車輛撞擊部位最初,車輛撞擊部位其他,肇事因素個別,肇事因素主要,肇事逃逸,職業,旅次目的,車種,GPS緯度,GPS經度,事故類別
2022,12,10,9,34,臺中市,南區,0,0,0,8,,,40,,,,,,,,,,,,,,,23,,,,,B03,,,1,,2,,,23,,1,22,,B03,120.68178,24.128322,3
2022,12,10,9,35,臺中市,烏日區,0,1,0,8,1,5,50,3,1,1,5,4,5,7,1,1,1,4,4,2,17,6,3,10,1,1,A11,7,6,1,1,2,15,,6,6,1,21,8,A11,120.641611,24.115441,2
2022,12,10,9,36,臺中市,豐原區,0,1,0,8,1,5,50,4,1,1,5,4,5,7,1,1,5,4,4,2,13,6,3,10,1,1,B03,7,6,1,8,2,5,,6,6,1,22,8,B03,120.717464,24.257985,2
2022,12,10,9,37,臺中市,太平區,0,0,0,8,,,50,,,,,,,,,,,,,,,23,,,,,C03,,,1,,2,,,23,,1,9,,C03,120.715527,24.133686,3
2022,12,10,9,49,臺中市,北屯區,0,1,0,8,1,5,50,14,9,1,5,4,5,7,4,4,1,4,5,2,13,16,2,9,1,1,C03,7,9,1,10,2,11,,16,16,1,21,8,C03,120.72157,24.179113,2
2022,12,10,9,50,臺中市,中區,0,1,0,8,1,5,50,4,1,1,5,4,5,7,4,4,10,5,5,2,15,6,2,9,3,4,C03,7,9,1,10,2,11,,6,6,1,22,5,C03,120.681345,24.142198,2
2022,12,10,9,51,臺中市,南區,0,0,0,8,,,50,,,,,,,,,,,,,,,23,,,,,B03,,,1,7,2,,,23,23,1,5,,B03,120.661741,24.116995,3
2022,12,10,9,52,臺中市,南區,0,1,0,8,1,5,40,14,8,1,5,4,5,7,4,4,5,5,4,2,17,23,2,9,1,1,C03,7,9,1,10,2,11,,23,23,1,5,8,C03,120.667024,24.127993,2
2022,12,10,9,55,臺中市,清水區,0,0,0,8,,,50,,,,,,,,,,,,,,,23,,,,,B03,,,1,,2,,,23,,1,21,,B03,120.55138,24.282413,3
2022,12,10,9,56,臺中市,西區,0,1,0,8,1,5,50,14,9,1,5,4,5,7,4,4,9,4,5,2,17,23,2,9,1,1,C03,7,15,1,10,2,12,,23,23,1,22,8,C03,120.671602,24.14542,2
2022,12,10,9,58,臺中市,沙鹿區,0,0,0,8,,,60,,,,,,,,,,,,,,,7,,,,,A12,,,1,,2,,,7,,1,22,,A12,120.56411,24.239583,3
2022,12,10,9,59,臺中市,西屯區,0,1,0,8,1,5,50,8,9,1,5,4,5,7,4,4,1,4,5,2,3,51,2,8,4,5,H01,8,16,8,20,10,16,,51,51,1,22,8,H01,120.623881,24.173434,2
2022,12,10,10,0,臺中市,霧峰區,0,1,0,8,1,5,30,14,9,1,5,4,5,7,4,4,10,5,5,1,10,23,3,10,1,1,B03,7,9,1,8,2,4,,44,23,1,1,8,B03,120.674252,24.074049,2
2022,12,10,10,1,臺中市,霧峰區,0,0,0,8,1,5,80,10,9,1,5,4,5,7,4,4,1,3,5,1,13,23,,,,,B03,,,1,,2,,,23,,1,22,,B03,120.684997,24.05557,3
2022,12,10,10,2,臺中市,北區,0,2,0,8,1,5,50,5,1,1,5,4,5,7,1,1,1,2,5,2,16,26,3,10,1,1,B03,7,5,1,8,2,5,,26,26,1,5,8,B03,120.686252,24.15482,2
2022,12,10,10,8,臺中市,東區,0,0,0,8,,,50,,,,,,,,,,,,,,,44,,,,,B03,,,1,,11,,,44,,1,22,,B03,120.69211,24.147961,3
2022,12,10,10,14,臺中市,北屯區,0,1,0,8,1,5,30,5,1,1,5,4,5,7,4,4,10,5,5,2,17,23,3,10,1,1,B03,7,5,1,8,2,1,,23,5,1,21,8,B03,120.661836,24.191638,2
2022,12,10,10,18,臺中市,北屯區,0,0,0,8,,,80,,,,,,,,,,,,,,,7,,,,,A12,,,1,,3,,,7,7,1,5,,A12,120.675544,24.201027,3
2022,12,10,10,20,臺中市,龍井區,0,0,0,,,,60,,,,,,,,,,,,,,,42,,,,,B12,,,1,,2,,,42,,1,22,,B12,120.573686,24.185576,3
2022,12,10,10,22,臺中市,北屯區,0,1,0,8,1,5,50,4,1,1,5,4,5,7,1,1,10,5,5,2,16,6,3,10,1,1,B03,7,6,1,8,2,2,,6,6,1,21,8,B03,120.683096,24.200845,2
2022,12,10,10,26,臺中市,西屯區,0,2,0,8,1,5,50,14,9,1,5,4,5,7,4,4,5,5,5,2,9,23,2,9,1,1,C03,7,9,1,10,2,14,,23,23,1,21,8,C03,120.665405,24.173986,2
2022,12,10,10,26,臺中市,大里區,0,0,0,8,,,50,,,,,,,,,,,,,,,23,,,,,A12,,,1,,2,,,23,23,1,22,,A12,120.671618,24.101956,3
2022,12,10,10,27,臺中市,西屯區,0,0,0,8,,,50,,,,,,,,,,,,,,,12,,,,,B03,,,1,,2,,,12,,1,22,,B03,120.635228,24.174836,3
2022,12,10,10,28,臺中市,外埔區,0,2,0,8,1,5,40,3,1,1,5,4,5,7,3,1,10,5,5,2,16,8,2,9,1,1,C03,7,5,1,10,2,13,,8,8,1,4,5,C03,120.649778,24.335216,2
2022,12,10,10,29,臺中市,大肚區,0,2,0,8,1,5,50,3,1,1,5,4,5,7,2,1,9,5,5,1,3,13,2,8,1,1,C03,7,9,1,10,2,11,,13,14,1,22,9,C03,120.579738,24.170528,2
2022,12,10,10,38,臺中市,北屯區,0,1,0,8,1,5,50,3,1,1,5,4,5,7,4,4,10,5,5,2,17,6,3,10,1,1,C03,7,5,1,10,2,15,,6,6,1,19,8,C03,120.690546,24.177902,2
2022,12,10,10,38,臺中市,清水區,0,0,0,8,,,40,,,,,,,,,,,,,,,40,,,,,B12,,,1,,2,,,40,,1,21,,B12,120.574345,24.266405,3
2022,12,10,10,40,臺中市,南區,0,2,0,8,1,5,50,4,1,1,5,4,5,7,4,4,10,5,5,2,13,23,2,9,1,1,C03,7,9,1,10,2,11,,23,23,1,22,8,C03,120.662838,24.126562,2
2022,12,10,10,40,臺中市,豐原區,0,0,0,8,,,30,,,,,,,,,,,,,,,38,,,,,B03,,,1,,2,,,38,38,1,21,,B03,120.74323,24.255418,3
2022,12,10,10,42,臺中市,西屯區,0,0,0,8,,,50,,,,,,,,,,,,,,,23,,,,,C03,,,1,,2,,,23,,1,22,,C03,120.660712,24.172391,3
2022,12,10,10,45,臺中市,大雅區,0,0,0,8,,,50,,,,,,,,,,,,,,,43,,,,,B12,,,1,,2,,,43,,1,22,,B12,120.647827,24.211628,3
2022,12,10,10,46,臺中市,南區,0,0,0,8,,,40,,,,,,,,,,,,,,,23,,,,,C03,,,1,10,2,,,23,23,1,5,,C03,120.682621,24.125815,3
2022,12,10,10,49,臺中市,西區,0,1,0,8,1,5,50,3,1,1,5,4,5,7,4,4,10,5,5,2,16,6,3,10,1,1,B03,7,5,1,8,2,5,,6,6,1,4,8,B03,120.662078,24.154837,2
2022,12,10,10,50,臺中市,南區,0,0,0,,,,50,,,,,,,,,,,,,,,23,,,,,B12,,,1,,2,,,23,,1,5,,B12,120.659109,24.129711,3
2022,12,10,10,53,臺中市,大里區,0,0,0,8,1,5,50,14,9,1,5,4,5,7,1,1,1,4,5,1,13,16,,,,,B03,,,4,,2,,,16,,1,22,,B03,120.680328,24.108681,3
2022,12,10,11,0,臺中市,南屯區,0,0,0,,,,50,,,,,,,,,,,,,,,12,,,,,B12,,,1,,1,,,12,,1,22,,B12,120.639251,24.142052,3
2022,12,10,11,5,臺中市,大里區,0,0,0,8,,,50,,,,,,,,,,,,,,,23,,,,,B03,,,1,,2,,,23,,1,22,,B03,120.679998,24.109783,3
2022,12,10,11,10,臺中市,東區,0,0,0,8,,,50,,,,,,,,,,,,,,,12,,,,,B12,,,1,,2,,,12,,1,22,,B12,120.703635,24.131345,3
2022,12,10,11,12,臺中市,南屯區,0,0,0,8,,,50,,,,,,,,,,,,,,,17,,,,,B02,,,1,,1,,,17,,1,4,,B02,120.63625,24.151284,3
2022,12,10,11,15,臺中市,西區,0,1,0,8,1,5,50,14,9,1,5,4,5,7,4,4,5,5,5,2,12,23,2,9,3,4,C03,7,9,1,10,2,14,,23,23,1,21,8,C03,120.658356,24.158934,2
2022,12,10,11,16,臺中市,西區,0,0,0,,,,50,,,,,,,,,,,,,,,6,,,,,B11,,,1,,1,,,6,,1,20,,B11,120.655144,24.146707,3
2022,12,10,11,20,臺中市,南屯區,0,0,0,8,,,50,,,,,,,,,,,,,,,44,,,,,B03,,,1,,3,,,44,,1,22,,B03,120.649326,24.142218,3
2022,12,10,11,20,臺中市,東勢區,0,0,0,8,,,50,,,,,,,,,,,,,,,6,,,,,A11,,,1,,2,,,6,,1,10,,A11,120.831927,24.247758,3
2022,12,10,11,22,臺中市,西屯區,0,1,0,8,1,5,40,3,2,1,5,4,5,7,2,1,1,4,1,2,17,16,2,8,1,1,C03,7,9,1,10,2,11,,16,16,1,22,8,C03,120.609601,24.184262,2
2022,12,10,11,23,臺中市,沙鹿區,0,1,0,8,1,5,40,14,9,1,5,4,5,7,4,4,10,5,5,2,18,42,2,9,1,1,C03,7,9,1,10,2,12,,42,42,1,18,9,C03,120.573016,24.242217,2
2022,12,10,11,25,臺中市,沙鹿區,0,2,0,8,1,5,30,13,9,1,5,4,5,7,4,4,5,5,5,2,16,19,2,9,1,1,C03,7,1,1,10,2,11,,19,19,1,22,8,C03,120.56002,24.231458,2
2022,12,10,11,27,臺中市,西屯區,0,0,0,8,,,80,,,,,,,,,,,,,,,23,,,,,B03,,,1,,1,,,23,,1,21,,B03,120.628748,24.163404,3
2022,12,10,11,28,臺中市,太平區,0,1,0,8,1,5,50,14,9,1,5,4,5,7,4,4,5,4,5,2,12,19,2,9,1,1,C03,7,9,1,10,2,14,,44,19,1,5,1,C03,120.708781,24.128196,2
2022,12,10,11,30,臺中市,烏日區,0,0,0,8,,,50,,,,,,,,,,,,,,,23,,,,,B03,,,1,,2,,,23,,1,21,,B03,120.58841,24.137091,3
2022,12,10,11,32,臺中市,北區,0,1,0,8,1,5,50,3,1,1,5,4,5,7,4,4,10,4,5,2,16,6,3,10,1,1,B03,7,6,1,8,2,2,,6,6,1,5,8,B03,120.680695,24.162186,2
2022,12,10,11,35,臺中市,北屯區,0,0,0,8,,,50,,,,,,,,,,,,,,,16,,,,,C03,,,1,,1,,,16,16,1,5,,C03,120.698311,24.17051,3
2022,12,10,11,35,臺中市,龍井區,0,2,0,8,1,5,60,14,7,1,5,4,5,7,2,1,1,4,4,1,13,31,3,10,1,1,A12,7,9,1,6,2,5,,31,31,1,10,8,A12,120.540186,24.218856,2
2022,12,10,11,44,臺中市,南區,0,0,0,8,,,50,,,,,,,,,,,,,,,26,,,,,B03,,,1,8,2,,,26,26,1,21,,B03,120.658486,24.117702,3
2022,12,10,11,46,臺中市,潭子區,0,1,0,8,1,5,60,4,1,1,5,4,5,7,2,1,10,5,5,2,16,6,3,10,1,1,B03,7,6,1,8,2,2,,6,6,1,22,8,B03,120.705022,24.207144,2
2022,12,10,11,46,臺中市,烏日區,0,1,0,8,1,5,40,5,1,1,5,4,5,7,2,1,5,5,4,2,16,8,2,9,2,4,F01,7,5,8,20,2,16,,8,8,1,15,9,F01,120.634099,24.108047,2
2022,12,10,11,49,臺中市,南屯區,0,1,0,8,1,5,50,4,9,1,5,4,5,7,1,1,5,2,5,2,12,26,3,10,3,4,B03,7,5,1,8,2,3,,26,26,1,22,8,B03,120.628219,24.14028,2
2022,12,10,11,50,臺中市,沙鹿區,0,0,0,8,,,40,,,,,,,,,,,,,,,12,,,,,B03,,,1,,2,,,12,,1,22,,B03,120.561913,24.245316,3
2022,12,10,11,51,臺中市,大里區,0,0,0,8,1,5,50,4,1,1,5,4,5,7,1,1,5,5,5,2,17,19,,,,,C03,,,6,,2,,,19,,1,22,,C03,120.696756,24.111259,3
2022,12,10,11,53,臺中市,豐原區,0,2,0,8,1,5,50,14,7,1,5,4,5,7,1,1,5,2,4,2,16,26,2,8,1,1,C03,7,8,1,10,2,12,,26,26,1,22,8,C03,120.721888,24.239326,2
2022,12,10,11,54,臺中市,北屯區,0,0,0,8,,,50,,,,,,,,,,,,,,,7,,,,,B03,,,1,,2,,,7,,1,20,,B03,120.68348,24.201308,3
2022,12,10,11,55,臺中市,北屯區,0,3,0,8,1,5,50,3,1,1,5,4,5,7,1,1,10,5,5,2,16,6,2,9,1,1,C03,7,5,1,10,2,12,,6,6,1,21,8,C03,120.664915,24.186248,2
2022,12,10,11,56,臺中市,北屯區,0,2,0,8,1,5,50,4,1,1,5,4,5,7,4,4,10,5,5,2,16,6,3,10,1,1,B03,7,9,1,8,2,1,,6,6,1,21,8,B03,120.688388,24.169063,2
2022,12,10,11,57,臺中市,大里區,0,0,0,8,,,50,,,,,,,,,,,,,,,16,,,,,C03,,,1,,1,,,16,,1,4,,C03,120.694942,24.091092,3
2022,12,10,11,57,臺中市,豐原區,0,0,0,8,,,50,,,,,,,,,,,,,,,23,,,,,B02,,,1,,2,,,23,23,1,21,,B02,120.748519,24.268533,3
2022,12,10,11,58,臺中市,太平區,0,1,0,8,1,5,50,3,1,1,5,4,5,7,4,4,10,5,5,2,16,26,3,10,1,1,C03,7,5,1,10,2,11,,26,26,1,22,5,C03,120.716835,24.131853,2
2022,12,10,12,3,臺中市,霧峰區,0,1,0,8,1,5,30,11,9,1,5,4,5,7,4,4,10,5,5,1,17,23,2,9,1,1,C03,7,9,1,10,2,11,,23,23,1,22,8,C03,120.690943,24.024838,2
2022,12,10,12,3,臺中市,大里區,0,3,0,8,1,5,50,4,1,1,5,4,5,7,1,1,1,2,5,1,16,7,2,9,1,1,C03,7,8,1,10,2,12,,7,7,1,22,9,C03,120.679898,24.109349,2
2022,12,10,12,7,臺中市,大里區,0,0,0,8,,,50,,,,,,,,,,,,,,,23,,,,,B03,,,1,,2,,,44,23,1,22,,B03,120.679903,24.10981,3
2022,12,10,12,8,臺中市,豐原區,0,1,0,8,1,5,40,4,1,1,5,4,5,7,4,4,5,4,5,1,16,6,3,10,1,1,B03,7,9,1,8,2,8,,6,6,1,22,8,B03,120.71759,24.263289,2
2022,12,10,12,11,臺中市,大雅區,0,0,0,8,1,5,50,14,13,1,5,4,5,7,4,4,5,5,5,1,17,43,3,10,3,4,B12,7,1,1,8,7,15,,43,43,1,22,9,B12,120.651509,24.221986,3
2022,12,10,12,13,臺中市,新社區,0,0,0,8,,,50,,,,,,,,,,,,,,,26,,,,,B03,,,1,,1,,,26,26,1,22,,B03,120.806718,24.238532,3
2022,12,10,12,14,臺中市,大里區,0,1,0,8,1,5,50,14,8,1,5,4,5,7,4,4,5,5,4,1,14,12,3,10,1,1,B03,7,2,1,8,2,3,,12,12,1,22,8,B03,120.67681,24.100713,2
2022,12,10,12,15,臺中市,大里區,0,0,0,8,1,5,50,14,8,1,5,4,5,7,4,4,5,5,4,2,14,12,,,,,B12,,,1,,2,,,12,,1,22,,B12,120.67919,24.107779,3
2022,12,10,12,15,臺中市,沙鹿區,0,2,0,8,1,5,50,4,1,1,5,4,5,7,4,4,10,5,5,2,15,6,2,9,1,1,C03,7,9,1,10,2,12,,6,6,1,2,9,C03,120.569305,24.24226,2
2022,12,10,12,20,臺中市,大甲區,0,1,0,8,1,5,60,14,12,1,5,4,5,7,4,4,1,4,4,1,12,9,3,10,1,1,B03,7,6,1,8,2,2,,9,9,1,22,8,B03,120.617132,24.345774,2
2022,12,10,12,30,臺中市,烏日區,0,0,0,,,,50,,,,,,,,,,,,,,,19,,,,,B03,,,1,,2,,,19,,1,21,,B03,120.633951,24.106483,4
2022,12,10,12,30,臺中市,龍井區,0,0,0,8,,,40,,,,,,,,,,,,,,,48,,,,,A12,,,1,,2,,,48,,1,10,,A12,120.539113,24.219334,3
2022,12,10,12,30,臺中市,大甲區,0,0,0,7,1,3,50,14,9,1,5,4,5,7,4,4,5,4,5,1,14,12,3,10,1,1,B03,7,2,1,8,1,3,,12,12,1,20,8,B03,120.653228,24.377658,3
2022,12,10,12,35,臺中市,大里區,0,1,0,8,1,5,50,14,7,1,5,4,5,7,4,4,5,5,5,1,16,26,2,9,1,1,F03,7,11,8,20,2,16,,26,26,1,20,8,F03,120.703402,24.096158,2
2022,12,10,12,35,臺中市,外埔區,0,0,0,8,1,5,40,4,1,1,5,4,5,5,4,4,10,5,5,2,16,6,,,,,B12,,,1,,2,,,6,,1,22,,B12,120.638783,24.342753,3
2022,12,10,12,39,臺中市,西區,0,0,0,,,,50,,,,,,,,,,,,,,,12,,,,,B03,,,1,,1,,,12,,1,22,,B03,120.667598,24.149559,3
2022,12,10,12,40,臺中市,龍井區,0,1,0,8,1,5,30,14,9,1,5,4,5,7,4,4,10,5,5,2,3,23,3,10,1,1,C03,7,9,1,10,2,11,,23,23,1,22,9,C03,120.592217,24.181814,2
2022,12,10,12,40,臺中市,東勢區,0,0,0,8,,,50,,,,,,,,,,,,,,,16,,,,,B03,,,6,,2,,,16,,1,21,,B03,120.794756,24.28575,3
2022,12,10,12,44,臺中市,西屯區,0,0,0,8,,,50,,,,,,,,,,,,,,,16,,,,,C03,,,1,,1,,,16,,1,22,,C03,120.614593,24.183081,3
2022,12,10,12,46,臺中市,清水區,0,0,0,8,,,30,,,,,,,,,,,,,,,6,,,,,B03,,,1,,2,,,6,6,1,21,,B03,120.562963,24.266876,3
2022,12,10,12,47,臺中市,西區,0,1,0,8,1,5,50,4,1,1,5,4,5,7,2,1,1,4,4,2,13,23,2,8,1,1,C03,7,9,1,8,1,11,,23,23,1,20,8,C03,120.657376,24.147777,2
2022,12,10,12,52,臺中市,南區,0,1,0,8,1,5,50,14,7,1,5,4,5,7,4,4,5,5,4,2,17,23,3,10,3,4,B03,7,15,1,8,2,4,,44,23,1,5,8,B03,120.677706,24.129338,2
2022,12,10,13,0,臺中市,西區,0,0,0,8,1,5,50,3,1,1,5,4,5,7,4,4,5,5,5,2,12,23,,,,,B12,,,1,,1,,,23,,1,10,,B12,120.667607,24.146755,3
2022,12,10,13,0,臺中市,東區,0,0,0,8,,,50,,,,,,,,,,,,,,,44,,,,,B03,,,7,,11,,,44,,1,22,,B03,120.703984,24.146059,3
2022,12,10,13,1,臺中市,西區,0,0,0,8,1,5,50,14,8,1,5,4,5,7,4,4,5,4,4,2,12,18,,,,,B03,,,1,,1,,,18,,1,22,,B03,120.671191,24.137237,3
2022,12,10,13,1,臺中市,西區,0,1,0,8,1,5,50,4,1,1,5,4,5,7,2,1,10,5,5,2,9,23,3,10,3,4,B12,7,5,1,8,2,8,,23,23,1,22,5,B12,120.653005,24.14776,2
2022,12,10,13,4,臺中市,北屯區,0,1,0,8,1,5,40,11,11,1,5,4,5,7,4,4,2,2,4,2,29,23,2,9,3,1,F01,7,9,8,20,2,16,,23,23,1,4,8,F01,120.787231,24.20569,2
2022,12,10,13,11,臺中市,大里區,0,1,0,8,1,5,30,14,9,1,5,4,5,7,4,4,10,5,5,2,17,12,3,10,1,1,B03,7,2,1,8,2,7,,12,12,1,4,8,B03,120.715352,24.095717,2
2022,12,10,13,19,臺中市,東區,0,1,0,8,1,5,50,14,7,1,5,4,5,7,4,4,5,5,4,2,17,26,2,8,1,1,C03,5,5,1,10,2,14,,26,26,1,5,8,C03,120.691094,24.139674,2
2022,12,10,13,21,臺中市,西區,0,2,0,8,1,5,50,4,1,1,5,4,5,7,3,1,5,5,5,2,16,6,2,9,3,4,C03,7,9,3,18,2,14,,6,6,1,21,8,C03,120.669791,24.148413,2
2022,12,10,13,24,臺中市,霧峰區,0,0,0,8,,,50,,,,,,,,,,,,,,,25,,,,,B03,,,1,,2,,,25,,1,22,,B03,120.664591,24.060008,3
2022,12,10,13,25,臺中市,大里區,0,0,0,8,,,50,,,,,,,,,,,,,,,23,,,,,C03,,,1,,2,,,23,,1,18,,C03,120.708812,24.086731,3
2022,12,10,13,27,臺中市,南屯區,0,0,0,8,,,50,,,,,,,,,,,,,,,23,,,,,B03,,,1,,2,,,23,23,1,20,,B03,120.646911,24.15121,3
2022,12,10,13,29,臺中市,北區,0,0,0,8,,,50,,,,,,,,,,,,,,,23,,,,,B12,,,1,,2,,,23,,1,5,,B12,120.676266,24.165641,3
2022,12,10,13,30,臺中市,大里區,0,0,0,8,,,30,,,,,,,,,,,,,,,23,,,,,C03,,,1,,11,,,23,,1,4,,C03,120.706573,24.097981,3
2022,12,10,13,32,臺中市,北屯區,0,0,0,8,,,50,,,,,,,,,,,,,,,16,,,,,B03,,,1,,1,,,16,,1,21,,B03,120.663373,24.186301,3
2022,12,10,13,39,臺中市,西區,0,0,0,8,1,5,50,4,2,1,5,4,5,7,1,1,5,4,5,2,12,17,,,,,C03,,,1,,1,,,17,,1,22,,C03,120.676986,24.140426,3
2022,12,10,13,43,臺中市,豐原區,0,1,0,8,1,5,30,4,1,1,5,4,5,7,4,4,10,5,5,1,17,16,2,9,1,1,C03,7,9,1,10,2,15,,16,16,1,22,8,C03,120.733358,24.264019,2
2022,12,10,13,47,臺中市,北屯區,0,0,0,8,,,40,,,,,,,,,,,,,,,23,,,,,B03,,,1,,2,,,23,,1,21,,B03,120.662796,24.186407,3
2022,12,10,13,48,臺中市,東區,0,3,0,8,1,5,50,3,1,1,5,4,5,7,1,1,10,5,5,2,16,8,2,9,1,1,F03,7,5,8,20,2,16,,8,8,1,21,8,F03,120.703658,24.131383,2
2022,12,10,14,2,臺中市,大甲區,0,0,0,8,,,30,,,,,,,,,,,,,,,19,,,,,B03,,,1,,2,,,19,,1,22,,B03,120.625695,24.340469,3
2022,12,10,14,8,臺中市,大雅區,0,0,0,8,,,50,,,,,,,,,,,,,,,6,,,,,B03,,,1,,2,,,6,,1,22,,B03,120.650435,24.219682,3
2022,12,10,14,10,臺中市,東區,0,0,0,8,,,50,,,,,,,,,,,,,,,23,,,,,B03,,,1,,2,,,23,,1,22,,B03,120.698822,24.142977,3
2022,12,10,14,10,臺中市,西屯區,0,0,0,8,,,50,,,,,,,,,,,,,,,23,,,,,B03,,,1,,1,,,23,,1,22,,B03,120.618379,24.177738,3
2022,12,10,14,15,臺中市,大雅區,0,0,0,8,,,50,,,,,,,,,,,,,,,23,,,,,C03,,,1,,2,,,23,,1,22,,C03,120.601056,24.214992,3
2022,12,10,14,15,臺中市,大肚區,0,0,0,8,,,30,,,,,,,,,,,,,,,23,,,,,B03,,,1,,2,,,23,,1,5,,B03,120.557549,24.131648,3
2022,12,10,14,19,臺中市,太平區,0,1,0,8,1,5,50,5,1,1,5,4,5,7,1,1,10,5,5,2,16,6,3,10,3,4,B12,7,5,1,8,2,6,,6,6,1,9,8,B12,120.712992,24.143425,2
2022,12,10,14,22,臺中市,霧峰區,0,0,0,8,,,50,,,,,,,,,,,,,,,23,,,,,B03,,,1,,2,,,23,,1,22,,B03,120.696893,24.070503,3
2022,12,10,14,26,臺中市,北屯區,0,1,0,8,1,5,50,14,7,1,5,4,5,7,4,4,1,4,4,2,16,23,2,8,1,1,C03,7,10,1,10,2,12,,23,23,1,21,8,C03,120.717033,24.164011,2
2022,12,10,14,27,臺中市,大甲區,0,1,0,8,1,5,50,14,9,1,5,4,5,7,4,4,10,3,5,2,12,17,3,10,1,1,B03,7,9,1,8,2,2,,17,17,1,22,9,B03,120.628961,24.344955,2
2022,12,10,14,29,臺中市,梧棲區,0,1,0,8,1,5,40,3,1,1,5,4,5,7,4,4,10,5,5,2,16,23,2,8,1,1,C03,7,9,1,10,2,14,,23,23,1,5,8,C03,120.551643,24.243176,2
2022,12,10,14,30,臺中市,中區,0,0,0,,,,50,,,,,,,,,,,,,,,19,,,,,B02,,,1,,2,,,19,,1,20,,B02,120.681812,24.13848,3
2022,12,10,14,37,臺中市,南區,0,1,0,8,1,5,50,3,1,1,5,4,5,7,4,4,3,4,4,2,16,6,3,10,3,4,B03,7,6,1,8,2,5,,6,6,1,5,8,B03,120.679595,24.1174,2
2022,12,10,14,50,臺中市,西區,0,1,0,8,1,5,50,3,1,1,5,4,5,7,1,1,5,5,5,2,13,16,3,10,3,4,B12,7,9,1,8,2,1,,44,16,1,10,8,B12,120.666567,24.150869,2
2022,12,10,14,50,臺中市,西屯區,0,0,0,8,,,50,,,,,,,,,,,,,,,19,,,,,B03,,,1,,1,,,19,,1,22,,B03,120.659481,24.175598,3
2022,12,10,14,50,臺中市,大甲區,0,1,0,8,1,5,50,4,1,1,5,4,5,7,1,1,10,5,5,2,16,6,3,10,1,1,B03,7,5,1,8,2,5,,6,6,1,4,8,B03,120.633274,24.356134,2
2022,12,10,14,59,臺中市,太平區,0,1,0,8,1,5,50,4,1,1,5,4,5,7,2,1,10,5,5,2,18,23,2,9,1,1,C03,7,9,1,9,2,12,,23,23,1,9,4,C03,120.709788,24.134951,2
2022,12,10,15,0,臺中市,大雅區,0,0,0,8,,,50,,,,,,,,,,,,,,,7,,,,,A41,,,1,,2,,,7,,1,10,,A41,120.64179,24.22956,3
2022,12,10,15,5,臺中市,霧峰區,0,0,0,8,,,30,,,,,,,,,,,,,,,23,,,,,C03,,,1,,2,,,23,,1,22,,C03,120.724651,24.05494,3
2022,12,10,15,10,臺中市,烏日區,0,0,0,8,1,5,50,14,8,1,5,4,5,7,4,4,10,4,4,1,12,7,3,10,3,4,B01,7,8,1,4,2,6,,7,7,1,21,9,B01,120.616425,24.113057,3
2022,12,10,15,15,臺中市,東區,0,0,0,8,1,5,50,14,9,1,5,4,5,7,4,4,9,4,5,2,12,23,3,10,1,1,B03,7,15,1,8,2,2,,23,23,1,22,8,B03,120.701547,24.13847,3
2022,12,10,15,17,臺中市,大里區,0,0,0,8,,,50,,,,,,,,,,,,,,,42,,,,,B03,,,1,,2,,,42,,1,21,,B03,120.697139,24.083455,3
2022,12,10,15,24,臺中市,豐原區,0,2,0,8,1,5,50,4,1,1,5,4,5,7,4,4,5,5,5,2,16,6,2,8,1,1,C03,7,10,1,10,2,11,,6,6,1,20,8,C03,120.708606,24.24542,2
2022,12,10,15,24,臺中市,豐原區,0,0,0,8,,,50,,,,,,,,,,,,,,,23,,,,,B03,,,1,,2,,,23,23,1,21,,B03,120.751668,24.270966,3
2022,12,10,15,25,臺中市,西區,0,0,0,8,,,50,,,,,,,,,,,,,,,43,,,,,,,,,,,,,43,,1,,,,120.665913,24.148917,3
2022,12,10,15,26,臺中市,西屯區,0,1,0,8,1,5,30,14,9,1,5,4,5,7,4,4,10,5,5,2,17,23,2,9,1,1,C03,7,9,1,10,2,12,,23,23,1,4,8,C03,120.658244,24.162709,2
2022,12,10,15,40,臺中市,大雅區,0,2,0,8,1,5,50,4,1,1,5,4,5,7,1,1,1,4,4,1,16,6,3,10,1,1,B12,7,6,1,8,2,1,,6,6,1,22,9,B12,120.662524,24.219454,2
2022,12,10,15,40,臺中市,北屯區,0,0,0,8,,,50,,,,,,,,,,,,,,,43,,,,,C03,,,1,,1,,,43,,1,21,,C03,120.722379,24.181886,3
2022,12,10,15,42,臺中市,北區,0,0,0,8,,,50,,,,,,,,,,,,,,,23,,,,,B12,,,1,,1,,,23,,1,21,,B12,120.66806,24.154319,3
2022,12,10,15,45,臺中市,北屯區,0,0,0,8,,,30,,,,,,,,,,,,,,,6,,,,,B03,,,1,,1,,,14,6,1,22,,B03,120.681494,24.188859,3