年,月,日,時,分,縣市,區,死,受傷,2-30,天候,光線,道路類別,速限,道路型態,事故位置,路面鋪裝,路面狀態,路面缺陷,障礙物,視距,號誌種類,號誌動作,分向設施,快車道或一般車道間,快慢車道間,路面邊線,事故類型及型態,主要肇因,受傷程度,主要傷處,保護裝備,行動電話,當事者區分,車輛用途,當事者行動狀態,駕駛資格情形,駕駛執照種類,飲酒情形,車輛撞擊部位最初,車輛撞擊部位其他,肇事因素個別,肇事因素主要,肇事逃逸,職業,旅次目的,車種,GPS緯度,GPS經度,事故類別
2022,12,10,15,45,臺中市,清水區,0,0,0,,,,50,,,,,,,,,,,,,,,23,,,,,B03,,,1,,2,,,23,,1,5,,B03,120.574705,24.269769,3
2022,12,10,15,45,臺中市,豐原區,0,0,0,8,,,50,,,,,,,,,,,,,,,42,,,,,B03,,,1,,2,,,42,,1,22,,B03,120.720653,24.251734,3
2022,12,10,15,47,臺中市,西屯區,0,1,0,8,2,5,40,14,8,1,5,4,5,7,4,4,1,5,1,2,18,42,2,9,1,1,C03,7,9,1,10,2,14,,42,42,1,22,8,C03,120.62313,24.178943,2
2022,12,10,15,50,臺中市,烏日區,0,1,0,8,1,5,50,3,1,1,5,4,5,7,1,1,10,5,5,2,17,25,3,10,1,1,B03,7,9,1,8,2,4,,25,25,1,9,8,B03,120.64345,24.078689,2
2022,12,10,15,51,臺中市,和平區,0,0,0,8,1,3,40,12,22,1,5,4,5,7,4,4,5,5,5,2,14,18,,,,,B03,,,1,,10,,,44,18,1,4,,B03,121.009794,24.204364,3
2022,12,10,15,55,臺中市,太平區,0,1,0,8,1,5,50,4,1,1,5,4,5,7,1,1,10,5,5,2,16,9,3,10,3,4,B03,7,6,1,8,2,5,,9,9,1,9,8,B03,120.723188,24.131929,2
2022,12,10,15,58,臺中市,北屯區,0,0,0,8,,,50,,,,,,,,,,,,,,,1,,,,,B03,,,1,,1,,,1,,1,21,,B03,120.693227,24.162771,3
2022,12,10,15,59,臺中市,潭子區,0,0,0,8,,,50,,,,,,,,,,,,,,,7,,,,,B03,,,1,,2,,,7,,1,22,,B03,120.720002,24.227283,3
2022,12,10,15,59,臺中市,東勢區,0,1,0,8,1,5,50,11,9,1,5,4,5,7,4,4,5,5,5,2,18,23,2,9,1,1,C01,7,9,1,9,2,12,,23,23,1,5,8,C01,120.771862,24.285936,2
2022,12,10,16,0,臺中市,潭子區,0,2,0,8,1,5,60,4,4,1,5,4,5,7,2,1,10,5,5,2,13,23,2,9,1,1,C03,7,9,1,10,2,11,,23,23,1,22,8,C03,120.70359,24.201162,2
2022,12,10,16,0,臺中市,大雅區,0,1,0,8,1,5,50,14,9,1,5,4,5,7,4,4,5,5,5,1,13,23,3,10,1,1,B03,7,9,1,8,2,1,,23,23,1,22,9,B03,120.671,24.21298,2
2022,12,10,16,0,臺中市,烏日區,0,1,0,8,1,5,50,3,1,1,5,4,5,7,4,4,5,4,5,2,3,23,2,9,1,1,H01,8,16,8,20,1,15,,53,23,1,14,8,H01,120.593602,24.109964,2
2022,12,10,16,0,臺中市,沙鹿區,0,0,0,8,,,50,,,,,,,,,,,,,,,23,,,,,B03,,,1,,2,,,23,,1,4,,B03,120.560652,24.234386,3
2022,12,10,16,2,臺中市,烏日區,0,0,0,8,1,5,50,4,2,1,5,4,5,7,4,4,5,5,4,2,14,12,3,10,3,4,B03,7,2,1,8,2,15,,12,12,1,21,9,B03,120.602052,24.107093,3
2022,12,10,16,2,臺中市,后里區,0,0,0,8,1,5,60,4,1,1,5,4,5,7,1,1,10,5,5,2,12,7,,,,,A12,,,1,,2,,,7,,1,10,,A12,120.725283,24.321165,3
2022,12,10,16,3,臺中市,東區,0,1,0,8,1,5,50,4,1,1,5,4,5,7,4,4,10,5,5,2,15,6,2,9,1,1,C03,7,9,1,10,2,11,,6,6,1,5,8,C03,120.706973,24.142151,2
2022,12,10,16,4,臺中市,北屯區,0,0,0,8,,,50,,,,,,,,,,,,,,,23,,,,,B03,,,1,,2,,,23,,1,21,,B03,120.700438,24.182607,3
2022,12,10,16,7,臺中市,北屯區,0,1,0,8,1,5,40,4,1,1,5,4,5,7,3,1,10,5,5,2,15,6,2,9,1,1,F01,7,9,8,20,2,16,,6,6,1,20,8,F01,120.687791,24.190626,2
2022,12,10,16,9,臺中市,北屯區,0,0,0,,,,50,,,,,,,,,,,,,,,13,,,,,B03,,,1,,2,,,13,,1,21,,B03,120.690555,24.175246,3
2022,12,10,16,18,臺中市,北屯區,0,0,0,8,,,80,,,,,,,,,,,,,,,43,,,,,A11,,,1,,2,,,43,,1,10,,A11,120.680396,24.201491,3
2022,12,10,16,23,臺中市,潭子區,0,2,0,8,1,5,60,14,8,1,5,4,5,7,4,4,3,4,4,1,12,42,2,9,1,1,C03,7,9,1,10,2,12,,42,42,1,22,8,C03,120.70508,24.208046,2
2022,12,10,16,26,臺中市,大里區,0,0,0,8,,,30,,,,,,,,,,,,,,,23,,,,,B03,,,1,,2,,,23,,1,22,,B03,120.692328,24.085488,3
2022,12,10,16,30,臺中市,烏日區,0,1,0,8,3,5,50,4,1,1,5,4,5,7,3,1,10,5,5,2,18,23,2,8,1,1,C03,7,6,1,10,2,12,,23,23,1,4,8,C03,120.618713,24.102948,2
2022,12,10,16,32,臺中市,霧峰區,0,0,0,8,,,30,,,,,,,,,,,,,,,6,,,,,B03,,,1,,2,,,6,,1,22,,B03,120.767971,24.060916,3
2022,12,10,16,37,臺中市,西區,0,2,0,8,1,5,50,14,9,1,5,4,5,7,4,4,5,5,5,2,12,16,2,9,3,4,C03,7,9,1,10,2,14,,16,16,1,21,8,C03,120.673963,24.143069,2
2022,12,10,16,40,臺中市,中區,0,0,0,,,,50,,,,,,,,,,,,,,,23,,,,,B03,,,1,,2,,,23,,1,20,,B03,120.684735,24.139181,3
2022,12,10,16,40,臺中市,東區,0,1,0,8,1,5,50,15,9,1,5,4,5,7,4,4,10,4,5,2,16,27,3,10,1,1,B03,7,6,1,8,2,5,2,27,27,1,21,8,B03,120.686421,24.136398,2
2022,12,10,16,40,臺中市,北屯區,0,1,0,8,1,8,50,5,1,1,5,4,5,7,2,1,10,5,5,1,16,6,2,7,1,1,C03,7,9,1,10,2,11,,23,6,1,21,8,C03,120.680456,24.196818,2
2022,12,10,16,43,臺中市,北屯區,0,0,0,8,,,50,,,,,,,,,,,,,,,23,,,,,B03,,,1,,1,,,23,,1,22,,B03,120.687111,24.1881,3
2022,12,10,16,53,臺中市,南區,0,1,0,8,2,5,50,4,1,1,5,4,5,7,4,4,10,5,5,2,15,6,2,9,1,1,C03,7,9,1,10,2,11,,6,6,1,21,8,C03,120.662411,24.120844,2
2022,12,10,16,56,臺中市,潭子區,0,3,0,8,1,5,50,4,2,1,5,4,5,7,1,1,5,4,4,2,15,25,2,9,1,1,C03,7,9,1,10,2,11,,25,25,1,22,8,C03,120.710678,24.212958,2
2022,12,10,16,57,臺中市,東區,0,1,0,8,2,5,50,4,1,1,5,4,5,7,2,1,5,4,4,2,8,12,3,10,1,1,B03,7,2,1,8,2,3,,12,12,1,19,5,B03,120.7078,24.14911,2
2022,12,10,16,58,臺中市,龍井區,0,0,0,8,,,60,,,,,,,,,,,,,,,23,,,,,B03,,,1,,1,,,23,,1,22,,B03,120.574483,24.181011,3
2022,12,10,17,0,臺中市,西屯區,0,1,0,8,1,5,50,3,1,1,5,4,5,7,4,4,1,4,5,2,16,6,3,10,1,1,B01,7,6,1,8,2,5,,6,6,1,4,8,B01,120.650916,24.164859,2
2022,12,10,17,0,臺中市,梧棲區,0,0,0,8,,,50,,,,,,,,,,,,,,,43,,,,,C03,,,1,,11,,,43,,1,20,,C03,120.541538,24.261066,3
2022,12,10,17,1,臺中市,沙鹿區,0,1,0,8,1,5,50,4,1,1,5,4,5,7,4,4,10,5,5,2,16,6,3,10,1,1,B03,7,5,1,8,2,2,,6,6,1,5,7,B03,120.561111,24.242222,2
2022,12,10,17,5,臺中市,大里區,0,0,0,8,,,50,,,,,,,,,,,,,,,6,,,,,B12,,,1,,2,,,6,,1,22,,B12,120.671781,24.102153,3
2022,12,10,17,7,臺中市,北區,0,1,0,8,1,5,50,3,1,1,5,4,5,7,2,1,3,4,4,2,16,6,3,10,1,1,B03,7,5,6,8,2,5,,6,6,1,22,8,B03,120.694618,24.16003,2
2022,12,10,17,9,臺中市,北屯區,0,0,0,8,2,5,50,14,9,1,5,4,5,7,4,4,1,2,5,2,17,23,3,10,1,1,C03,7,9,3,18,7,14,,23,23,1,22,8,C03,120.685855,24.17219,3
2022,12,10,17,12,臺中市,北屯區,0,0,0,8,,,40,,,,,,,,,,,,,,,23,,,,,C03,,,1,,1,,,23,,1,5,,C03,120.741035,24.180103,3
2022,12,10,17,13,臺中市,太平區,0,1,0,8,2,5,50,3,1,1,5,4,5,7,4,4,10,5,5,2,16,6,2,8,1,1,C04,7,5,1,8,2,11,,6,6,1,9,7,C04,120.73358,24.134591,2
2022,12,10,17,14,臺中市,西屯區,0,1,0,8,3,5,50,4,1,1,5,4,5,7,2,1,10,5,5,2,16,6,3,10,1,1,B03,7,5,1,8,2,1,,6,6,1,22,8,B03,120.637421,24.177619,2
2022,12,10,17,17,臺中市,外埔區,0,0,0,8,3,5,50,3,2,1,5,4,5,7,1,1,5,5,5,1,11,46,,,,,B03,,,1,,2,,,46,,1,22,,B03,120.651509,24.332993,3
2022,12,10,17,20,臺中市,東勢區,0,1,0,8,1,5,50,14,9,1,5,4,5,7,4,4,5,5,5,1,16,26,3,10,1,1,B03,7,11,1,8,2,8,,26,26,1,5,8,B03,120.79063,24.285276,2
2022,12,10,17,22,臺中市,西屯區,0,0,0,8,,,40,,,,,,,,,,,,,,,8,,,,,C03,,,1,,1,,,8,,1,4,,C03,120.657583,24.167746,3
2022,12,10,17,25,臺中市,北屯區,0,0,0,8,,,30,,,,,,,,,,,,,,,19,,,,,B03,,,1,,1,,,19,,1,21,,B03,120.69687,24.165276,3
2022,12,10,17,26,臺中市,潭子區,0,0,0,8,,,50,,,,,,,,,,,,,,,23,,,,,B03,,,1,,2,,,23,,1,22,,B03,120.723667,24.218003,3
2022,12,10,17,26,臺中市,東區,0,0,0,,,,50,,,,,,,,,,,,,,,9,,,,,B03,,,1,,2,,,9,,1,5,,B03,120.700082,24.132455,3
2022,12,10,17,30,臺中市,大雅區,0,0,0,8,,,50,,,,,,,,,,,,,,,16,,,,,C03,,,1,,2,,,16,,1,22,,C03,120.64548,24.22484,3
2022,12,10,17,30,臺中市,東區,0,0,0,8,3,5,50,14,8,1,5,4,5,7,4,4,5,4,4,2,14,12,3,10,1,1,B12,7,2,1,8,2,6,,12,12,1,22,8,B12,120.683998,24.126771,3
2022,12,10,17,30,臺中市,神岡區,0,0,0,8,,,50,,,,,,,,,,,,,,,16,,,,,C03,,,1,,1,,,16,,1,21,,C03,120.657025,24.264041,3
2022,12,10,17,34,臺中市,潭子區,0,0,0,8,,,40,,,,,,,,,,,,,,,12,,,,,B03,,,1,,2,,,12,,1,22,,B03,120.688524,24.224857,3
2022,12,10,17,34,臺中市,南區,0,0,0,,,,50,,,,,,,,,,,,,,,40,,,,,B03,,,1,,11,,,40,,1,21,,B03,120.659083,24.123875,3
2022,12,10,17,34,臺中市,后里區,0,0,0,7,3,5,60,14,9,1,5,4,5,7,4,4,1,4,4,1,13,23,,,,,B03,,,1,,2,,,23,23,1,21,,B03,120.722899,24.286682,3
2022,12,10,17,37,臺中市,北區,0,0,0,8,,,50,,,,,,,,,,,,,,,23,,,,,B03,,,1,,1,,,23,,1,21,,B03,120.674955,24.15924,3
2022,12,10,17,37,臺中市,東勢區,0,1,0,8,1,5,50,11,9,1,5,4,5,7,4,4,5,5,5,1,18,42,2,9,1,1,C03,7,9,1,10,2,12,,42,42,1,5,8,C03,120.772843,24.286271,2
2022,12,10,17,38,臺中市,北屯區,0,0,0,8,,,50,,,,,,,,,,,,,,,7,,,,,B03,,,1,,1,,,7,,1,22,,B03,120.697118,24.170653,3
2022,12,10,17,40,臺中市,沙鹿區,0,1,0,8,3,5,50,4,1,1,5,4,5,7,4,4,10,5,5,2,3,23,3,10,1,1,B03,7,5,1,8,2,5,,23,23,1,21,8,B03,120.554547,24.226089,2
2022,12,10,17,41,臺中市,北屯區,0,0,0,8,,,50,,,,,,,,,,,,,,,25,,,,,B03,,,1,,2,,,25,,1,22,,B03,120.721071,24.178078,3
2022,12,10,17,41,臺中市,西屯區,0,0,0,8,,,80,,,,,,,,,,,,,,,23,,,,,B12,,,1,,1,,,23,,1,4,,B12,120.636219,24.184127,3
2022,12,10,17,41,臺中市,霧峰區,0,0,0,8,,,60,,,,,,,,,,,,,,,23,,,,,B03,,,1,,2,,,23,,1,22,,B03,120.695635,24.01366,3
2022,12,10,17,42,臺中市,烏日區,0,0,0,8,3,5,50,14,7,1,5,4,5,7,4,4,5,5,4,2,13,23,3,10,3,4,B03,7,9,1,8,2,1,,23,23,1,21,9,B03,120.629389,24.109797,3
2022,12,10,17,45,臺中市,北屯區,0,2,0,8,3,5,50,4,1,1,5,4,5,7,1,1,10,5,5,2,16,6,2,7,1,1,B03,7,6,1,8,2,2,,6,6,1,21,8,B03,120.698895,24.167878,2
2022,12,10,17,47,臺中市,北屯區,0,2,0,8,3,5,50,5,1,1,5,4,5,7,2,1,10,5,5,2,16,8,2,8,1,1,C03,7,5,1,10,2,12,,8,8,1,21,8,C03,120.686361,24.18861,2
2022,12,10,17,48,臺中市,中區,0,1,0,8,3,5,50,4,1,1,5,4,5,7,1,1,5,5,5,2,16,26,3,10,3,4,B03,7,11,1,8,2,1,,26,26,1,21,8,B03,120.677693,24.144138,2
2022,12,10,17,48,臺中市,東區,0,0,0,8,,,50,,,,,,,,,,,,,,,26,,,,,B03,,,1,,2,,,26,,1,22,,B03,120.703956,24.13468,3
2022,12,10,17,49,臺中市,南區,0,0,0,,,,50,,,,,,,,,,,,,,,16,,,,,B03,,,1,,2,,,16,,1,20,,B03,120.670283,24.111369,3
2022,12,10,17,50,臺中市,南區,0,1,0,8,3,5,50,3,1,1,5,4,5,7,4,4,10,5,5,2,15,6,3,10,1,1,B12,7,9,1,8,2,4,,6,6,1,22,8,B12,120.671391,24.119155,2
2022,12,10,17,54,臺中市,西區,0,0,0,,,,50,,,,,,,,,,,,,,,23,,,,,B03,,,1,,1,,,23,,1,20,,B03,120.659687,24.157317,3
2022,12,10,17,54,臺中市,西屯區,0,0,0,8,,,30,,,,,,,,,,,,,,,17,,,,,B03,,,1,,2,,,17,,1,4,,B03,120.634811,24.185005,3
2022,12,10,17,55,臺中市,北屯區,0,0,0,8,,,40,,,,,,,,,,,,,,,23,,,,,B03,,,1,,1,,,23,,1,22,,B03,120.689116,24.181274,3
2022,12,10,17,56,臺中市,南屯區,0,1,0,8,3,5,50,14,9,1,5,4,5,7,4,4,1,4,5,2,17,23,2,8,1,1,C03,7,6,1,10,2,12,,23,23,1,5,8,C03,120.627146,24.148156,2
2022,12,10,17,59,臺中市,東勢區,0,1,0,8,3,5,40,14,9,1,5,4,5,7,4,4,5,5,5,1,13,16,3,10,1,1,B03,7,9,1,8,2,5,,16,16,1,5,8,B03,120.833506,24.251338,2
2022,12,10,18,0,臺中市,大甲區,0,0,0,,,,40,,,,,,,,,,,,,,,23,,,,,B03,,,1,,1,,,23,,1,22,,B03,120.654555,24.380149,3
2022,12,10,18,2,臺中市,北屯區,0,0,0,8,,,50,,,,,,,,,,,,,,,23,,,,,B03,,,1,,1,,,23,,1,21,,B03,120.696534,24.16827,3
2022,12,10,18,5,臺中市,大甲區,0,1,0,8,3,5,40,3,8,1,5,4,5,7,4,4,5,2,4,1,18,43,2,1,1,1,C03,7,9,1,10,2,14,,43,43,1,4,8,C03,120.61108,24.354181,2
2022,12,10,18,8,臺中市,西區,0,0,0,8,,,50,,,,,,,,,,,,,,,6,,,,,C03,,,1,,2,,,6,,1,4,,C03,120.667305,24.140607,3
2022,12,10,18,14,臺中市,潭子區,0,0,0,8,,,50,,,,,,,,,,,,,,,4,,,,,C03,,,1,,2,,,4,,1,22,,C03,120.70515,24.215575,4
2022,12,10,18,15,臺中市,烏日區,0,1,0,8,3,5,70,4,1,1,5,4,5,7,2,1,1,4,4,1,13,23,2,1,1,1,B03,7,9,1,8,2,1,,23,23,1,21,8,B03,120.590013,24.113621,2
2022,12,10,18,18,臺中市,南屯區,0,0,0,8,,,50,,,,,,,,,,,,,,,6,,,,,B03,,,1,,2,,,6,,1,22,,B03,120.613588,24.143118,3
2022,12,10,18,20,臺中市,西屯區,0,0,0,8,,,30,,,,,,,,,,,,,,,6,,,,,C03,,,1,,2,,,6,,1,4,,C03,120.65674,24.200565,3
2022,12,10,18,22,臺中市,西屯區,0,1,0,8,3,5,50,4,1,1,5,4,5,7,2,1,10,5,5,2,16,6,3,10,1,1,B03,7,5,1,8,2,6,,6,6,1,22,8,B03,120.641023,24.173492,2
2022,12,10,18,23,臺中市,西屯區,0,1,0,8,1,5,50,4,9,1,5,4,5,7,2,1,5,4,5,2,13,23,3,10,1,1,B03,7,9,1,8,2,1,,23,23,1,22,8,B03,120.624121,24.194305,2
2022,12,10,18,30,臺中市,東區,0,0,0,8,3,5,50,14,7,1,5,4,5,7,4,4,5,2,5,2,13,23,3,10,1,1,B03,7,9,1,8,2,1,,23,23,1,22,8,B03,120.68295,24.134424,3
2022,12,10,18,30,臺中市,西屯區,0,0,0,8,,,40,,,,,,,,,,,,,,,16,,,,,C03,,,1,,2,,,16,,1,22,,C03,120.60853,24.183989,3
2022,12,10,18,31,臺中市,南屯區,0,0,0,8,,,30,,,,,,,,,,,,,,,6,,,,,B03,,,1,,1,,,6,6,1,20,,B03,120.641483,24.138878,3
2022,12,10,18,33,臺中市,大里區,0,2,0,8,3,5,50,4,2,1,5,4,5,7,4,4,5,4,4,1,16,19,3,10,3,4,B03,7,1,1,8,2,4,,19,19,1,22,9,B03,120.672487,24.104855,2
2022,12,10,18,34,臺中市,大肚區,0,2,0,8,3,5,50,14,9,1,5,4,5,7,4,4,5,5,5,1,16,26,2,9,3,4,C03,7,11,1,10,2,15,,26,26,1,22,9,C03,120.576117,24.169536,2
2022,12,10,18,35,臺中市,大雅區,0,0,0,8,,,50,,,,,,,,,,,,,,,23,,,,,B03,,,1,,2,,,23,,1,22,,B03,120.64843,24.226277,3
2022,12,10,18,35,臺中市,東區,0,1,0,8,2,5,50,4,1,1,5,4,5,7,1,1,10,5,5,2,16,6,3,10,1,1,B03,7,5,1,8,2,5,,6,6,1,5,8,B03,120.700817,24.135152,2
2022,12,10,18,35,臺中市,西屯區,0,1,0,8,1,5,80,14,7,1,5,4,5,7,4,4,1,4,5,1,13,23,3,10,1,4,B03,7,9,1,8,1,1,,23,23,1,4,8,B03,120.633211,24.1724,2
2022,12,10,18,42,臺中市,北屯區,0,2,0,8,3,5,50,4,1,1,5,4,5,7,1,1,10,5,5,2,16,6,3,10,1,1,B12,7,5,1,8,2,5,,6,6,1,21,8,B12,120.717381,24.167391,2
2022,12,10,18,45,臺中市,龍井區,0,0,0,8,,,40,,,,,,,,,,,,,,,23,,,,,B03,,,1,,2,,,23,,1,22,,B03,120.549771,24.190781,4
2022,12,10,18,51,臺中市,梧棲區,0,1,0,8,3,5,50,4,2,1,5,4,5,7,1,1,10,5,5,2,16,23,2,8,1,1,F03,7,9,8,20,2,16,,23,23,1,3,8,F03,120.528366,24.22188,2
2022,12,10,18,53,臺中市,東區,0,1,0,8,3,5,50,5,1,1,5,4,5,7,1,1,10,5,5,2,13,16,2,9,1,1,C03,7,9,1,8,2,11,,16,16,1,21,8,C03,120.702871,24.131463,2
2022,12,10,18,55,臺中市,清水區,0,0,0,8,,,50,,,,,,,,,,,,,,,23,,,,,B03,,,1,,2,,,23,,1,5,,B03,120.545836,24.270816,3
2022,12,10,19,4,臺中市,南屯區,0,2,0,8,3,5,50,4,1,1,5,4,5,7,2,1,5,4,4,2,15,25,3,10,3,4,B03,7,9,1,8,1,5,,25,25,1,4,9,B03,120.638007,24.13215,2
2022,12,10,19,10,臺中市,西屯區,0,0,0,8,,,50,,,,,,,,,,,,,,,23,,,,,C03,,,1,,1,,,23,,1,4,,C03,120.642477,24.184377,3
2022,12,10,19,18,臺中市,東區,0,2,0,8,3,5,50,5,1,1,5,4,5,7,1,1,10,5,5,2,17,25,2,9,1,1,C03,7,15,3,18,2,11,,25,25,1,21,8,C03,120.693452,24.133073,2
2022,12,10,19,24,臺中市,大肚區,0,1,0,8,3,5,50,4,2,1,5,4,5,7,4,4,5,5,5,1,16,6,3,10,3,4,B12,7,6,1,5,2,5,,6,6,1,22,9,B12,120.580735,24.173194,2
2022,12,10,19,32,臺中市,東勢區,0,0,0,,,,1,,,,,,,,,,,,,,,12,,,,,B03,,,1,,1,,,12,,1,5,,B03,120.828311,24.250526,3
2022,12,10,19,35,臺中市,清水區,0,0,0,8,,,50,,,,,,,,,,,,,,,10,,,,,B03,,,1,,2,,,10,10,1,5,,B03,120.572626,24.26943,3
2022,12,10,19,36,臺中市,西區,0,1,0,8,3,5,50,4,1,1,5,4,5,7,2,1,10,5,5,2,16,25,3,10,1,1,B03,7,9,1,8,2,1,,25,25,1,20,8,B03,120.665271,24.149036,2
2022,12,10,19,37,臺中市,清水區,0,2,0,8,3,5,50,14,8,1,5,4,5,7,4,4,1,4,4,2,16,7,2,9,1,1,C03,7,8,1,10,2,13,,7,7,1,21,8,C03,120.575167,24.267711,2
2022,12,10,19,45,臺中市,西區,0,0,0,8,3,5,50,4,1,1,5,4,5,7,4,4,10,5,5,2,16,6,,,,,B03,,,1,,1,,,6,,1,21,,B03,120.656603,24.154338,3
2022,12,10,19,45,臺中市,大甲區,0,1,0,8,3,5,50,14,9,1,5,4,5,7,4,4,5,5,5,1,13,23,2,8,1,1,C03,7,9,1,10,2,11,,23,23,1,4,8,C03,120.621349,24.345773,2
2022,12,10,19,59,臺中市,北屯區,0,0,0,8,,,50,,,,,,,,,,,,,,,12,,,,,B12,,,1,,2,,,12,12,1,22,,B12,120.732799,24.163739,3
2022,12,10,20,0,臺中市,太平區,0,0,0,8,,,30,,,,,,,,,,,,,,,17,,,,,B02,,,1,,2,,,17,,1,21,,B02,120.724011,24.144401,3
2022,12,10,20,5,臺中市,北屯區,0,0,0,8,,,50,,,,,,,,,,,,,,,42,,,,,B03,,,1,,1,,,42,,1,21,,B03,120.699599,24.1648,3
2022,12,10,20,12,臺中市,西屯區,0,0,0,8,,,30,,,,,,,,,,,,,,,17,,,,,B03,,,1,,2,,,17,,1,4,,B03,120.646396,24.182271,3
2022,12,10,20,16,臺中市,南屯區,0,0,0,8,,,50,,,,,,,,,,,,,,,42,,,,,B03,,,1,,2,,,42,,1,5,,B03,120.648896,24.143986,3
2022,12,10,20,17,臺中市,北屯區,0,1,0,8,3,5,50,3,1,1,5,4,5,7,4,4,10,5,5,2,16,6,3,10,1,1,B02,7,6,3,18,2,2,,6,6,1,22,8,B02,120.710387,24.181354,2
2022,12,10,20,18,臺中市,大里區,0,1,0,8,1,5,50,5,2,1,5,4,5,7,1,1,5,4,4,1,12,17,3,10,3,4,B03,7,9,1,8,2,5,,17,17,1,22,9,B03,120.696706,24.111166,2
2022,12,10,20,30,臺中市,北屯區,0,0,0,8,,,50,,,,,,,,,,,,,,,42,,,,,B03,,,1,,2,,,42,,1,21,,B03,120.721839,24.179903,3
2022,12,10,20,44,臺中市,西區,0,1,0,8,3,5,50,4,1,1,5,4,5,7,1,1,10,5,5,2,17,6,3,10,1,1,B03,7,6,1,8,2,2,,6,6,1,5,7,B03,120.661743,24.16016,2
2022,12,10,20,44,臺中市,西屯區,0,1,0,8,3,5,50,4,2,1,5,4,5,7,1,1,4,5,4,2,18,42,2,8,1,1,C03,7,9,1,10,2,12,,42,42,1,18,8,C03,120.666809,24.175129,2
2022,12,10,20,45,臺中市,北區,0,1,0,8,3,5,50,4,1,1,5,4,5,7,4,4,10,5,5,2,16,6,3,10,1,1,B03,7,9,1,8,2,5,,6,6,1,22,8,B03,120.679223,24.153066,2
2022,12,10,20,47,臺中市,北屯區,0,0,0,8,,,60,,,,,,,,,,,,,,,23,,,,,B03,,,3,,1,,,23,23,1,22,,B03,120.686453,24.172035,3
2022,12,10,20,49,臺中市,豐原區,0,0,0,8,,,50,,,,,,,,,,,,,,,18,,,,,C03,,,1,,2,,,18,18,1,22,,C03,120.722785,24.252522,4
2022,12,10,20,52,臺中市,東區,0,0,0,,,,50,,,,,,,,,,,,,,,12,,,,,B03,,,1,,2,,,12,,1,5,,B03,120.704857,24.135608,3
2022,12,10,21,0,臺中市,西區,0,1,0,8,1,5,50,4,1,1,5,4,4,7,1,1,5,4,4,1,16,23,3,10,1,1,B03,7,5,1,8,2,1,,23,23,1,21,8,B03,120.661694,24.132131,2
2022,12,10,21,1,臺中市,潭子區,0,0,0,8,,,50,,,,,,,,,,,,,,,66,,,,,,,,,,,,,66,,1,,,,120.718343,24.218133,3
2022,12,10,21,3,臺中市,豐原區,0,0,0,8,,,50,,,,,,,,,,,,,,,26,,,,,B03,,,1,,2,,,26,,1,22,,B03,120.706121,24.249955,3
2022,12,10,21,4,臺中市,北區,0,1,0,8,3,5,50,3,1,1,5,4,5,7,4,4,1,4,5,2,16,6,3,10,1,1,B03,7,7,1,8,2,4,,6,6,1,21,8,B03,120.691408,24.159105,2
2022,12,10,21,8,臺中市,東區,0,0,0,,,,50,,,,,,,,,,,,,,,16,,,,,B03,,,1,,2,,,16,,1,21,,B03,120.70928,24.149448,3
2022,12,10,21,18,臺中市,大肚區,0,1,0,8,3,5,40,14,8,1,5,4,5,7,4,4,10,5,1,1,17,23,2,9,3,4,C03,7,9,1,10,2,15,,23,23,1,22,9,C03,120.582627,24.171337,2
2022,12,10,21,28,臺中市,大里區,0,0,0,8,,,50,,,,,,,,,,,,,,,23,,,,,B03,,,1,,2,,,23,,1,5,,B03,120.683848,24.111055,3
2022,12,10,21,28,臺中市,清水區,0,1,0,8,3,5,30,3,1,1,5,4,5,7,4,4,10,5,5,2,16,6,3,10,1,1,B03,7,5,1,8,2,1,,6,6,1,21,8,B03,120.562278,24.285975,2
2022,12,10,21,37,臺中市,龍井區,0,0,0,8,,,60,,,,,,,,,,,,,,,23,,,,,B03,,,6,,2,,,23,,1,22,,B03,120.575596,24.184746,3
2022,12,10,21,40,臺中市,豐原區,0,1,0,8,3,5,50,4,2,1,5,4,5,7,1,1,10,5,5,2,17,42,2,9,1,1,C03,7,5,2,18,2,11,,42,42,1,22,8,C03,120.722209,24.249794,2
2022,12,10,21,44,臺中市,梧棲區,0,0,0,,,,40,,,,,,,,,,,,,,,42,,,,,B02,,,1,,2,,,42,,1,4,,B02,120.539702,24.259873,3
2022,12,10,21,51,臺中市,西屯區,0,2,0,8,3,5,50,4,1,1,5,4,5,7,1,1,10,5,5,2,11,8,3,10,1,1,B03,7,5,1,8,2,8,,8,8,1,22,8,B03,120.641659,24.178287,2
2022,12,10,21,58,臺中市,龍井區,0,0,0,8,,,30,,,,,,,,,,,,,,,17,,,,,B03,,,1,,2,,,17,,1,2,,B03,120.591936,24.181161,3
2022,12,10,22,10,臺中市,北區,0,1,0,8,1,5,50,14,9,1,5,4,5,7,4,4,5,5,5,2,16,10,3,10,1,1,B03,7,11,1,8,2,5,,10,10,1,22,8,B03,120.672957,24.160593,2
2022,12,10,22,20,臺中市,大雅區,0,2,0,8,3,5,50,14,9,1,5,4,5,7,4,4,3,4,5,1,17,16,2,9,1,1,C03,7,9,1,10,2,11,,16,16,1,22,8,C03,120.61372,24.231915,2