年,月,日,時,分,縣市,區,死,受傷,2-30,天候,光線,道路類別,速限,道路型態,事故位置,路面鋪裝,路面狀態,路面缺陷,障礙物,視距,號誌種類,號誌動作,分向設施,快車道或一般車道間,快慢車道間,路面邊線,事故類型及型態,主要肇因,受傷程度,主要傷處,保護裝備,行動電話,當事者區分,車輛用途,當事者行動狀態,駕駛資格情形,駕駛執照種類,飲酒情形,車輛撞擊部位最初,車輛撞擊部位其他,肇事因素個別,肇事因素主要,肇事逃逸,職業,旅次目的,車種,GPS緯度,GPS經度,事故類別
2022,12,10,22,45,臺中市,西區,0,1,0,8,3,5,40,3,1,1,5,4,5,7,1,1,10,5,5,2,12,17,2,9,1,1,C03,7,4,1,10,2,14,,17,17,1,18,8,C03,120.657365,24.144335,2
2022,12,10,22,56,臺中市,烏日區,0,0,0,8,,,70,,,,,,,,,,,,,,,23,,,,,B03,,,1,,2,,,23,,1,21,,B03,120.613821,24.106669,3
2022,12,10,23,7,臺中市,北區,0,0,0,8,,,50,,,,,,,,,,,,,,,23,,,,,C03,,,1,,2,,,23,,1,22,,C03,120.689461,24.160211,3
2022,12,10,23,10,臺中市,龍井區,0,1,0,8,3,5,40,4,1,1,5,4,5,7,4,4,10,5,5,2,16,8,2,8,1,1,C04,7,5,1,8,2,11,,8,8,1,2,1,C04,120.587635,24.192155,2
2022,12,10,23,19,臺中市,大雅區,0,1,0,8,3,5,40,3,1,1,5,3,5,7,1,1,3,5,4,1,18,44,2,9,1,1,C03,7,6,1,10,2,15,,44,44,1,22,8,C03,120.67085,24.21585,2
2022,12,10,23,22,臺中市,西區,0,1,0,8,3,5,50,4,1,1,5,4,5,7,3,1,10,5,5,2,15,6,3,10,1,1,B03,7,9,3,18,2,4,,6,6,1,5,8,B03,120.67298,24.150039,2
2022,12,10,23,35,臺中市,西區,0,1,0,8,3,5,30,3,1,1,5,4,5,7,4,4,10,5,5,2,16,6,2,8,1,1,C03,7,5,1,10,2,11,,6,6,1,21,8,C03,120.670827,24.143046,2
2022,12,10,23,36,臺中市,大里區,0,1,0,8,3,5,50,4,1,1,5,4,5,7,2,1,1,4,1,1,12,26,3,10,1,1,B12,7,6,1,8,8,5,,26,26,1,22,8,B12,120.688111,24.094487,2
2022,12,10,23,41,臺中市,梧棲區,0,2,0,8,3,5,40,4,9,1,5,4,5,7,1,1,5,5,5,1,13,23,2,9,1,1,C03,7,9,2,18,3,11,,23,23,1,4,8,C03,120.535404,24.235842,2
2022,12,10,23,49,臺中市,北區,0,0,0,8,,,30,,,,,,,,,,,,,,,23,,,,,C03,,,1,,11,,,23,,1,22,,C03,120.676544,24.149418,3
2022,12,11,0,18,臺中市,西屯區,0,0,0,8,,,50,,,,,,,,,,,,,,,7,,,,,B03,,,1,,1,,,7,,1,22,,B03,120.651753,24.165563,3
2022,12,11,0,32,臺中市,太平區,0,1,0,8,3,5,50,3,1,1,5,4,5,7,4,4,10,5,5,2,16,6,3,10,1,1,B03,7,5,6,8,2,2,,6,6,1,21,8,B03,120.717134,24.148698,2
2022,12,11,0,41,臺中市,大雅區,0,2,0,8,3,5,30,14,9,1,5,4,5,7,4,4,9,5,5,1,26,50,2,1,1,1,B03,7,9,1,17,2,5,1,50,50,1,22,8,B03,120.627738,24.20924,2
2022,12,11,0,44,臺中市,中區,0,0,0,8,,,50,,,,,,,,,,,,,,,23,,,,,B03,,,1,,1,,,23,,1,5,,B03,120.678377,24.146985,3
2022,12,11,1,9,臺中市,豐原區,0,1,0,8,3,5,50,11,9,1,5,4,5,7,4,4,5,5,5,1,18,42,2,9,1,1,C03,7,9,3,18,2,15,,42,42,1,22,8,C03,120.751174,24.260649,2
2022,12,11,1,21,臺中市,東區,0,3,0,8,3,5,50,5,1,1,5,4,5,7,2,1,10,5,5,2,16,25,2,1,1,1,B03,7,5,3,18,2,1,,25,25,1,22,8,B03,120.693702,24.133061,2
2022,12,11,1,31,臺中市,西屯區,0,0,0,8,,,50,,,,,,,,,,,,,,,23,,,,,B03,,,1,,2,,,23,,1,22,,B03,120.650746,24.178114,3
2022,12,11,4,29,臺中市,西屯區,0,1,0,8,3,5,50,14,7,1,5,4,5,7,4,4,9,4,4,2,11,26,3,10,1,1,C03,7,5,1,10,2,11,,26,26,1,22,8,C03,120.645888,24.172017,2
2022,12,11,4,38,臺中市,大雅區,1,0,0,8,3,5,50,4,1,1,5,4,5,7,1,1,10,5,5,2,9,23,3,10,1,1,B03,7,9,1,8,2,15,,23,23,1,22,9,B03,120.670424,24.237872,1
2022,12,11,6,0,臺中市,沙鹿區,0,1,0,8,1,5,40,14,8,1,5,4,5,7,4,4,1,3,1,1,23,23,2,9,1,1,C03,7,9,1,10,6,11,,23,23,1,22,9,C03,120.575969,24.22651,2
2022,12,11,6,12,臺中市,南屯區,0,0,0,8,,,50,,,,,,,,,,,,,,,22,,,,,B03,,,1,,2,,,22,22,1,22,,B03,120.624093,24.143469,3
2022,12,11,6,45,臺中市,西屯區,0,0,0,8,,,60,,,,,,,,,,,,,,,23,,,,,B03,,,1,,1,,,23,,1,12,,B03,120.644991,24.179121,3
2022,12,11,6,47,臺中市,中區,0,0,0,8,,,50,,,,,,,,,,,,,,,19,,,,,B01,,,1,,2,,,19,,1,10,,B01,120.683232,24.141396,3
2022,12,11,7,20,臺中市,東區,0,1,0,8,1,5,50,3,1,1,5,4,5,7,4,4,10,5,5,2,16,6,3,10,1,1,B12,7,6,1,8,2,8,,6,6,1,22,8,B12,120.710537,24.141777,2
2022,12,11,7,25,臺中市,東區,0,0,0,,,,50,,,,,,,,,,,,,,,23,,,,,B03,,,1,,2,,,23,,1,22,,B03,120.699147,24.140203,3
2022,12,11,7,30,臺中市,北屯區,0,2,0,8,1,5,50,14,9,1,5,4,5,7,4,4,10,5,5,2,13,16,2,1,1,1,C03,7,9,1,10,2,11,,16,16,1,22,8,C03,120.6686,24.17824,2
2022,12,11,7,32,臺中市,大雅區,0,0,0,8,,,30,,,,,,,,,,,,,,,23,,,,,B03,,,1,,2,,,23,,1,22,,B03,120.664658,24.24076,3
2022,12,11,7,39,臺中市,西區,0,0,0,8,,,1,,,,,,,,,,,,,,,42,,,,,,,,,,,,,42,,1,,,,120.667284,24.141389,3
2022,12,11,7,50,臺中市,西區,0,1,0,8,1,5,50,4,1,1,5,4,5,7,4,4,10,5,5,2,13,16,3,10,1,1,B03,7,9,1,8,2,1,,16,16,1,22,9,B03,120.66659,24.149656,2
2022,12,11,7,50,臺中市,西屯區,0,1,0,8,1,5,40,14,8,1,5,4,5,7,4,4,1,5,1,2,13,16,2,9,3,4,C03,7,9,1,10,2,11,,16,16,1,22,8,C03,120.615946,24.182604,2
2022,12,11,7,59,臺中市,梧棲區,0,1,0,8,1,5,50,4,2,1,5,4,5,7,1,1,10,5,5,2,17,42,3,10,1,1,C03,7,6,1,10,2,12,,42,42,1,9,1,C03,120.528366,24.22188,2
2022,12,11,8,0,臺中市,北屯區,0,0,0,8,,,40,,,,,,,,,,,,,,,43,,,,,,,,,,,,,43,,1,,,,120.676205,24.194032,3
2022,12,11,8,2,臺中市,西屯區,0,1,0,8,1,5,50,4,1,1,5,4,5,7,3,1,10,5,5,2,15,6,3,10,1,1,C03,7,9,1,10,1,12,,14,6,1,4,8,C03,120.626731,24.180222,2
2022,12,11,8,3,臺中市,北區,0,2,0,8,1,5,50,4,2,1,5,4,5,7,1,1,5,5,5,2,17,7,2,8,1,1,C04,7,7,1,10,2,14,,7,7,1,5,8,C04,120.680893,24.158172,2
2022,12,11,8,3,臺中市,南區,0,1,0,8,1,5,50,3,1,1,5,4,5,7,4,4,10,5,5,2,16,6,3,10,1,1,B12,7,5,1,8,2,8,,6,6,1,22,8,B12,120.659141,24.128516,2
2022,12,11,8,24,臺中市,太平區,0,0,0,8,,,40,,,,,,,,,,,,,,,26,,,,,B03,,,1,,1,,,26,,1,9,,B03,120.731261,24.112948,3
2022,12,11,8,32,臺中市,北屯區,0,1,0,8,1,5,40,14,18,1,5,4,5,7,1,1,10,5,5,2,3,15,3,10,1,1,C03,7,9,1,10,2,11,,15,15,1,21,8,C03,120.718288,24.175561,2
2022,12,11,8,35,臺中市,豐原區,0,1,0,8,1,5,50,3,1,1,5,4,5,7,3,1,10,5,5,2,16,6,2,9,3,4,C03,7,6,1,10,2,14,,6,6,1,22,8,C03,120.70907,24.251177,2
2022,12,11,8,39,臺中市,太平區,1,0,0,8,1,5,50,14,9,1,5,4,5,7,4,4,5,4,5,1,12,17,3,10,3,4,B03,7,4,1,5,2,2,,17,17,1,9,8,B03,120.723596,24.13404,1
2022,12,11,8,48,臺中市,西屯區,0,3,0,8,1,5,40,4,1,1,5,4,5,7,1,1,10,5,5,2,3,52,2,9,3,4,H01,8,16,8,20,10,16,,52,52,1,22,8,H01,120.648294,24.167899,2
2022,12,11,8,50,臺中市,潭子區,0,1,0,8,1,5,50,3,1,1,5,4,5,7,1,1,10,4,5,2,13,23,3,10,1,1,B12,7,9,1,8,2,5,,23,23,1,22,8,B12,120.704925,24.20029,2
2022,12,11,8,50,臺中市,豐原區,0,1,0,8,1,5,50,4,9,1,5,4,5,7,1,1,5,5,4,2,16,26,3,10,1,1,B03,7,11,1,8,2,8,,26,26,1,21,8,B03,120.715863,24.251503,2
2022,12,11,9,15,臺中市,豐原區,0,0,0,8,,,40,,,,,,,,,,,,,,,17,,,,,B03,,,1,,2,,,17,17,1,22,,B03,120.738162,24.234783,3
2022,12,11,9,16,臺中市,潭子區,0,0,0,8,,,50,,,,,,,,,,,,,,,23,,,,,B03,,,1,,2,,,23,,1,22,,B03,120.721561,24.18202,3
2022,12,11,9,16,臺中市,北屯區,0,0,0,8,,,50,,,,,,,,,,,,,,,6,,,,,B03,,,1,,2,,,6,,1,21,,B03,120.668631,24.198888,3
2022,12,11,9,20,臺中市,梧棲區,0,0,0,8,,,50,,,,,,,,,,,,,,,19,,,,,B03,,,1,,2,,,19,19,1,9,,B03,120.536729,24.25552,3
2022,12,11,9,22,臺中市,北屯區,0,0,0,8,,,50,,,,,,,,,,,,,,,12,,,,,B03,,,1,,11,,,12,,1,21,,B03,120.707875,24.19377,3
2022,12,11,9,23,臺中市,太平區,0,1,0,8,1,5,50,4,9,1,5,4,5,7,4,4,5,4,5,2,17,26,2,9,1,1,C03,7,5,1,10,2,11,,26,26,1,21,8,C03,120.718566,24.113739,2
2022,12,11,9,25,臺中市,西屯區,0,1,0,8,1,5,50,3,18,4,5,4,5,7,1,1,5,4,5,2,3,15,3,10,1,1,A02,7,5,1,2,2,1,,15,15,1,10,8,A02,120.641584,24.162705,2
2022,12,11,9,30,臺中市,東區,0,1,0,8,1,5,50,3,1,1,5,4,5,7,1,1,10,5,5,2,13,16,2,9,1,1,C03,7,9,3,18,2,11,,16,16,1,22,8,C03,120.709414,24.14076,2
2022,12,11,9,30,臺中市,沙鹿區,0,1,0,8,1,5,50,4,1,1,5,4,5,7,3,1,10,5,5,2,15,6,3,10,1,1,B03,7,9,1,8,2,5,,6,6,1,5,5,B03,120.564279,24.236543,2
2022,12,11,9,31,臺中市,北屯區,0,0,0,8,,,50,,,,,,,,,,,,,,,16,,,,,B03,,,1,,1,,,16,,1,21,,B03,120.701826,24.182015,3
2022,12,11,9,35,臺中市,西屯區,0,1,0,8,1,5,30,4,1,1,5,4,5,7,4,4,10,5,5,2,17,6,3,10,1,1,B03,7,6,1,8,1,4,,6,6,1,21,8,B03,120.650463,24.199601,2
2022,12,11,9,45,臺中市,大里區,0,2,0,8,1,5,30,4,1,1,5,4,5,7,4,4,10,5,5,2,15,6,2,8,1,1,C03,7,9,1,10,2,12,,6,6,1,22,8,C03,120.70183,24.087572,2
2022,12,11,9,46,臺中市,西屯區,0,0,0,8,,,50,,,,,,,,,,,,,,,6,,,,,B03,,,1,,1,,,6,,1,22,,B03,120.620008,24.18524,3
2022,12,11,9,50,臺中市,大里區,0,2,0,8,1,5,50,4,1,1,5,4,5,7,1,1,10,4,4,1,16,9,3,10,1,1,B03,7,6,1,8,2,5,5,9,9,1,4,8,B03,120.698356,24.080595,2
2022,12,11,9,55,臺中市,太平區,0,1,0,8,1,5,50,4,18,1,5,4,5,7,1,1,10,5,5,2,3,15,3,10,3,4,B03,7,5,1,8,2,1,,15,15,1,9,8,B03,120.724105,24.130638,2
2022,12,11,10,6,臺中市,霧峰區,0,0,0,8,,,50,,,,,,,,,,,,,,,7,,,,,A12,,,1,,2,,,7,,1,22,,A12,120.691484,24.078832,3
2022,12,11,10,10,臺中市,豐原區,0,0,0,8,,,60,,,,,,,,,,,,,,,16,,,,,C03,,,1,,2,,,16,,1,21,,C03,120.73733,24.255254,3
2022,12,11,10,30,臺中市,大甲區,0,0,0,8,,,50,,,,,,,,,,,,,,,44,,,,,B03,,,1,,1,,,44,,1,22,,B03,120.629498,24.355599,3
2022,12,11,10,36,臺中市,豐原區,0,0,0,8,,,30,,,,,,,,,,,,,,,12,,,,,B03,,,1,,2,,,12,,1,22,,B03,120.722707,24.254074,3
2022,12,11,10,37,臺中市,沙鹿區,0,1,0,8,1,5,40,4,1,1,5,4,5,7,4,4,10,5,5,2,15,6,2,9,1,1,C03,7,9,1,10,2,11,,6,6,1,5,9,C03,120.570164,24.230078,2
2022,12,11,10,50,臺中市,大雅區,0,0,0,8,,,50,,,,,,,,,,,,,,,16,,,,,C03,,,4,,2,,,16,,1,22,,C03,120.64992,24.22169,3
2022,12,11,10,50,臺中市,大甲區,0,0,0,8,1,2,70,11,9,1,5,4,5,7,4,4,10,3,5,1,16,23,3,10,1,1,B03,7,9,1,8,1,4,,23,23,1,22,1,B03,120.609002,24.327575,3
2022,12,11,10,51,臺中市,北屯區,0,2,0,8,1,5,50,14,9,1,5,4,5,7,4,4,1,4,5,2,13,23,3,10,1,1,B11,7,9,1,3,2,1,,23,23,1,22,8,B11,120.674786,24.20057,2
2022,12,11,10,52,臺中市,北屯區,0,0,0,8,,,50,,,,,,,,,,,,,,,16,,,,,B03,,,1,,1,,,16,,1,5,,B03,120.740978,24.17902,3
2022,12,11,10,53,臺中市,大雅區,0,0,0,8,,,50,,,,,,,,,,,,,,,16,,,,,C03,,,1,,2,,,16,,1,22,,C03,120.64239,24.22916,3
2022,12,11,10,56,臺中市,神岡區,0,0,0,8,,,50,,,,,,,,,,,,,,,25,,,,,F03,,,8,,2,,,25,,1,22,,F03,120.69663,24.254298,3
2022,12,11,10,58,臺中市,豐原區,0,0,0,8,,,50,,,,,,,,,,,,,,,6,,,,,A11,,,1,,2,,,6,,1,22,,A11,120.722552,24.25457,3
2022,12,11,11,8,臺中市,神岡區,0,3,0,8,1,5,50,15,9,1,5,4,5,7,1,1,5,5,4,2,17,16,2,9,1,1,F03,7,15,8,20,2,16,,16,16,1,22,8,F03,120.656043,24.254483,2
2022,12,11,11,10,臺中市,大甲區,0,0,0,8,,,50,,,,,,,,,,,,,,,18,,,,,B03,,,1,,2,,,18,,1,22,,B03,120.623956,24.340749,3
2022,12,11,11,15,臺中市,北區,0,0,0,8,,,50,,,,,,,,,,,,,,,26,,,,,B03,,,1,,2,,,26,,1,5,,B03,120.669467,24.159032,3
2022,12,11,11,15,臺中市,烏日區,0,1,0,8,1,5,50,14,7,1,5,4,5,7,4,4,5,4,4,1,17,6,3,10,1,1,B03,7,11,1,8,2,4,,6,6,1,21,8,B03,120.626209,24.105958,2
2022,12,11,11,16,臺中市,外埔區,0,1,0,8,1,5,40,11,9,1,5,4,5,1,4,4,10,5,5,2,11,23,2,8,1,1,C03,7,9,1,10,2,11,,23,23,1,19,8,C03,120.643312,24.342553,2
2022,12,11,11,19,臺中市,北區,0,0,0,8,,,50,,,,,,,,,,,,,,,23,,,,,B03,,,1,,2,,,23,23,1,5,,B03,120.698369,24.157433,3
2022,12,11,11,20,臺中市,北屯區,0,0,0,8,,,50,,,,,,,,,,,,,,,23,,,,,B03,,,1,,1,,,23,23,1,21,,B03,120.677022,24.193563,3
2022,12,11,11,24,臺中市,南區,0,1,0,8,1,5,50,4,1,1,5,4,5,7,1,1,10,5,5,2,16,25,2,9,1,1,C03,7,6,1,10,2,14,,25,26,1,22,8,C03,120.665804,24.12349,2
2022,12,11,11,30,臺中市,神岡區,0,0,0,8,,,30,,,,,,,,,,,,,,,12,,,,,A12,,,1,,1,,,12,,1,22,,A12,120.65701,24.256521,3
2022,12,11,11,31,臺中市,北區,0,0,0,8,,,50,,,,,,,,,,,,,,,23,,,,,B03,,,1,,1,,,23,,1,5,,B03,120.669558,24.16714,3
2022,12,11,11,31,臺中市,太平區,0,1,0,8,1,5,50,4,9,1,5,4,5,7,1,1,5,4,5,1,18,42,2,9,1,1,C03,7,5,1,10,2,13,,42,42,1,8,5,C03,120.733235,24.134588,2
2022,12,11,11,39,臺中市,北屯區,0,0,0,8,,,50,,,,,,,,,,,,,,,16,,,,,B03,,,1,,2,,,16,,1,21,,B03,120.660596,24.19188,3
2022,12,11,11,40,臺中市,清水區,0,2,0,8,1,5,50,14,9,1,5,4,5,7,4,4,5,5,5,1,13,16,2,9,1,1,C03,7,9,1,10,2,11,,16,16,1,22,8,C03,120.563746,24.268103,2
2022,12,11,11,42,臺中市,東區,0,0,0,8,,,50,,,,,,,,,,,,,,,42,,,,,A12,,,1,1,2,,,42,42,1,21,,A12,120.698341,24.135161,3
2022,12,11,11,48,臺中市,龍井區,0,0,0,8,,,30,,,,,,,,,,,,,,,6,,,,,B03,,,1,,2,,,6,,1,22,,B03,120.578144,24.180383,3
2022,12,11,11,49,臺中市,西屯區,0,1,0,8,1,5,50,14,9,1,5,4,5,7,4,4,1,4,5,2,12,7,2,9,1,1,C03,7,7,1,10,2,14,,7,7,1,22,8,C03,120.651355,24.166235,2
2022,12,11,11,50,臺中市,北屯區,0,0,0,8,,,50,,,,,,,,,,,,,,,43,,,,,B03,,,1,,11,,,43,,1,21,,B03,120.724448,24.1685,3
2022,12,11,11,50,臺中市,沙鹿區,0,2,0,8,1,5,50,14,8,1,5,4,5,7,4,4,5,5,4,2,16,26,2,7,1,1,C03,7,5,1,10,2,12,,26,26,1,4,5,C03,120.576588,24.224765,2
2022,12,11,11,57,臺中市,西區,0,2,0,8,1,5,50,4,1,1,5,4,5,7,1,1,10,5,5,2,17,6,3,10,3,4,B03,7,6,1,8,2,2,,6,6,1,22,5,B03,120.657272,24.152436,2
2022,12,11,12,0,臺中市,西屯區,0,0,0,8,,,50,,,,,,,,,,,,,,,12,,,,,B03,,,1,,2,,,12,,1,21,,B03,120.636193,24.177805,3
2022,12,11,12,1,臺中市,北區,0,0,0,8,,,50,,,,,,,,,,,,,,,23,,,,,B03,,,1,,1,,,23,,1,5,,B03,120.672565,24.168787,3
2022,12,11,12,3,臺中市,豐原區,0,2,0,8,1,5,50,5,1,1,5,4,5,7,3,1,10,5,5,2,16,6,2,9,1,1,F03,7,9,8,20,2,16,,6,6,1,21,8,F03,120.724013,24.250661,2
2022,12,11,12,4,臺中市,大里區,0,0,0,8,,,30,,,,,,,,,,,,,,,26,,,,,C02,,,1,,2,,,26,,1,22,,C02,120.675943,24.087638,3
2022,12,11,12,8,臺中市,西屯區,0,0,0,8,,,30,,,,,,,,,,,,,,,19,,,,,B03,,,1,,1,,,19,,1,22,,B03,120.616746,24.186711,3
2022,12,11,12,13,臺中市,大里區,0,0,0,8,,,50,,,,,,,,,,,,,,,23,,,,,C03,,,1,,2,,,23,,1,22,,C03,120.6903,24.111316,3
2022,12,11,12,15,臺中市,北屯區,0,0,0,8,,,50,,,,,,,,,,,,,,,12,,,,,B03,,,1,,2,,,12,,1,5,,B03,120.747653,24.195455,3
2022,12,11,12,15,臺中市,沙鹿區,0,0,0,8,,,40,,,,,,,,,,,,,,,18,,,,,B03,,,1,,2,,,18,18,1,3,,B03,120.574525,24.237427,3
2022,12,11,12,16,臺中市,霧峰區,0,2,0,8,1,5,40,4,1,1,5,4,5,7,1,1,10,5,4,1,16,25,2,9,1,1,C03,7,9,1,10,2,11,,25,25,1,4,8,C03,120.698686,24.064478,2
2022,12,11,12,19,臺中市,南區,0,0,0,8,,,50,,,,,,,,,,,,,,,7,,,,,B03,,,1,,2,,,7,,1,22,,B03,120.670344,24.114991,3
2022,12,11,12,19,臺中市,太平區,0,1,0,8,1,5,50,4,2,1,5,4,5,7,2,1,5,5,5,2,12,17,3,10,1,1,C03,7,9,1,10,2,12,,17,17,1,3,5,C03,120.733245,24.142536,2
2022,12,11,12,20,臺中市,南屯區,0,0,0,8,,,50,,,,,,,,,,,,,,,18,,,,,B03,,,1,,1,,,18,18,1,22,,B03,120.654961,24.143898,3
2022,12,11,12,22,臺中市,南屯區,0,2,0,8,1,5,50,3,2,1,5,4,5,7,2,1,4,3,4,2,12,7,2,9,1,1,C03,7,7,1,9,2,14,,7,7,1,22,8,C03,120.635445,24.149825,2
2022,12,11,12,22,臺中市,外埔區,0,0,0,8,,,30,,,,,,,,,,,,,,,12,,,,,B12,,,1,,1,,,12,,1,22,,B12,120.685002,24.352003,3
2022,12,11,12,23,臺中市,西屯區,0,0,0,8,,,50,,,,,,,,,,,,,,,23,,,,,B02,,,1,,1,,,23,,1,22,,B02,120.628416,24.161479,3
2022,12,11,12,24,臺中市,中區,0,0,0,8,1,5,50,14,9,1,5,4,5,7,4,4,10,4,5,2,17,42,,,,,C03,,,1,,1,,,42,,1,22,,C03,120.68382,24.137666,3
2022,12,11,12,24,臺中市,梧棲區,0,2,0,8,1,5,70,4,1,1,5,4,5,7,1,1,10,5,5,2,16,8,3,10,1,1,B12,7,9,1,8,2,1,,25,8,1,9,8,B12,120.559232,24.258143,2
2022,12,11,12,25,臺中市,西屯區,0,1,0,8,1,5,40,14,8,1,5,4,5,7,4,4,1,5,1,2,13,16,2,9,1,1,C03,7,9,1,10,2,11,,16,16,1,22,8,C03,120.607651,24.183966,2
2022,12,11,12,34,臺中市,神岡區,0,1,0,8,1,5,50,15,9,1,5,4,5,7,1,1,5,5,5,1,17,26,3,10,1,1,C03,7,4,3,18,2,15,,26,26,2,22,8,C03,120.689229,24.239292,2
2022,12,11,12,36,臺中市,太平區,0,1,0,8,1,5,50,4,9,1,5,4,5,7,3,1,5,4,4,2,16,26,2,9,1,1,C04,7,5,1,10,2,12,,26,26,1,22,8,C04,120.720796,24.104673,2
2022,12,11,12,39,臺中市,北屯區,0,2,0,8,1,5,50,3,1,1,5,4,5,7,1,1,10,5,5,2,16,25,2,8,1,1,C03,7,9,1,10,2,11,,25,25,1,21,8,C03,120.6663,24.1817,2
2022,12,11,12,41,臺中市,北屯區,0,2,0,8,1,5,50,14,9,1,5,4,5,7,1,1,1,4,5,2,12,25,2,9,1,1,C03,7,8,1,10,2,12,,25,25,1,22,8,C03,120.721695,24.182956,2
2022,12,11,12,43,臺中市,西屯區,0,0,0,8,,,50,,,,,,,,,,,,,,,6,,,,,B03,,,1,,1,,,6,6,1,22,,B03,120.623256,24.182679,3
2022,12,11,12,46,臺中市,南屯區,0,0,0,,,,50,,,,,,,,,,,,,,,42,,,,,B03,,,1,,1,,,42,,1,22,,B03,120.633979,24.142951,3
2022,12,11,12,53,臺中市,外埔區,0,2,0,8,1,5,50,4,1,1,5,4,5,7,1,1,10,5,5,2,15,25,2,9,1,1,C03,7,9,1,10,2,11,,25,25,1,22,8,C03,120.653301,24.331741,2
2022,12,11,13,7,臺中市,后里區,0,1,0,8,1,5,60,3,1,1,5,4,5,7,4,4,10,5,5,1,17,23,2,9,1,1,C03,7,9,1,10,2,14,,23,23,1,22,8,C03,120.723409,24.291212,2
2022,12,11,13,12,臺中市,西區,0,2,0,8,1,5,50,4,1,1,5,4,5,7,2,1,10,5,5,2,16,6,2,9,1,1,C03,7,5,1,10,2,12,,6,6,1,5,5,C03,120.668623,24.138022,2
2022,12,11,13,12,臺中市,清水區,0,0,0,8,,,50,,,,,,,,,,,,,,,10,,,,,B03,,,1,,2,,,10,,1,5,,B03,120.576046,24.270875,3
2022,12,11,13,15,臺中市,大里區,0,1,0,8,1,5,30,11,9,1,5,4,5,7,4,4,10,5,5,2,17,23,2,9,1,1,C03,7,9,1,10,2,15,,23,23,1,2,5,C03,120.690371,24.104966,2
2022,12,11,13,19,臺中市,北區,0,2,0,8,1,5,40,4,2,1,5,4,5,7,1,1,1,4,4,2,13,16,2,9,1,1,C03,7,9,1,10,2,11,,16,16,1,5,8,C03,120.675858,24.159215,2
2022,12,11,13,20,臺中市,東區,0,2,0,8,1,5,50,5,1,1,5,4,5,7,1,1,10,5,5,2,15,25,2,8,1,1,C03,7,9,1,10,2,11,,25,25,1,22,8,C03,120.68908,24.137012,2
2022,12,11,13,20,臺中市,烏日區,0,0,0,8,,,30,,,,,,,,,,,,,,,23,,,,,B03,,,1,,2,,,19,23,1,21,,B03,120.616684,24.113986,3
2022,12,11,13,24,臺中市,梧棲區,0,1,0,8,1,5,70,3,1,1,5,4,5,7,1,1,10,5,5,2,16,25,3,10,1,1,B03,7,5,1,8,2,5,,25,25,1,19,8,B03,120.546774,24.246063,2
2022,12,11,13,27,臺中市,烏日區,0,0,0,8,,,30,,,,,,,,,,,,,,,17,,,,,B03,,,3,,2,,,17,,1,21,,B03,120.637021,24.033634,3
2022,12,11,13,30,臺中市,西屯區,0,1,0,8,1,5,50,4,1,1,5,4,5,7,1,1,10,5,5,2,17,6,3,10,1,1,B03,7,5,1,8,2,1,,6,6,1,21,8,B03,120.634385,24.17598,2
2022,12,11,13,36,臺中市,北屯區,0,3,0,8,1,5,30,4,1,1,5,4,5,7,4,4,10,5,5,2,15,6,2,9,1,1,C03,7,9,1,10,2,14,,6,6,1,21,8,C03,120.670638,24.184222,2
2022,12,11,13,38,臺中市,大里區,0,0,0,8,,,60,,,,,,,,,,,,,,,6,,,,,B03,,,1,,2,,,6,,1,22,,B03,120.683568,24.103938,3
2022,12,11,13,40,臺中市,和平區,0,0,0,8,1,5,30,3,2,1,5,4,5,7,4,4,10,3,5,1,11,17,3,10,3,4,A11,7,5,1,3,2,4,,17,17,1,10,,A11,121.295425,24.318224,3
2022,12,11,13,46,臺中市,南區,0,1,0,8,1,5,50,4,1,1,5,4,4,7,1,1,10,5,5,2,13,42,3,10,1,1,B03,7,5,1,8,2,1,,42,42,1,22,7,B03,120.66999,24.119723,2
2022,12,11,13,47,臺中市,烏日區,0,0,0,8,,,30,,,,,,,,,,,,,,,19,,,,,C03,,,1,,2,,,19,,1,18,,C03,120.615136,24.108656,3
2022,12,11,14,4,臺中市,大甲區,0,0,0,8,,,50,,,,,,,,,,,,,,,44,,,,,C03,,,1,,2,,,44,44,1,22,,C03,120.626694,24.340298,3
2022,12,11,14,16,臺中市,清水區,0,3,0,8,1,5,50,4,1,1,5,4,5,7,4,4,10,5,5,2,15,6,3,10,1,1,B03,7,9,1,8,2,5,,6,6,1,5,5,B03,120.566594,24.27628,2
2022,12,11,14,17,臺中市,沙鹿區,0,1,0,8,2,5,50,14,7,1,5,4,5,7,4,4,5,5,4,2,17,40,3,10,1,1,B12,7,14,1,7,2,2,,40,40,1,6,8,B12,120.558875,24.236749,2
2022,12,11,14,20,臺中市,豐原區,0,0,0,8,,,50,,,,,,,,,,,,,,,44,,,,,B03,,,1,,2,,,44,44,1,22,,B03,120.726041,24.247023,3
2022,12,11,14,32,臺中市,大甲區,0,1,0,8,1,5,40,14,8,1,5,4,5,7,4,4,9,5,4,1,17,16,2,7,1,1,C03,7,9,1,10,2,11,12,16,16,1,4,8,C03,120.606773,24.357902,2
2022,12,11,14,44,臺中市,北區,0,0,0,8,,,50,,,,,,,,,,,,,,,23,,,,,A12,,,1,,2,,,23,,1,22,,A12,120.688163,24.160251,3