年,月,日,時,分,縣市,區,死,受傷,2-30,天候,光線,道路類別,速限,道路型態,事故位置,路面鋪裝,路面狀態,路面缺陷,障礙物,視距,號誌種類,號誌動作,分向設施,快車道或一般車道間,快慢車道間,路面邊線,事故類型及型態,主要肇因,受傷程度,主要傷處,保護裝備,行動電話,當事者區分,車輛用途,當事者行動狀態,駕駛資格情形,駕駛執照種類,飲酒情形,車輛撞擊部位最初,車輛撞擊部位其他,肇事因素個別,肇事因素主要,肇事逃逸,職業,旅次目的,車種,GPS緯度,GPS經度,事故類別
2022,12,12,6,25,臺中市,烏日區,0,1,0,8,1,5,50,14,7,1,5,4,5,7,4,4,5,4,4,1,16,26,3,10,1,1,B03,7,11,1,8,2,8,,26,26,1,21,8,B03,120.622377,24.106551,2
2022,12,12,6,28,臺中市,龍井區,0,2,0,8,1,5,70,4,1,1,5,4,5,7,1,1,10,5,5,2,16,25,2,9,3,4,C03,7,9,3,18,2,11,,25,25,1,8,1,C03,120.539068,24.205723,2
2022,12,12,7,2,臺中市,東區,0,2,0,8,1,5,50,4,1,1,5,4,5,7,1,1,10,5,5,2,15,25,2,9,1,1,C03,7,9,1,10,2,11,,25,25,1,5,8,C03,120.698785,24.133,2
2022,12,12,7,6,臺中市,龍井區,0,0,0,8,,,60,,,,,,,,,,,,,,,23,,,,,B03,,,1,,2,,,23,,1,12,,B03,120.531461,24.194683,3
2022,12,12,7,12,臺中市,神岡區,0,0,0,8,,,50,,,,,,,,,,,,,,,23,,,,,B03,,,1,,2,,,23,,1,22,,B03,120.681559,24.247498,3
2022,12,12,7,13,臺中市,北屯區,0,2,0,8,1,5,50,4,7,1,5,4,5,7,2,1,5,4,4,2,12,25,2,9,1,1,C03,7,9,1,10,2,11,,25,25,1,5,1,C03,120.668565,24.192686,2
2022,12,12,7,17,臺中市,南屯區,0,0,0,8,,,50,,,,,,,,,,,,,,,23,,,,,B12,,,1,,1,,,23,,1,22,,B12,120.61533,24.148241,3
2022,12,12,7,22,臺中市,大肚區,0,1,0,8,1,5,30,4,1,1,5,4,5,7,4,4,10,5,5,2,15,6,2,9,1,1,C03,7,9,1,10,2,11,,6,6,1,21,8,C03,120.543848,24.144047,2
2022,12,12,7,22,臺中市,清水區,0,1,0,8,1,5,50,14,9,1,5,4,5,7,4,4,8,3,5,1,16,40,3,10,1,1,B03,7,14,1,8,2,2,,40,40,1,21,8,B03,120.563683,24.267878,2
2022,12,12,7,25,臺中市,東區,0,1,0,8,1,5,50,4,1,1,5,4,5,7,1,1,10,5,5,2,16,6,3,10,1,1,B03,7,6,1,8,2,6,,6,6,1,22,8,B03,120.685737,24.143137,2
2022,12,12,7,25,臺中市,大里區,0,1,0,8,1,5,40,3,2,1,5,4,5,7,1,1,10,5,5,2,13,16,2,9,1,1,C03,7,9,1,10,2,11,,16,16,1,16,8,C03,120.689473,24.096481,2
2022,12,12,7,25,臺中市,清水區,0,0,0,8,,,30,,,,,,,,,,,,,,,12,,,,,B12,,,1,,1,,,12,,1,5,,B12,120.575694,24.268244,3
2022,12,12,7,27,臺中市,大里區,0,0,0,8,1,5,30,3,1,1,5,4,5,7,4,4,10,5,5,2,10,4,,,,,C03,,,1,,2,,,4,,1,22,,C03,120.71454,24.095413,3
2022,12,12,7,27,臺中市,梧棲區,0,1,0,8,1,5,30,3,1,1,5,4,5,7,4,4,10,5,5,2,16,6,2,9,3,4,C03,7,5,1,10,2,11,,6,6,1,22,8,C03,120.523357,24.226303,2
2022,12,12,7,29,臺中市,梧棲區,0,1,0,8,1,5,60,14,9,1,5,4,5,7,1,1,1,5,5,1,17,16,3,10,3,4,A04,7,9,1,2,2,1,,16,16,1,22,8,A04,120.52532,24.222907,2
2022,12,12,7,30,臺中市,太平區,0,1,0,8,1,5,50,4,1,1,5,4,5,7,1,1,10,5,5,2,16,6,3,10,1,1,C03,7,5,1,10,2,13,,6,6,1,9,1,C03,120.729233,24.106723,2
2022,12,12,7,31,臺中市,南區,0,0,0,8,,,50,,,,,,,,,,,,,,,6,,,,,B03,,,1,,2,,,6,,1,22,,B03,120.663012,24.120317,3
2022,12,12,7,32,臺中市,龍井區,0,3,0,8,1,5,30,3,1,1,5,4,5,7,4,4,10,5,5,1,12,42,2,8,1,1,C03,7,5,1,10,2,14,,42,42,1,21,1,C03,120.578593,24.181763,2
2022,12,12,7,33,臺中市,北區,0,0,0,,,,50,,,,,,,,,,,,,,,12,,,,,C03,,,1,,11,,,12,,1,22,,C03,120.69719,24.147123,3
2022,12,12,7,33,臺中市,西屯區,0,2,0,8,1,5,30,14,9,1,5,4,5,7,4,4,10,5,5,2,13,23,2,3,1,1,C03,7,9,1,10,1,11,,23,23,1,22,8,C03,120.649378,24.170678,2
2022,12,12,7,37,臺中市,北屯區,0,0,0,8,,,60,,,,,,,,,,,,,,,16,,,,,C03,,,1,,1,,,16,,1,21,,C03,120.715149,24.164191,3
2022,12,12,7,38,臺中市,潭子區,0,0,0,8,,,50,,,,,,,,,,,,,,,12,,,,,B03,,,1,,2,,,12,,1,22,,B03,120.714707,24.208479,3
2022,12,12,7,38,臺中市,南區,0,1,0,8,1,5,50,4,1,1,5,4,5,7,2,1,10,5,5,2,16,25,3,10,1,1,B03,7,5,1,8,2,1,,25,25,1,21,8,B03,120.655944,24.120024,2
2022,12,12,7,38,臺中市,北屯區,0,1,0,8,1,5,50,4,1,1,5,4,5,7,2,1,10,5,5,2,12,17,3,10,1,1,B03,7,9,1,8,2,2,,17,17,1,21,8,B03,120.715253,24.164101,2
2022,12,12,7,38,臺中市,大肚區,0,1,0,8,1,5,70,3,3,1,5,4,5,7,1,1,10,5,5,2,14,12,3,10,1,1,C03,7,2,1,10,2,13,,12,12,1,21,8,C03,120.548454,24.15412,2
2022,12,12,7,40,臺中市,大雅區,0,2,0,8,1,5,30,14,9,1,5,4,5,7,4,4,10,5,5,2,11,5,2,8,1,1,C03,7,9,1,10,2,14,,5,5,1,22,9,C03,120.62231,24.21035,2
2022,12,12,7,40,臺中市,清水區,0,2,0,8,2,5,50,4,1,1,5,4,5,7,1,1,10,5,5,2,12,17,2,9,1,1,C03,7,9,1,10,2,11,,17,17,1,5,5,C03,120.56103,24.277261,2
2022,12,12,7,43,臺中市,太平區,0,1,0,8,1,5,30,14,9,1,5,4,5,7,4,4,10,5,5,2,17,23,2,9,1,1,C03,7,9,1,10,2,11,,23,23,1,22,5,C03,120.725757,24.144261,2
2022,12,12,7,45,臺中市,潭子區,0,1,0,8,1,5,30,14,9,1,5,4,5,7,4,4,10,5,4,2,13,23,2,8,1,1,C03,7,9,1,10,2,11,,23,23,1,21,8,C03,120.690487,24.212173,2
2022,12,12,7,46,臺中市,烏日區,0,1,0,8,1,5,50,3,1,1,5,4,5,7,4,4,10,5,5,2,16,44,3,10,1,1,E05,7,6,1,3,2,2,,44,44,1,4,8,E05,120.599642,24.110249,2
2022,12,12,7,48,臺中市,北區,0,1,0,8,1,5,50,4,1,1,5,4,5,7,4,4,10,5,5,2,16,8,3,10,1,1,B03,7,5,1,8,2,8,,8,8,1,22,9,B03,120.696911,24.155676,2
2022,12,12,7,50,臺中市,南屯區,0,0,0,8,,,50,,,,,,,,,,,,,,,23,,,,,B03,,,1,,1,,,23,,1,22,,B03,120.596935,24.152916,3
2022,12,12,7,51,臺中市,霧峰區,0,2,0,8,1,5,30,11,9,1,5,4,5,7,4,4,10,5,5,1,3,53,2,9,4,5,H01,8,16,8,20,10,16,,53,53,1,22,8,H01,120.68188,24.061655,2
2022,12,12,7,55,臺中市,潭子區,0,0,0,8,,,50,,,,,,,,,,,,,,,19,,,,,B03,,,1,,2,,,19,19,1,22,,B03,120.701757,24.188916,3
2022,12,12,7,55,臺中市,龍井區,0,2,0,8,1,5,30,14,9,1,5,4,5,7,4,4,10,5,5,2,17,6,2,7,1,1,C03,7,10,1,10,2,11,,6,6,1,12,8,C03,120.51626,24.219132,2
2022,12,12,7,57,臺中市,梧棲區,0,0,0,8,,,60,,,,,,,,,,,,,,,7,,,,,A41,,,1,,2,,,7,,1,22,,A41,120.52532,24.222907,3
2022,12,12,8,1,臺中市,大里區,0,1,0,8,1,5,40,14,8,1,5,4,5,7,4,4,1,4,4,1,13,23,3,10,1,1,C03,7,9,3,18,2,11,,23,23,1,4,8,C03,120.69341,24.090473,2
2022,12,12,8,3,臺中市,西屯區,0,1,0,8,1,5,50,14,9,1,5,4,5,7,4,4,5,4,5,2,16,7,3,10,1,1,B03,7,8,1,8,2,5,,7,7,1,22,8,B03,120.633678,24.182441,2
2022,12,12,8,5,臺中市,烏日區,0,1,0,8,1,5,30,14,9,1,5,4,5,7,4,4,10,4,5,1,14,12,3,10,1,1,B12,7,2,1,8,2,3,,12,12,1,21,8,B12,120.655972,24.097838,2
2022,12,12,8,9,臺中市,南區,0,0,0,,,,50,,,,,,,,,,,,,,,23,,,,,B03,,,1,,2,,,23,,1,5,,B03,120.653572,24.12263,3
2022,12,12,8,10,臺中市,豐原區,0,0,0,8,,,30,,,,,,,,,,,,,,,12,,,,,B12,,,1,,2,,,12,,1,22,,B12,120.724716,24.239595,3
2022,12,12,8,11,臺中市,西屯區,0,1,0,8,1,5,50,14,9,1,5,4,5,7,4,4,5,4,5,2,17,6,2,9,1,1,C03,7,5,1,10,1,11,,6,6,1,21,8,C03,120.634779,24.174306,2
2022,12,12,8,13,臺中市,北屯區,0,0,0,8,,,50,,,,,,,,,,,,,,,23,,,,,B03,,,1,,1,,,23,23,1,5,,B03,120.690391,24.171726,3
2022,12,12,8,15,臺中市,梧棲區,0,0,0,8,,,40,,,,,,,,,,,,,,,23,,,,,B03,,,1,,2,,,44,23,1,22,,B03,120.526378,24.222546,3
2022,12,12,8,15,臺中市,大甲區,0,1,0,7,1,5,70,3,1,1,5,4,5,7,1,1,10,5,5,2,16,10,2,9,1,1,C03,7,11,1,10,2,12,,10,10,1,20,8,C03,120.613783,24.332545,2
2022,12,12,8,16,臺中市,南區,0,0,0,8,,,50,,,,,,,,,,,,,,,23,,,,,B03,,,1,,2,,,23,,1,22,,B03,120.679286,24.119037,3
2022,12,12,8,16,臺中市,石岡區,0,1,0,8,1,5,70,14,8,1,5,4,5,7,4,4,1,3,4,1,16,6,3,10,1,1,A12,7,6,1,7,2,3,,6,6,1,22,9,A12,120.777327,24.274382,2
2022,12,12,8,17,臺中市,北屯區,0,0,0,8,,,50,,,,,,,,,,,,,,,23,,,,,C02,,,1,,1,,,23,23,1,5,,C02,120.701813,24.1811,3
2022,12,12,8,18,臺中市,豐原區,0,1,0,8,1,5,50,14,7,1,5,4,5,7,4,4,1,4,4,2,13,23,3,10,3,4,B03,7,9,1,8,2,1,,23,23,1,22,8,B03,120.715733,24.244577,2
2022,12,12,8,21,臺中市,大雅區,0,2,0,8,1,5,50,4,2,1,5,4,5,7,1,1,5,4,5,1,17,7,2,9,1,1,C03,7,7,1,10,2,14,,7,7,1,22,9,C03,120.629417,24.207683,2
2022,12,12,8,23,臺中市,北屯區,0,2,0,8,1,5,30,4,1,1,5,4,5,7,3,1,10,5,5,2,15,6,2,9,1,1,C03,7,9,1,10,2,12,,6,6,1,21,8,C03,120.670941,24.187046,2
2022,12,12,8,30,臺中市,大雅區,0,0,0,8,,,50,,,,,,,,,,,,,,,25,,,,,C03,,,1,,2,,,25,,1,22,,C03,120.64132,24.22836,3
2022,12,12,8,34,臺中市,西屯區,0,1,0,8,1,5,50,3,1,1,5,4,5,7,4,4,10,5,5,2,9,26,3,10,1,1,B03,7,5,1,8,2,8,,26,26,1,21,8,B03,120.635593,24.169346,2
2022,12,12,8,35,臺中市,烏日區,0,0,0,8,1,5,70,10,16,1,5,4,5,7,1,1,10,5,5,1,13,16,,,,,B03,,,1,,2,,,16,,1,22,,B03,120.616521,24.107356,3
2022,12,12,8,36,臺中市,新社區,0,0,0,8,,,50,,,,,,,,,,,,,,,23,,,,,A12,,,1,,2,,,23,,1,21,,A12,120.797262,24.226198,3
2022,12,12,8,38,臺中市,太平區,0,0,0,8,,,30,,,,,,,,,,,,,,,23,,,,,B12,,,1,,2,,,23,,1,22,,B12,120.722671,24.156693,3
2022,12,12,8,40,臺中市,西區,0,0,0,8,,,50,,,,,,,,,,,,,,,42,,,,,B03,,,1,,1,,,42,,1,21,,B03,120.662609,24.155678,3
2022,12,12,8,40,臺中市,神岡區,0,0,1,8,1,5,30,4,1,1,5,4,5,7,4,4,10,5,5,2,20,42,5,1,3,4,B12,7,6,1,7,2,8,,42,42,1,21,1,B12,120.66212,24.273066,2
2022,12,12,8,48,臺中市,北區,0,1,0,8,1,5,50,14,8,1,5,4,5,7,4,4,5,4,4,1,16,7,3,10,3,4,B03,7,8,1,8,2,2,,7,7,1,22,9,B03,120.691323,24.151886,2
2022,12,12,8,48,臺中市,北屯區,0,2,0,8,1,5,50,14,8,1,5,4,5,7,4,4,1,4,4,2,13,16,2,9,1,1,C03,7,9,2,18,2,11,,16,16,1,16,8,C03,120.662764,24.187451,2
2022,12,12,8,50,臺中市,北區,0,0,0,8,,,50,,,,,,,,,,,,,,,23,,,,,B03,,,1,,2,,,23,,1,5,,B03,120.682654,24.153426,3
2022,12,12,8,53,臺中市,北屯區,0,1,0,8,1,5,40,14,7,1,5,4,5,7,4,4,5,5,4,2,16,10,3,10,1,1,B03,7,11,1,8,2,4,,10,10,1,21,8,B03,120.696029,24.185247,2
2022,12,12,8,54,臺中市,潭子區,0,0,0,8,,,50,,,,,,,,,,,,,,,23,,,,,B03,,,1,,2,,,23,,1,20,,B03,120.703268,24.209555,3
2022,12,12,8,54,臺中市,太平區,0,1,0,8,1,5,30,3,1,1,5,4,5,7,4,4,10,5,5,2,16,8,2,8,1,1,C03,7,5,1,10,2,11,,8,8,1,18,2,C03,120.701518,24.149537,2
2022,12,12,8,55,臺中市,大里區,0,1,0,8,1,5,40,3,1,1,5,4,5,7,1,1,10,5,5,2,12,26,3,10,1,1,B12,7,6,1,8,2,5,,26,26,1,9,8,B12,120.67633,24.08561,2
2022,12,12,9,0,臺中市,霧峰區,0,0,0,8,,,50,,,,,,,,,,,,,,,42,,,,,B03,,,1,,2,,,42,,1,22,,B03,120.695625,24.015145,3
2022,12,12,9,0,臺中市,清水區,0,0,0,8,,,50,,,,,,,,,,,,,,,12,,,,,B03,,,1,,2,,,12,,1,21,,B03,120.540135,24.263556,3
2022,12,12,9,3,臺中市,西區,0,1,0,8,1,5,50,4,2,1,5,4,5,7,1,1,10,4,4,2,16,10,2,9,1,1,C03,7,11,1,10,2,11,,10,10,1,22,9,C03,120.657265,24.141255,2
2022,12,12,9,3,臺中市,大甲區,0,0,0,,,,50,,,,,,,,,,,,,,,38,,,,,B01,,,1,,1,,,38,38,1,22,,B01,120.639257,24.359944,4
2022,12,12,9,5,臺中市,霧峰區,0,1,0,8,1,5,50,4,1,1,5,4,5,7,1,1,10,5,4,1,16,9,3,10,1,1,B12,7,6,1,8,2,2,,9,9,1,4,8,B12,120.684471,24.050971,2
2022,12,12,9,5,臺中市,龍井區,0,1,0,8,1,5,30,3,2,1,5,4,5,7,4,4,10,5,5,2,17,6,3,10,1,1,C03,7,5,1,10,2,15,,6,6,1,10,8,C03,120.578039,24.180473,2
2022,12,12,9,5,臺中市,龍井區,0,1,0,8,1,5,40,4,1,1,5,4,5,7,4,4,1,4,1,1,20,23,2,7,1,1,C03,7,9,1,10,2,11,,23,23,1,12,8,C03,120.505038,24.20618,2
2022,12,12,9,10,臺中市,北屯區,0,1,0,8,1,5,50,4,1,1,5,4,5,7,2,1,10,5,5,2,12,8,2,8,1,1,C03,7,5,1,10,2,14,,8,8,1,5,1,C03,120.711869,24.182278,2
2022,12,12,9,13,臺中市,中區,0,0,0,8,,,50,,,,,,,,,,,,,,,23,,,,,C03,,,1,,1,,,23,,1,22,,C03,120.681231,24.1368,3
2022,12,12,9,18,臺中市,西屯區,0,2,0,8,1,5,50,14,7,1,5,4,5,7,4,4,5,4,4,2,12,19,2,8,1,1,C03,7,1,1,10,2,14,,19,19,1,22,8,C03,120.6447,24.171688,2
2022,12,12,9,20,臺中市,南屯區,0,1,0,8,1,5,40,14,8,1,5,4,5,7,4,4,1,4,4,2,13,23,2,8,1,1,C03,7,9,1,10,2,11,,23,23,1,22,9,C03,120.620891,24.115145,2
2022,12,12,9,20,臺中市,烏日區,0,2,0,8,1,5,40,14,11,1,5,4,5,7,4,4,1,4,4,1,13,23,2,9,1,1,C03,7,9,1,10,2,11,,23,23,1,21,8,C03,120.584213,24.114571,2
2022,12,12,9,27,臺中市,大里區,0,0,0,8,,,50,,,,,,,,,,,,,,,4,,,,,C03,,,1,,2,,,4,,1,20,,C03,120.684956,24.11328,3
2022,12,12,9,30,臺中市,沙鹿區,0,1,0,8,1,5,30,4,1,1,5,4,5,7,4,4,10,5,5,2,15,6,2,9,1,1,C03,7,9,1,10,2,11,,6,6,1,5,5,C03,120.578552,24.214193,2
2022,12,12,9,32,臺中市,東區,0,0,0,8,,,40,,,,,,,,,,,,,,,23,,,,,B12,,,1,,1,,,23,,1,22,,B12,120.693215,24.14353,3
2022,12,12,9,34,臺中市,大雅區,0,1,0,8,1,5,50,3,2,1,5,4,5,7,1,1,5,4,5,1,16,1,3,10,1,1,B12,7,4,1,8,2,2,,1,1,1,22,9,B12,120.654984,24.227197,2
2022,12,12,9,36,臺中市,太平區,0,0,0,8,,,50,,,,,,,,,,,,,,,12,,,,,B03,,,1,,2,,,12,,1,22,,B03,120.725938,24.147081,3
2022,12,12,9,45,臺中市,神岡區,0,2,0,8,1,5,50,3,1,1,5,4,5,7,1,1,10,5,5,2,12,42,3,10,3,4,B12,7,6,1,8,2,2,,9,42,1,22,4,B12,120.658911,24.263294,2
2022,12,12,9,48,臺中市,北屯區,0,0,0,8,,,40,,,,,,,,,,,,,,,43,,,,,B03,,,1,,1,,,43,,1,21,,B03,120.670526,24.187075,3
2022,12,12,9,49,臺中市,潭子區,0,0,0,8,,,30,,,,,,,,,,,,,,,6,,,,,B03,,,1,,2,,,6,,1,22,,B03,120.710263,24.209308,3
2022,12,12,9,58,臺中市,北屯區,0,1,0,8,1,5,50,14,9,1,5,4,5,7,4,4,5,4,5,2,17,26,3,10,1,1,A02,7,5,1,2,2,8,,26,26,1,10,4,A02,120.736793,24.178206,2
2022,12,12,10,8,臺中市,東區,0,0,0,8,1,5,50,14,7,1,5,4,5,7,4,4,5,5,4,2,14,12,3,10,1,1,B03,7,2,1,8,2,3,,12,12,1,5,8,B03,120.702253,24.142328,3
2022,12,12,10,9,臺中市,北屯區,0,0,0,8,,,50,,,,,,,,,,,,,,,40,,,,,B03,,,8,,10,,,40,40,1,5,,B03,120.687257,24.177145,3
2022,12,12,10,18,臺中市,西屯區,0,1,0,8,1,5,50,4,1,1,5,4,5,7,1,1,10,5,5,2,17,6,3,10,1,1,C03,7,5,1,10,1,12,,6,6,1,21,8,C03,120.655275,24.164323,2
2022,12,12,10,20,臺中市,南屯區,0,0,0,8,,,40,,,,,,,,,,,,,,,12,,,,,B11,,,1,,1,,,12,,1,22,,B11,120.645878,24.153704,3
2022,12,12,10,21,臺中市,北屯區,0,0,0,8,,,40,,,,,,,,,,,,,,,67,,,,,,,,,,,,,67,,1,,,,120.692051,24.172565,3
2022,12,12,10,44,臺中市,大雅區,0,0,0,8,,,50,,,,,,,,,,,,,,,3,,,,,B03,,,1,,2,,,3,,1,22,,B03,120.649737,24.223057,3
2022,12,12,10,46,臺中市,西區,0,2,0,8,1,5,50,3,1,1,5,4,5,7,4,4,10,5,5,2,17,26,2,8,3,4,C04,7,15,1,10,1,12,,26,26,1,21,8,C04,120.663569,24.137966,2
2022,12,12,10,50,臺中市,南區,0,1,0,8,1,8,50,3,1,1,5,4,5,7,1,1,10,5,5,2,17,25,3,10,1,1,C03,7,5,1,10,2,11,,43,25,1,22,8,C03,120.679241,24.120584,2
2022,12,12,10,50,臺中市,龍井區,0,0,0,8,,,40,,,,,,,,,,,,,,,23,,,,,B03,,,1,,2,,,23,,1,22,,B03,120.578618,24.18168,3
2022,12,12,10,51,臺中市,南屯區,0,0,0,8,,,40,,,,,,,,,,,,,,,7,,,,,B12,,,1,,11,,,7,7,1,22,,B12,120.623707,24.149564,3
2022,12,12,10,51,臺中市,太平區,0,0,0,8,,,80,,,,,,,,,,,,,,,16,,,,,A12,,,1,,2,,,16,16,1,21,,A12,120.710725,24.141557,3
2022,12,12,10,55,臺中市,大雅區,0,0,0,8,,,50,,,,,,,,,,,,,,,16,,,,,B12,,,1,,2,,,16,,1,22,,B12,120.66768,24.21578,3
2022,12,12,10,56,臺中市,潭子區,0,0,0,8,,,50,,,,,,,,,,,,,,,19,,,,,B03,,,1,,2,,,19,,1,22,,B03,120.701807,24.191742,3
2022,12,12,10,57,臺中市,神岡區,0,0,0,8,,,50,,,,,,,,,,,,,,,17,,,,,B03,,,1,,1,,,17,,1,21,,B03,120.655901,24.279128,3
2022,12,12,11,0,臺中市,大肚區,0,1,0,8,1,5,50,3,1,1,5,4,5,7,1,1,10,5,5,2,16,6,2,8,1,1,C03,7,5,1,10,2,11,,6,6,1,19,8,C03,120.57442,24.169792,2
2022,12,12,11,3,臺中市,東勢區,0,1,0,8,1,5,50,14,8,1,5,4,5,7,4,4,5,4,5,1,16,7,2,9,1,1,C03,7,10,1,10,2,11,,7,7,1,22,9,C03,120.823711,24.261581,2
2022,12,12,11,8,臺中市,北屯區,0,0,0,8,,,50,,,,,,,,,,,,,,,7,,,,,B03,,,1,,2,,,44,7,1,21,,B03,120.701826,24.182015,3
2022,12,12,11,8,臺中市,清水區,0,1,0,8,1,5,70,14,7,1,5,4,5,7,4,4,1,4,1,1,13,23,3,10,1,1,A41,7,9,1,1,2,1,,23,23,1,5,5,A41,120.554546,24.294475,2
2022,12,12,11,10,臺中市,霧峰區,0,1,0,8,1,5,30,14,9,1,5,4,5,7,4,4,10,5,5,2,11,5,3,10,1,1,B12,7,9,1,8,2,4,,5,5,1,22,9,B12,120.675989,24.073367,2
2022,12,12,11,11,臺中市,西區,0,0,0,8,1,5,50,4,2,1,5,4,5,7,1,1,3,4,4,2,13,16,,,,,B03,,,1,,2,,,16,,1,22,,B03,120.657376,24.147777,3
2022,12,12,11,25,臺中市,大里區,0,1,0,8,1,5,50,14,9,1,5,4,5,7,4,4,5,2,5,2,9,42,3,10,1,1,B03,7,9,1,8,2,1,,42,42,1,20,8,B03,120.699802,24.107805,2
2022,12,12,11,27,臺中市,西屯區,0,0,0,8,,,50,,,,,,,,,,,,,,,23,,,,,A11,,,1,,1,,,23,,1,22,,A11,120.605296,24.159003,3
2022,12,12,11,30,臺中市,太平區,0,0,0,,,,50,,,,,,,,,,,,,,,17,,,,,B12,,,1,,2,,,17,,1,22,,B12,120.740708,24.157322,3
2022,12,12,11,33,臺中市,北屯區,0,0,0,8,,,50,,,,,,,,,,,,,,,23,,,,,B03,,,1,,2,,,23,,1,22,,B03,120.679663,24.173198,3
2022,12,12,11,34,臺中市,北屯區,0,0,0,8,,,50,,,,,,,,,,,,,,,40,,,,,B03,,,1,,2,,,40,,1,21,,B03,120.719808,24.162833,3
2022,12,12,11,35,臺中市,北屯區,0,0,0,8,,,50,,,,,,,,,,,,,,,12,,,,,B03,,,1,,1,,,12,12,1,5,,B03,120.670391,24.173733,3
2022,12,12,11,35,臺中市,北屯區,0,1,0,8,1,5,50,4,1,1,5,4,5,7,1,1,10,5,5,2,17,7,3,10,1,1,C03,7,10,1,10,2,13,,7,7,1,21,8,C03,120.680537,24.200824,2
2022,12,12,11,40,臺中市,西屯區,0,0,0,8,,,50,,,,,,,,,,,,,,,23,,,,,B03,,,1,,1,,,23,,1,22,,B03,120.660792,24.171463,3
2022,12,12,11,40,臺中市,神岡區,0,1,0,8,1,5,50,3,1,1,5,4,5,7,4,4,10,5,5,2,17,42,2,9,1,1,C03,7,4,1,10,2,12,,42,42,1,22,9,C03,120.661163,24.259455,2
2022,12,12,11,42,臺中市,南區,0,0,0,8,,,50,,,,,,,,,,,,,,,23,,,,,B03,,,1,8,2,,,23,23,1,21,,B03,120.657927,24.115972,3
2022,12,12,11,43,臺中市,北屯區,0,1,0,8,1,5,50,3,1,1,5,4,5,7,1,1,10,5,5,2,12,19,2,8,1,1,C03,7,1,1,10,2,14,,19,19,1,5,8,C03,120.664784,24.186035,2
2022,12,12,11,45,臺中市,南區,0,2,0,8,1,5,50,3,1,1,5,4,5,7,4,4,10,5,5,2,16,26,2,9,1,1,C03,7,5,1,10,2,11,,26,26,1,5,8,C03,120.668557,24.124263,2
2022,12,12,11,50,臺中市,北屯區,0,1,0,8,1,5,50,4,1,1,5,4,5,7,1,1,10,5,5,1,16,25,3,10,1,1,B03,7,5,1,8,2,6,,25,25,1,22,8,B03,120.690581,24.17399,2
2022,12,12,11,50,臺中市,北屯區,0,1,0,8,1,5,50,14,9,1,5,4,5,7,4,4,3,4,5,2,17,23,2,9,1,1,C03,7,9,6,18,2,14,,23,23,1,21,8,C03,120.694538,24.16558,2
2022,12,12,11,53,臺中市,大里區,0,1,0,8,1,5,30,4,1,1,5,4,5,7,1,1,10,5,5,2,15,25,3,10,1,1,B03,7,9,1,8,2,2,,25,25,1,6,3,B03,120.67025,24.1071,2
2022,12,12,11,55,臺中市,北區,0,1,0,8,1,5,40,14,8,1,5,4,5,7,4,4,1,4,4,2,17,23,2,9,1,3,C03,7,9,1,10,2,12,,23,23,1,20,8,C03,120.689989,24.15865,2
2022,12,12,11,58,臺中市,潭子區,0,1,0,8,1,5,30,4,1,1,5,4,5,7,4,4,5,5,5,2,15,6,3,10,1,1,B03,7,9,1,8,2,2,,6,6,1,22,8,B03,120.701752,24.188282,2
2022,12,12,12,0,臺中市,東區,0,0,0,8,,,50,,,,,,,,,,,,,,,23,,,,,B12,,,1,,2,,,23,,1,22,,B12,120.690031,24.132256,3
2022,12,12,12,2,臺中市,北屯區,0,1,0,8,1,5,50,4,1,1,5,4,5,7,1,1,10,5,5,2,16,9,3,10,1,1,B12,7,6,1,8,2,2,,9,9,1,21,8,B12,120.660546,24.188796,2
2022,12,12,12,8,臺中市,北屯區,0,0,0,8,,,50,,,,,,,,,,,,,,,16,,,,,B03,,,1,,1,,,16,16,1,5,,B03,120.690715,24.173845,3
2022,12,12,12,9,臺中市,大里區,0,1,0,8,1,5,50,3,1,1,5,4,5,7,4,4,10,5,5,1,16,1,2,9,1,1,C03,7,4,1,10,2,12,,1,1,1,5,8,C03,120.677863,24.116694,2
2022,12,12,12,10,臺中市,西區,0,1,0,8,1,5,50,4,1,1,5,4,5,7,1,1,10,5,5,2,16,6,3,10,3,4,B03,7,6,1,8,2,5,,6,6,1,21,8,B03,120.662983,24.150864,2
2022,12,12,12,11,臺中市,大雅區,0,2,0,8,1,5,50,14,9,1,5,4,5,7,4,4,5,5,5,1,17,19,2,8,1,1,C03,7,1,1,10,2,14,,19,19,1,22,8,C03,120.64114,24.219291,2
2022,12,12,12,11,臺中市,豐原區,0,1,0,8,1,5,50,3,8,1,5,4,5,7,1,1,1,4,4,1,13,16,2,9,1,1,C03,7,9,1,10,2,11,,16,16,1,21,8,C03,120.754633,24.273944,2
2022,12,12,12,13,臺中市,龍井區,0,1,0,8,1,5,30,4,1,1,5,4,5,7,4,4,10,5,5,2,15,6,2,9,1,1,C03,7,9,1,10,2,11,,6,6,1,21,1,C03,120.580028,24.188175,2
2022,12,12,12,15,臺中市,大雅區,0,0,0,8,,,50,,,,,,,,,,,,,,,23,,,,,B03,,,1,,2,,,23,,1,22,,B03,120.64843,24.22632,3
2022,12,12,12,16,臺中市,梧棲區,0,1,0,8,1,5,40,4,1,1,5,4,5,7,4,4,10,5,5,2,15,23,2,8,1,1,C03,7,9,1,10,2,11,,23,23,1,4,8,C03,120.528621,24.255974,2