年,月,日,時,分,縣市,區,死,受傷,2-30,天候,光線,道路類別,速限,道路型態,事故位置,路面鋪裝,路面狀態,路面缺陷,障礙物,視距,號誌種類,號誌動作,分向設施,快車道或一般車道間,快慢車道間,路面邊線,事故類型及型態,主要肇因,受傷程度,主要傷處,保護裝備,行動電話,當事者區分,車輛用途,當事者行動狀態,駕駛資格情形,駕駛執照種類,飲酒情形,車輛撞擊部位最初,車輛撞擊部位其他,肇事因素個別,肇事因素主要,肇事逃逸,職業,旅次目的,車種,GPS緯度,GPS經度,事故類別
2022,12,12,12,17,臺中市,南區,0,2,0,8,1,5,40,14,8,1,5,4,5,7,4,4,5,5,4,2,12,19,3,10,1,1,B03,7,1,1,8,2,4,,19,19,1,21,8,B03,120.672997,24.131244,2
2022,12,12,12,18,臺中市,北屯區,0,0,0,8,,,50,,,,,,,,,,,,,,,16,,,,,B03,,,1,,2,,,16,,1,22,,B03,120.690953,24.180518,3
2022,12,12,12,20,臺中市,大雅區,0,0,0,8,,,50,,,,,,,,,,,,,,,16,,,,,B12,,,1,,2,,,16,,1,22,,B12,120.644466,24.205394,3
2022,12,12,12,26,臺中市,太平區,0,1,0,8,1,5,40,14,8,1,5,4,5,7,4,4,5,4,4,1,13,16,3,10,1,1,C03,7,9,1,10,2,11,,16,16,1,18,8,C03,120.704236,24.148331,2
2022,12,12,12,28,臺中市,大甲區,0,0,0,8,,,70,,,,,,,,,,,,,,,23,,,,,B02,,,1,,1,,,23,23,1,22,,B02,120.613486,24.33221,3
2022,12,12,12,29,臺中市,東區,0,1,0,8,1,5,50,3,1,1,5,4,5,7,1,1,10,5,5,2,16,26,3,10,1,1,C03,7,5,1,10,9,12,,26,8,1,5,8,C03,120.69504,24.138813,2
2022,12,12,12,30,臺中市,清水區,0,0,0,8,,,60,,,,,,,,,,,,,,,7,,,,,B01,,,1,,1,,,44,7,1,21,,B01,120.552289,24.293688,3
2022,12,12,12,33,臺中市,沙鹿區,0,0,0,8,,,40,,,,,,,,,,,,,,,19,,,,,B12,,,1,,2,,,44,19,1,9,,B12,120.563471,24.233089,3
2022,12,12,12,33,臺中市,新社區,0,0,0,8,,,50,,,,,,,,,,,,,,,12,,,,,B03,,,1,,2,,,12,,1,21,,B03,120.803395,24.227083,3
2022,12,12,12,36,臺中市,梧棲區,0,0,0,,,,60,,,,,,,,,,,,,,,23,,,,,B03,,,1,,2,,,23,,1,4,,B03,120.544356,24.247066,3
2022,12,12,12,46,臺中市,北區,0,2,0,8,1,5,50,3,1,1,5,4,5,7,1,1,10,5,5,2,17,16,2,8,1,1,C03,7,5,4,11,1,12,,16,16,1,22,9,C03,120.687851,24.158914,2
2022,12,12,12,50,臺中市,霧峰區,0,1,0,8,1,5,30,4,1,1,5,4,5,7,1,1,10,5,5,1,16,1,3,10,1,1,B03,7,4,1,8,2,2,,1,1,1,4,8,B03,120.679955,24.071012,2
2022,12,12,12,54,臺中市,北屯區,0,0,0,8,,,40,,,,,,,,,,,,,,,16,,,,,B03,,,1,,1,,,16,,1,21,,B03,120.719278,24.162336,3
2022,12,12,12,57,臺中市,大甲區,0,1,0,8,1,5,50,4,1,1,5,4,5,7,4,4,10,5,5,2,16,14,2,9,1,1,C03,7,6,1,10,2,14,,14,14,1,22,9,C03,120.618758,24.350165,2
2022,12,12,13,6,臺中市,北屯區,0,0,0,8,,,50,,,,,,,,,,,,,,,26,,,,,C03,,,1,,1,,,26,26,1,21,,C03,120.718838,24.172649,3
2022,12,12,13,10,臺中市,大里區,0,0,0,8,,,50,,,,,,,,,,,,,,,17,,,,,B12,,,1,,11,,,17,17,2,22,,B12,120.697858,24.082319,3
2022,12,12,13,14,臺中市,北屯區,0,0,0,8,,,50,,,,,,,,,,,,,,,23,,,,,B03,,,1,,1,,,23,23,1,22,,B03,120.700076,24.165068,3
2022,12,12,13,26,臺中市,潭子區,0,2,0,8,1,5,50,14,9,1,5,4,5,7,1,1,5,4,5,1,17,23,2,8,1,1,C03,7,9,1,10,2,11,,23,16,1,22,8,C03,120.722176,24.200456,2
2022,12,12,13,27,臺中市,豐原區,0,1,0,8,1,5,30,3,1,1,5,4,5,7,4,4,10,5,5,1,16,6,3,10,1,1,B03,7,6,1,8,2,8,,6,6,1,22,8,B03,120.71581,24.268886,2
2022,12,12,13,31,臺中市,后里區,0,1,0,8,1,5,40,4,1,1,5,4,5,7,1,1,10,5,5,2,13,16,3,10,1,1,C03,7,9,1,10,1,11,,16,16,1,18,5,C03,120.722028,24.308,2
2022,12,12,13,34,臺中市,太平區,1,0,0,8,1,5,50,3,9,1,5,4,5,7,4,4,5,4,5,1,16,26,1,9,1,1,C03,7,5,1,10,2,14,,26,26,1,20,8,C03,120.733318,24.152316,1
2022,12,12,13,38,臺中市,北屯區,0,2,0,8,1,5,40,14,16,1,5,4,5,7,4,4,1,4,4,2,13,16,3,10,1,1,B03,7,9,1,8,2,1,3,16,16,1,5,8,B03,120.720657,24.164997,2
2022,12,12,13,40,臺中市,南屯區,0,0,0,8,,,50,,,,,,,,,,,,,,,7,,,,,F01,,,1,,1,,,7,,1,22,,F01,120.647618,24.140216,3
2022,12,12,13,46,臺中市,北區,0,1,0,8,1,5,50,4,18,1,5,4,5,7,1,1,10,5,5,2,3,15,3,10,1,1,B02,7,5,1,8,2,1,,15,15,1,22,9,B02,120.676185,24.172515,2
2022,12,12,13,47,臺中市,大肚區,0,0,0,8,,,60,,,,,,,,,,,,,,,23,,,,,B12,,,1,,2,,,23,,1,21,,B12,120.582663,24.17226,3
2022,12,12,13,50,臺中市,西屯區,0,0,0,8,,,1,,,,,,,,,,,,,,,12,,,,,B03,,,1,,2,,,12,,1,22,,B03,120.662335,24.171761,3
2022,12,12,14,2,臺中市,西屯區,0,0,0,8,,,30,,,,,,,,,,,,,,,23,,,,,B12,,,1,,1,,,23,,1,22,,B12,120.643826,24.17988,3
2022,12,12,14,6,臺中市,南區,0,2,0,8,1,5,50,4,1,1,5,4,5,7,1,1,10,5,5,2,17,42,2,9,1,1,C03,7,5,1,10,2,14,,42,42,1,22,8,C03,120.681108,24.124228,2
2022,12,12,14,6,臺中市,南區,0,0,0,8,,,50,,,,,,,,,,,,,,,7,,,,,B03,,,1,8,2,,,7,7,1,21,,B03,120.668991,24.119094,3
2022,12,12,14,8,臺中市,北區,0,1,0,8,1,5,50,14,7,1,5,4,5,7,4,4,5,4,4,2,16,7,2,8,1,1,C03,7,7,1,10,2,13,,7,7,1,19,5,C03,120.690631,24.156781,2
2022,12,12,14,18,臺中市,北區,0,1,0,8,1,5,50,3,2,1,5,4,5,7,4,4,3,5,5,2,16,6,3,10,1,1,B03,7,6,3,18,2,6,,6,6,1,22,9,B03,120.684694,24.162943,2
2022,12,12,14,18,臺中市,西屯區,0,0,0,8,,,50,,,,,,,,,,,,,,,7,,,,,C03,,,1,,1,,,7,,1,1,,C03,120.655423,24.175491,3
2022,12,12,14,19,臺中市,北區,0,1,0,8,1,5,50,4,1,1,5,4,5,7,4,4,5,5,5,2,15,6,3,10,1,1,B03,7,9,1,8,2,2,,6,6,1,21,8,B03,120.679966,24.162541,2
2022,12,12,14,21,臺中市,南區,0,1,0,8,1,5,40,14,7,1,5,4,5,7,4,4,1,4,4,2,13,16,2,9,1,1,C03,7,9,1,10,2,11,,16,16,1,5,8,C03,120.66448,24.12158,2
2022,12,12,14,23,臺中市,豐原區,0,0,0,8,,,50,,,,,,,,,,,,,,,19,,,,,B12,,,1,,9,,,19,,2,21,,B12,120.704469,24.239595,3
2022,12,12,14,30,臺中市,豐原區,0,2,0,8,1,5,50,4,1,1,5,4,5,7,2,1,10,5,5,2,16,8,2,9,3,4,C04,7,5,1,10,2,12,,8,8,1,22,8,C04,120.714363,24.251726,2
2022,12,12,14,32,臺中市,北屯區,0,0,0,8,,,50,,,,,,,,,,,,,,,23,,,,,B03,,,1,,2,,,23,,1,21,,B03,120.687086,24.186043,3
2022,12,12,14,34,臺中市,霧峰區,0,0,0,8,1,5,50,14,7,1,5,4,5,7,4,4,4,4,4,2,29,7,,,,,B03,,,1,,1,,,7,,1,22,,B03,120.699897,24.074484,3
2022,12,12,14,35,臺中市,烏日區,0,2,0,8,1,5,50,14,8,1,5,4,5,7,4,4,5,5,4,2,2,23,2,9,1,1,C03,7,9,1,10,2,12,,23,23,1,21,8,C03,120.607171,24.123002,2
2022,12,12,14,36,臺中市,北屯區,0,0,0,8,,,50,,,,,,,,,,,,,,,12,,,,,B12,,,1,,2,,,12,,1,21,,B12,120.692003,24.179273,3
2022,12,12,14,44,臺中市,豐原區,0,0,0,8,,,30,,,,,,,,,,,,,,,17,,,,,A12,,,1,,2,,,17,17,1,10,,A12,120.739646,24.25007,3
2022,12,12,14,47,臺中市,烏日區,0,1,0,8,1,5,30,4,1,1,5,4,5,7,4,4,10,5,5,1,17,22,2,9,3,4,F01,7,9,8,20,2,15,,22,22,1,22,8,F01,120.640445,24.098701,2
2022,12,12,14,48,臺中市,北屯區,0,3,0,8,1,5,50,4,1,1,5,4,5,7,2,1,10,5,5,2,15,25,2,9,1,1,C03,7,1,1,10,2,11,,25,25,1,5,8,C03,120.665153,24.18396,2
2022,12,12,14,55,臺中市,北區,0,3,0,8,1,5,50,14,9,1,5,4,5,7,4,4,5,4,5,2,17,19,2,9,1,1,C03,7,1,1,10,2,14,,19,19,1,20,8,C03,120.681137,24.159828,2
2022,12,12,14,59,臺中市,西區,0,1,0,8,1,5,50,3,1,1,5,4,5,7,4,4,10,5,5,2,17,4,3,10,1,1,C03,7,5,1,10,1,11,,4,4,1,5,5,C03,120.663023,24.158036,2
2022,12,12,14,59,臺中市,大里區,0,2,0,8,1,5,40,8,8,1,5,4,5,7,4,4,1,4,1,1,16,26,2,9,1,1,C03,7,8,1,10,2,12,,26,26,1,4,8,C03,120.689528,24.093412,2
2022,12,12,15,0,臺中市,大雅區,0,0,0,8,,,50,,,,,,,,,,,,,,,16,,,,,B03,,,1,,2,,,16,,1,22,,B03,120.647066,24.22202,3
2022,12,12,15,0,臺中市,西區,0,0,0,8,,,50,,,,,,,,,,,,,,,12,,,,,B11,,,1,,2,,,12,,1,10,,B11,120.665671,24.131562,3
2022,12,12,15,3,臺中市,潭子區,0,0,0,8,,,80,,,,,,,,,,,,,,,37,,,,,A31,,,1,,9,,,37,,1,22,,A31,120.696555,24.201,3
2022,12,12,15,6,臺中市,北區,0,0,1,8,1,5,50,4,1,1,5,4,5,7,4,4,10,5,5,2,3,15,3,10,1,1,B01,7,5,1,4,2,5,,15,15,1,5,5,B01,120.677778,24.157232,2
2022,12,12,15,6,臺中市,霧峰區,0,1,0,8,1,5,50,4,1,1,5,4,5,7,4,4,10,5,5,2,15,6,2,9,1,1,C03,7,9,1,10,2,12,,6,6,1,22,8,C03,120.700178,24.065244,2
2022,12,12,15,8,臺中市,北屯區,0,2,0,8,1,5,50,5,1,1,5,4,5,7,2,1,10,5,5,2,15,25,2,9,1,1,B03,7,9,1,5,2,4,,25,25,1,21,8,B03,120.683359,24.197847,2
2022,12,12,15,10,臺中市,石岡區,0,0,0,8,,,70,,,,,,,,,,,,,,,23,,,,,B12,,,,,2,,,23,,1,22,,B12,120.788946,24.273813,3
2022,12,12,15,11,臺中市,西屯區,0,0,0,8,,,50,,,,,,,,,,,,,,,38,,,,,A12,,,1,,1,,,38,,1,22,,A12,120.64426,24.168666,3
2022,12,12,15,11,臺中市,霧峰區,0,0,0,8,,,60,,,,,,,,,,,,,,,12,,,,,B12,,,1,,2,,,12,,1,22,,B12,120.694342,24.05,3
2022,12,12,15,15,臺中市,西區,0,0,0,8,,,50,,,,,,,,,,,,,,,44,,,,,B01,,,1,,1,,,44,,1,21,,B01,120.673562,24.136581,3
2022,12,12,15,19,臺中市,烏日區,0,1,0,8,1,5,50,4,1,1,5,4,5,7,4,4,10,5,5,2,16,23,3,10,1,1,B03,7,6,1,8,2,5,,23,23,1,21,8,B03,120.644793,24.092963,2
2022,12,12,15,25,臺中市,太平區,0,1,0,8,1,5,50,3,1,1,5,4,5,7,4,4,5,5,5,1,18,23,2,9,1,1,C03,7,9,1,10,2,14,,23,23,1,9,7,C03,120.719285,24.120796,2
2022,12,12,15,26,臺中市,南屯區,0,0,0,,,,50,,,,,,,,,,,,,,,37,,,,,B12,,,1,,1,,,37,37,1,4,,B12,120.638506,24.142235,3
2022,12,12,15,28,臺中市,西屯區,0,0,0,8,,,50,,,,,,,,,,,,,,,23,,,,,B03,,,1,,1,,,23,,1,22,,B03,120.649605,24.161827,3
2022,12,12,15,30,臺中市,北區,0,0,0,8,,,50,,,,,,,,,,,,,,,12,,,,,B03,,,1,,11,,,12,,2,22,,B03,120.679852,24.161047,3
2022,12,12,15,32,臺中市,霧峰區,0,1,0,8,1,5,30,3,1,1,5,4,5,7,4,4,10,5,5,2,16,23,2,9,3,4,C03,7,9,1,10,2,11,,23,23,1,22,8,C03,120.714001,24.073323,2
2022,12,12,15,38,臺中市,神岡區,0,2,0,7,1,5,50,4,1,1,5,4,5,7,4,4,5,5,5,2,15,6,2,9,1,1,C03,7,9,1,10,2,11,,6,6,1,22,8,C03,120.659287,24.270716,2
2022,12,12,15,46,臺中市,西區,0,0,0,,,,50,,,,,,,,,,,,,,,26,,,,,B12,,,1,,1,,,26,,1,5,,B12,120.672782,24.14838,3
2022,12,12,15,48,臺中市,清水區,0,1,0,8,1,5,30,3,1,1,5,4,5,7,4,4,10,5,5,1,17,6,3,10,3,4,A11,7,6,1,3,9,15,,6,6,1,10,8,A11,120.593453,24.310174,2
2022,12,12,15,50,臺中市,大雅區,0,2,0,8,1,5,50,3,1,1,5,4,5,5,3,1,3,4,5,1,17,19,2,7,2,1,F01,7,1,8,20,2,16,,19,19,1,22,8,F01,120.65999,24.231741,2
2022,12,12,15,50,臺中市,北屯區,0,1,0,8,1,5,50,4,2,1,5,4,5,7,1,1,5,5,4,2,13,23,3,10,1,1,B03,7,9,1,8,2,5,,23,23,1,21,8,B03,120.692416,24.164938,2
2022,12,12,15,53,臺中市,東區,0,1,0,8,1,5,50,14,9,1,5,4,5,7,4,4,9,5,5,2,16,10,3,10,1,1,B03,7,11,1,8,2,5,,10,10,1,22,8,B03,120.686636,24.132138,2
2022,12,12,15,53,臺中市,龍井區,0,0,0,8,,,50,,,,,,,,,,,,,,,23,,,,,B03,,,1,,1,,,23,,1,22,,B03,120.588927,24.188408,4
2022,12,12,15,58,臺中市,太平區,0,1,0,8,1,5,50,3,1,1,5,4,5,7,3,1,10,5,5,2,3,51,2,9,4,5,H01,8,16,8,20,10,16,,51,51,1,18,8,H01,120.734172,24.143938,2
2022,12,12,16,0,臺中市,霧峰區,0,2,0,8,1,5,50,14,13,1,5,4,5,7,4,4,5,5,4,1,9,26,2,9,1,1,C03,7,9,1,8,2,11,,26,26,1,22,5,C03,120.698719,24.063686,2
2022,12,12,16,4,臺中市,豐原區,0,0,0,8,,,50,,,,,,,,,,,,,,,16,,,,,B03,,,1,,2,,,16,,1,22,,B03,120.735912,24.260557,3
2022,12,12,16,7,臺中市,龍井區,0,0,0,8,,,30,,,,,,,,,,,,,,,67,,,,,,,,,,,,,67,,1,,,,120.591038,24.179573,3
2022,12,12,16,8,臺中市,北屯區,0,0,0,8,,,80,,,,,,,,,,,,,,,23,,,,,B03,,,1,,1,,,23,,1,22,,B03,120.720244,24.165167,3
2022,12,12,16,12,臺中市,南區,0,3,0,8,3,5,50,4,1,1,5,4,5,7,1,1,10,5,5,2,13,16,2,9,1,1,C03,7,9,1,10,2,11,,16,16,1,22,8,C03,120.67398,24.130544,2
2022,12,12,16,14,臺中市,北屯區,0,0,0,8,,,50,,,,,,,,,,,,,,,7,,,,,B03,,,1,,1,,,7,,1,21,,B03,120.668497,24.199552,3
2022,12,12,16,15,臺中市,北區,0,0,0,,,,50,,,,,,,,,,,,,,,12,,,,,B03,,,1,,2,,,12,,1,5,,B03,120.665422,24.155334,3
2022,12,12,16,16,臺中市,西區,0,0,0,8,,,50,,,,,,,,,,,,,,,23,,,,,B12,,,1,,1,,,23,,1,21,,B12,120.65297,24.146824,3
2022,12,12,16,21,臺中市,北屯區,0,2,0,8,2,5,50,4,1,1,5,4,5,7,4,4,10,5,5,2,15,6,2,3,1,1,B03,7,9,1,8,2,2,,6,6,1,22,8,B03,120.729614,24.171167,2
2022,12,12,16,25,臺中市,西屯區,0,0,0,8,,,50,,,,,,,,,,,,,,,7,,,,,B03,,,1,,1,,,7,,1,22,,B03,120.639644,24.169095,3
2022,12,12,16,28,臺中市,西屯區,0,0,0,8,,,60,,,,,,,,,,,,,,,42,,,,,B02,,,1,,1,,,42,,1,22,,B02,120.652636,24.161134,3
2022,12,12,16,28,臺中市,沙鹿區,0,1,0,8,1,5,50,4,1,1,5,4,5,7,4,4,10,5,5,2,16,6,3,10,1,1,B03,7,9,1,8,2,5,,6,6,1,22,9,B03,120.565438,24.236394,2
2022,12,12,16,40,臺中市,豐原區,0,1,0,8,1,5,50,3,1,1,5,4,5,7,1,1,10,5,5,2,16,9,3,10,1,1,B03,7,6,1,8,2,2,,9,9,1,21,8,B03,120.69825,24.245252,2
2022,12,12,16,42,臺中市,西區,0,1,0,8,1,5,40,5,1,1,5,4,5,7,1,1,10,5,5,2,17,42,3,10,3,4,C03,7,9,1,10,2,14,,42,42,1,21,8,C03,120.65777,24.15806,2
2022,12,12,16,44,臺中市,霧峰區,0,1,0,8,1,5,30,4,1,1,5,4,5,6,4,4,10,5,5,2,17,23,3,10,3,4,B12,7,9,1,8,2,15,,6,23,1,21,8,B12,120.674796,24.035162,2
2022,12,12,16,50,臺中市,南區,0,0,0,8,1,5,50,4,1,1,5,4,5,7,1,1,5,4,4,2,13,23,3,10,1,1,B03,7,9,1,8,2,1,,23,23,1,22,8,B03,120.661694,24.132131,3
2022,12,12,16,50,臺中市,烏日區,0,1,0,8,2,5,50,4,1,1,5,4,5,7,1,1,9,4,4,2,17,8,3,10,1,1,B03,7,5,1,8,2,5,,8,8,1,22,8,B03,120.646453,24.093237,2
2022,12,12,16,55,臺中市,北屯區,0,0,0,8,,,50,,,,,,,,,,,,,,,23,,,,,B11,,,1,,1,,,23,,1,21,,B11,120.723,24.181584,3
2022,12,12,16,55,臺中市,清水區,0,0,0,8,,,50,,,,,,,,,,,,,,,17,,,,,B03,,,1,,2,,,17,,1,22,,B03,120.57372,24.266956,3
2022,12,12,17,3,臺中市,外埔區,0,1,0,8,3,5,50,3,1,1,5,4,5,7,3,1,10,5,5,2,17,17,2,9,1,1,C03,7,9,2,18,2,14,,17,17,1,22,8,C03,120.639672,24.341093,2
2022,12,12,17,5,臺中市,大雅區,0,1,0,8,2,5,50,4,2,1,5,4,5,7,1,1,1,2,4,1,13,16,3,10,1,1,C03,7,9,1,8,2,11,,16,16,1,22,8,C03,120.653576,24.221289,2
2022,12,12,17,5,臺中市,大里區,0,0,0,8,,,50,,,,,,,,,,,,,,,23,,,,,B12,,,1,,2,,,23,,1,22,,B12,120.696426,24.065511,3
2022,12,12,17,10,臺中市,西區,0,1,0,8,1,5,50,14,9,1,5,4,5,7,4,4,5,4,5,2,13,23,3,10,1,1,C03,7,9,1,10,2,11,,23,23,1,5,5,C03,120.680509,24.145546,2
2022,12,12,17,12,臺中市,南屯區,0,0,0,,,,40,,,,,,,,,,,,,,,7,,,,,B03,,,1,,2,,,7,,1,22,,B03,120.623497,24.149515,3
2022,12,12,17,12,臺中市,神岡區,0,2,0,8,3,5,30,4,2,1,5,4,5,7,3,1,5,4,4,1,17,6,2,9,1,3,F03,7,5,8,20,2,16,,6,6,1,22,9,F03,120.671979,24.255599,2
2022,12,12,17,16,臺中市,北屯區,0,1,0,8,2,5,50,3,2,1,5,4,5,7,4,4,1,4,4,2,13,23,2,8,1,1,C03,7,9,1,10,2,11,,23,23,1,21,8,C03,120.664973,24.18426,2
2022,12,12,17,16,臺中市,霧峰區,0,0,0,8,,,40,,,,,,,,,,,,,,,17,,,,,A05,,,1,,2,,,17,,1,22,,A05,120.664148,24.076956,3
2022,12,12,17,16,臺中市,沙鹿區,0,1,0,8,1,5,50,4,2,1,5,4,5,7,1,1,3,3,4,1,17,6,3,10,3,4,B12,7,5,1,4,2,2,,6,6,1,22,8,B12,120.569016,24.255797,2
2022,12,12,17,18,臺中市,大里區,0,1,0,8,3,5,50,4,1,1,5,4,5,7,1,1,10,5,5,2,16,26,3,10,3,4,B12,7,7,1,8,2,1,,26,26,1,22,8,B12,120.695795,24.096666,2
2022,12,12,17,19,臺中市,大里區,0,1,0,8,3,5,50,3,1,1,5,4,5,7,3,1,5,5,5,1,16,14,3,10,1,1,C03,7,9,4,11,11,12,,14,14,1,5,8,C03,120.677123,24.097583,2
2022,12,12,17,20,臺中市,北區,0,0,0,8,,,40,,,,,,,,,,,,,,,23,,,,,B03,,,1,,2,,,23,23,1,21,,B03,120.675021,24.168773,3
2022,12,12,17,20,臺中市,東區,0,0,0,8,2,5,50,14,13,1,5,4,5,7,4,4,1,4,5,2,29,23,3,10,1,1,B02,7,3,1,6,1,8,,23,23,1,21,8,B02,120.697303,24.141271,3
2022,12,12,17,20,臺中市,霧峰區,0,1,0,8,3,5,50,14,7,1,5,4,5,7,4,4,1,5,4,1,13,23,2,9,1,1,C03,7,8,1,10,2,11,,23,23,1,22,8,C03,120.663469,24.073174,2
2022,12,12,17,26,臺中市,西屯區,0,0,0,8,,,50,,,,,,,,,,,,,,,18,,,,,B03,,,1,,2,,,18,,1,22,,B03,120.647767,24.157985,3
2022,12,12,17,26,臺中市,后里區,0,0,0,8,,,60,,,,,,,,,,,,,,,7,,,,,B03,,,1,,2,,,7,,1,4,,B03,120.723443,24.298568,3
2022,12,12,17,27,臺中市,潭子區,0,0,0,8,,,30,,,,,,,,,,,,,,,23,,,,,B02,,,1,,2,,,23,,1,22,,B02,120.704265,24.2094,3
2022,12,12,17,28,臺中市,西屯區,0,0,0,8,,,50,,,,,,,,,,,,,,,23,,,,,B03,,,1,,1,,,23,,1,22,,B03,120.626236,24.178337,3
2022,12,12,17,30,臺中市,梧棲區,0,1,0,2,3,5,50,14,9,1,5,4,5,7,4,4,9,5,5,1,17,23,2,9,1,1,C03,7,9,1,10,2,12,,23,23,1,2,8,C03,120.530102,24.259886,2
2022,12,12,17,32,臺中市,大里區,0,0,0,8,,,50,,,,,,,,,,,,,,,16,,,,,C03,,,1,,2,,,16,,1,22,,C03,120.689736,24.114217,3
2022,12,12,17,35,臺中市,清水區,0,0,0,8,,,50,,,,,,,,,,,,,,,23,,,,,B03,,,1,,2,,,23,,1,21,,B03,120.570342,24.274274,3
2022,12,12,17,36,臺中市,外埔區,0,0,0,,,,50,,,,,,,,,,,,,,,16,,,,,B03,,,1,,2,,,16,,1,21,,B03,120.641079,24.341211,3
2022,12,12,17,38,臺中市,北區,0,2,0,8,3,5,50,4,9,1,5,4,5,7,1,1,10,5,5,2,12,23,2,9,1,1,C03,7,9,1,10,2,11,,23,23,1,4,8,C03,120.682999,24.153544,2
2022,12,12,17,40,臺中市,豐原區,0,0,0,8,,,30,,,,,,,,,,,,,,,23,,,,,B03,,,1,,2,,,23,,1,22,,B03,120.712103,24.248361,3
2022,12,12,17,45,臺中市,大甲區,0,1,0,8,3,5,60,3,1,1,5,4,5,7,1,1,10,5,5,2,3,23,3,10,1,1,B03,7,9,1,8,2,1,,23,23,1,4,1,B03,120.618933,24.354558,2
2022,12,12,17,47,臺中市,北屯區,0,3,0,8,3,5,50,14,9,1,5,4,5,7,1,1,5,5,5,2,17,19,2,9,1,1,C03,7,9,1,10,2,11,,44,19,1,18,8,C03,120.727956,24.176813,2
2022,12,12,17,47,臺中市,清水區,0,0,0,8,,,50,,,,,,,,,,,,,,,26,,,,,B02,,,1,,9,,,26,26,2,22,,B02,120.559871,24.279998,3
2022,12,12,17,49,臺中市,西屯區,0,2,0,8,1,5,50,14,8,1,5,4,5,7,4,4,9,4,4,2,16,6,2,9,3,4,C03,7,5,1,10,2,12,,6,6,1,22,8,C03,120.656901,24.162448,2
2022,12,12,17,49,臺中市,大里區,0,1,0,8,3,5,50,4,4,1,5,4,5,7,1,1,10,5,5,1,13,23,2,8,1,1,C03,7,9,1,10,2,11,,23,23,1,5,8,C03,120.674422,24.102811,2
2022,12,12,17,49,臺中市,東勢區,0,0,0,8,,,50,,,,,,,,,,,,,,,23,,,,,B12,,,1,,2,,,23,,1,22,,B12,120.828047,24.255909,3
2022,12,12,17,50,臺中市,南區,0,1,0,8,2,5,50,4,1,1,5,4,5,7,2,1,10,5,5,2,13,16,2,8,1,1,C03,7,9,1,10,2,11,,16,16,1,5,8,C03,120.655457,24.115199,2
2022,12,12,17,50,臺中市,大里區,0,2,0,8,3,5,50,14,9,1,5,4,5,7,4,4,5,5,4,1,12,26,2,9,3,4,C03,7,5,1,10,2,13,,26,26,1,20,8,C03,120.70322,24.090986,2
2022,12,12,17,50,臺中市,大甲區,0,2,0,8,3,5,70,4,2,1,5,4,5,7,1,1,10,5,5,2,9,42,2,9,1,1,C03,7,9,2,18,2,11,,42,42,1,16,8,C03,120.64359,24.40927,2
2022,12,12,17,52,臺中市,大里區,0,0,0,8,,,50,,,,,,,,,,,,,,,16,,,,,C03,,,1,,2,,,16,,1,22,,C03,120.703483,24.096096,3
2022,12,12,17,52,臺中市,神岡區,0,0,0,8,,,50,,,,,,,,,,,,,,,23,,,,,C03,,,1,,1,,,23,,1,22,,C03,120.679751,24.239994,3
2022,12,12,17,55,臺中市,大里區,0,2,0,8,3,5,40,4,1,1,4,4,5,7,2,1,5,5,5,1,16,6,2,9,1,1,C03,7,5,1,10,2,11,,6,6,1,5,8,C03,120.663935,24.086946,2
2022,12,12,17,56,臺中市,大里區,0,0,0,8,,,50,,,,,,,,,,,,,,,16,,,,,B03,,,1,,2,,,44,,1,22,,B03,120.670272,24.11127,3
2022,12,12,17,56,臺中市,梧棲區,0,0,0,8,,,50,,,,,,,,,,,,,,,12,,,,,B03,,,1,,1,,,12,,1,19,,B03,120.541963,24.246134,3
2022,12,12,18,0,臺中市,烏日區,0,1,0,8,3,5,60,4,1,1,5,4,5,7,2,1,1,4,4,1,17,9,3,10,1,1,B03,7,6,1,8,2,5,6,9,9,1,21,8,B03,120.651038,24.098154,2
2022,12,12,18,1,臺中市,西屯區,0,0,0,8,,,50,,,,,,,,,,,,,,,19,,,,,B03,,,1,,1,,,19,,1,22,,B03,120.627931,24.202222,3
2022,12,12,18,5,臺中市,北屯區,0,0,0,8,,,50,,,,,,,,,,,,,,,23,,,,,B03,,,1,,1,,,23,,1,21,,B03,120.729091,24.171305,3
2022,12,12,18,5,臺中市,烏日區,0,1,0,8,3,5,50,3,1,1,5,4,5,7,1,1,10,4,5,2,16,6,3,10,1,1,B03,7,6,1,8,2,2,,6,6,1,21,8,B03,120.648637,24.091874,2
2022,12,12,18,7,臺中市,西屯區,0,0,0,8,,,60,,,,,,,,,,,,,,,42,,,,,B03,,,1,,1,,,42,,1,22,,B03,120.644056,24.165706,3
2022,12,12,18,7,臺中市,霧峰區,0,0,0,8,,,30,,,,,,,,,,,,,,,12,,,,,B03,,,1,,2,,,12,,1,22,,B03,120.678229,24.070854,3
2022,12,12,18,9,臺中市,南區,0,2,0,8,3,5,50,4,1,1,5,4,5,6,2,1,5,4,4,2,11,25,2,7,1,1,C03,7,11,1,10,2,11,,25,25,1,22,8,C03,120.686628,24.132123,2
2022,12,12,18,15,臺中市,東勢區,0,0,0,8,,,50,,,,,,,,,,,,,,,12,,,,,B03,,,1,,1,,,12,,1,22,,B03,120.825943,24.258175,3