年,月,日,時,分,縣市,區,死,受傷,2-30,天候,光線,道路類別,速限,道路型態,事故位置,路面鋪裝,路面狀態,路面缺陷,障礙物,視距,號誌種類,號誌動作,分向設施,快車道或一般車道間,快慢車道間,路面邊線,事故類型及型態,主要肇因,受傷程度,主要傷處,保護裝備,行動電話,當事者區分,車輛用途,當事者行動狀態,駕駛資格情形,駕駛執照種類,飲酒情形,車輛撞擊部位最初,車輛撞擊部位其他,肇事因素個別,肇事因素主要,肇事逃逸,職業,旅次目的,車種,GPS緯度,GPS經度,事故類別
2022,12,12,18,16,臺中市,大里區,0,0,0,8,,,50,,,,,,,,,,,,,,,16,,,,,B03,,,1,,2,,,16,,1,5,,B03,120.663315,24.10799,3
2022,12,12,18,16,臺中市,太平區,0,0,0,8,,,40,,,,,,,,,,,,,,,23,,,,,C03,,,1,,2,,,23,23,1,18,,C03,120.721299,24.149058,3
2022,12,12,18,16,臺中市,烏日區,0,1,0,8,3,5,50,5,1,1,5,4,5,7,1,1,9,2,5,1,16,23,2,9,1,1,C03,7,5,1,10,2,11,,23,23,1,22,8,C03,120.62734,24.10404,2
2022,12,12,18,17,臺中市,龍井區,0,0,0,8,,,40,,,,,,,,,,,,,,,16,,,,,C03,,,1,,1,,,16,,1,22,,C03,120.594099,24.190885,4
2022,12,12,18,18,臺中市,太平區,0,1,0,8,1,5,50,4,1,1,5,4,5,7,1,1,10,5,5,2,16,19,2,8,1,1,C03,7,1,1,10,2,11,,19,19,1,21,8,C03,120.717918,24.1288,2
2022,12,12,18,20,臺中市,南屯區,0,2,0,7,3,5,50,4,1,1,5,4,5,7,2,1,10,5,5,2,16,6,3,10,3,4,B03,7,6,1,8,11,2,,6,6,1,4,1,B03,120.654591,24.129194,2
2022,12,12,18,21,臺中市,大雅區,0,0,0,,,,,,,,,,,,,,,,,,,43,,,,,,,,,,,,,43,,1,,,,120.630302,24.205745,3
2022,12,12,18,22,臺中市,潭子區,0,0,0,8,,,60,,,,,,,,,,,,,,,17,,,,,B12,,,1,,2,,,17,,1,22,,B12,120.708175,24.227888,3
2022,12,12,18,24,臺中市,東區,0,0,0,,,,50,,,,,,,,,,,,,,,16,,,,,B03,,,1,,2,,,16,,1,22,,B03,120.685049,24.130227,3
2022,12,12,18,27,臺中市,西屯區,0,1,0,8,1,5,50,4,1,1,5,4,5,7,4,4,10,5,5,2,16,8,3,10,1,1,B03,7,5,1,8,2,8,,8,8,1,22,8,B03,120.616317,24.184363,2
2022,12,12,18,28,臺中市,西屯區,0,0,0,8,,,50,,,,,,,,,,,,,,,23,,,,,B03,,,1,,1,,,23,,1,22,,B03,120.641082,24.156708,3
2022,12,12,18,30,臺中市,大肚區,0,0,0,,,,50,,,,,,,,,,,,,,,23,,,,,B03,,,1,,2,,,23,23,1,21,,B03,120.545305,24.151231,3
2022,12,12,18,30,臺中市,沙鹿區,0,0,0,8,,,50,,,,,,,,,,,,,,,23,,,,,B03,,,1,,2,,,23,,1,22,,B03,120.564332,24.237055,3
2022,12,12,18,36,臺中市,大雅區,0,0,0,8,,,50,,,,,,,,,,,,,,,1,,,,,B03,,,1,,2,,,1,,1,22,,B03,120.64978,24.213901,3
2022,12,12,18,39,臺中市,大雅區,0,1,0,8,3,5,50,3,1,1,5,4,5,7,1,1,1,4,4,1,16,25,3,10,1,1,B12,7,9,1,8,2,5,,25,25,1,22,8,B12,120.643291,24.228063,2
2022,12,12,18,39,臺中市,北屯區,0,0,0,8,,,50,,,,,,,,,,,,,,,23,,,,,B03,,,1,,2,,,23,,1,21,,B03,120.732176,24.172001,3
2022,12,12,18,43,臺中市,北區,0,1,0,8,3,5,50,4,1,1,5,4,5,7,4,4,10,5,5,2,13,23,3,10,1,1,B03,7,5,1,7,2,1,,23,23,1,22,8,B03,120.695268,24.155183,2
2022,12,12,18,45,臺中市,東區,0,1,0,8,3,5,50,4,1,1,5,4,5,7,1,1,10,5,5,2,17,7,3,10,1,1,B03,7,7,1,8,2,6,,7,7,1,22,8,B03,120.697163,24.133145,2
2022,12,12,18,52,臺中市,北區,0,2,0,8,3,5,50,4,1,1,5,4,5,7,4,4,10,5,5,2,15,6,2,9,1,1,C03,7,9,4,8,11,11,,6,6,1,22,9,C03,120.699897,24.152173,2
2022,12,12,18,52,臺中市,北屯區,0,0,0,8,,,40,,,,,,,,,,,,,,,23,,,,,B03,,,1,,1,,,23,,1,21,,B03,120.721032,24.174248,3
2022,12,12,18,56,臺中市,霧峰區,0,0,0,8,,,60,,,,,,,,,,,,,,,12,,,,,B03,,,1,,2,,,12,,1,22,,B03,120.696456,24.021677,3
2022,12,12,19,0,臺中市,梧棲區,0,1,0,6,3,5,60,4,2,1,4,4,5,7,1,1,1,4,3,2,16,7,3,10,1,1,B03,7,8,1,8,2,5,,7,7,1,1,8,B03,120.527054,24.222287,2
2022,12,12,19,2,臺中市,北屯區,0,0,0,8,,,50,,,,,,,,,,,,,,,23,,,,,B03,,,1,,1,,,23,,1,22,,B03,120.713195,24.177565,3
2022,12,12,19,5,臺中市,大里區,0,0,0,8,,,50,,,,,,,,,,,,,,,23,,,,,C03,,,1,,2,,,23,,1,22,,C03,120.67174,24.11485,4
2022,12,12,19,5,臺中市,太平區,0,1,0,8,1,5,50,4,1,1,5,4,5,7,1,1,10,5,5,2,13,23,3,10,1,1,C03,7,9,6,10,2,11,,23,23,1,21,8,C03,120.716187,24.133508,2
2022,12,12,19,5,臺中市,清水區,0,0,0,6,,,50,,,,,,,,,,,,,,,6,,,,,B12,,,1,,2,,,6,,1,21,,B12,120.575556,24.269449,3
2022,12,12,19,7,臺中市,沙鹿區,0,0,0,8,,,50,,,,,,,,,,,,,,,26,,,,,B03,,,1,,2,,,26,,1,21,,B03,120.561943,24.238053,3
2022,12,12,19,12,臺中市,烏日區,0,0,0,8,,,50,,,,,,,,,,,,,,,16,,,,,C03,,,1,,2,,,16,,1,21,,C03,120.633188,24.105964,3
2022,12,12,19,16,臺中市,南區,0,1,0,8,2,5,40,14,8,1,5,4,5,7,4,4,1,4,1,2,12,19,3,10,1,1,B03,7,1,1,8,2,8,,19,19,1,5,8,B03,120.682141,24.124345,2
2022,12,12,19,27,臺中市,北屯區,0,2,0,8,3,5,50,14,7,1,5,4,5,7,4,4,5,5,4,2,16,26,3,10,1,1,B03,7,1,1,4,2,8,,44,26,1,21,8,B03,120.722459,24.176345,2
2022,12,12,19,30,臺中市,豐原區,0,0,0,8,,,50,,,,,,,,,,,,,,,16,,,,,B12,,,6,,2,,,16,,1,21,,B12,120.722456,24.279596,3
2022,12,12,19,35,臺中市,沙鹿區,0,0,0,,,,50,,,,,,,,,,,,,,,42,,,,,C03,,,1,,2,,,42,,1,22,,C03,120.57473,24.228802,3
2022,12,12,19,36,臺中市,沙鹿區,0,0,0,6,,,50,,,,,,,,,,,,,,,42,,,,,B03,,,1,,2,,,42,,1,22,,B03,120.559651,24.240318,3
2022,12,12,19,37,臺中市,西屯區,0,2,0,8,1,5,50,4,1,1,5,4,5,7,1,1,4,3,4,2,16,6,2,9,1,1,C03,7,5,1,10,1,11,,6,6,1,22,8,C03,120.637471,24.173374,2
2022,12,12,19,38,臺中市,西區,0,0,0,8,3,5,50,14,9,1,5,4,5,7,4,4,5,5,5,2,17,44,,,,,C03,,,1,,1,,,44,,1,21,,C03,120.659312,24.146694,3
2022,12,12,19,41,臺中市,沙鹿區,0,0,0,6,,,50,,,,,,,,,,,,,,,12,,,,,B03,,,1,,2,,,12,,1,21,,B03,120.566398,24.227035,3
2022,12,12,19,44,臺中市,北區,0,0,0,6,,,50,,,,,,,,,,,,,,,23,,,,,B12,,,1,,2,,,23,,1,21,,B12,120.696953,24.157584,3
2022,12,12,19,45,臺中市,西區,0,1,0,6,3,5,50,4,1,1,4,4,5,7,1,1,10,5,5,2,17,19,3,10,1,1,B03,7,1,1,8,2,4,,19,19,1,5,7,B03,120.665775,24.13728,2
2022,12,12,19,45,臺中市,北區,0,1,0,6,3,5,50,14,9,1,4,4,5,7,4,4,8,4,5,2,18,43,2,9,1,1,C03,7,9,1,10,2,15,,43,43,1,5,8,C03,120.671637,24.166721,2
2022,12,12,19,47,臺中市,神岡區,0,1,0,6,3,5,30,3,1,1,4,4,5,7,4,4,10,5,5,2,16,6,3,10,1,4,F03,7,5,8,20,2,16,,6,6,1,22,9,F03,120.683032,24.24426,2
2022,12,12,19,49,臺中市,北區,0,2,0,6,4,5,50,3,1,1,4,4,5,7,4,4,10,5,5,2,12,6,2,9,1,1,C03,7,6,1,10,2,12,,6,6,1,22,8,C03,120.6808,24.151772,2
2022,12,12,19,49,臺中市,太平區,0,1,0,6,1,5,50,5,1,1,4,4,5,7,1,1,10,5,5,2,16,8,3,10,1,1,B03,7,5,1,1,2,2,,8,8,1,21,8,B03,120.724564,24.149605,2
2022,12,12,19,50,臺中市,烏日區,0,2,0,8,3,5,50,3,1,1,5,4,5,7,1,1,1,1,4,1,13,16,3,10,1,1,B01,7,5,1,4,2,8,,16,16,1,21,8,B01,120.611197,24.10757,2
2022,12,12,19,51,臺中市,大里區,0,2,0,8,3,5,50,14,9,1,5,4,5,7,2,1,5,4,4,1,18,43,2,9,1,1,C03,7,9,1,10,2,14,,43,43,1,5,8,C03,120.687503,24.094518,2
2022,12,12,19,52,臺中市,西區,0,0,0,8,,,50,,,,,,,,,,,,,,,17,,,,,B12,,,1,,9,,,17,,2,21,,B12,120.657704,24.15507,3
2022,12,12,19,59,臺中市,太平區,0,0,0,8,,,30,,,,,,,,,,,,,,,43,,,,,B03,,,1,,2,,,43,43,1,21,,B03,120.71474,24.125993,3
2022,12,12,20,1,臺中市,中區,0,0,0,,,,50,,,,,,,,,,,,,,,41,,,,,C03,,,3,,1,,,41,,1,5,,C03,120.675449,24.143945,3
2022,12,12,20,6,臺中市,西屯區,0,2,0,8,3,5,50,3,8,1,5,4,5,7,4,4,1,4,4,2,3,51,2,7,3,4,C03,7,9,1,10,2,14,,13,51,1,22,8,C03,120.652263,24.205761,2
2022,12,12,20,8,臺中市,潭子區,0,1,0,8,3,5,50,4,1,1,5,4,5,7,1,1,10,5,5,2,17,10,3,10,1,1,B03,7,11,1,8,2,5,,10,10,1,22,8,B03,120.702313,24.194705,2
2022,12,12,20,10,臺中市,潭子區,0,1,0,8,3,5,50,3,2,1,5,4,5,7,4,4,1,3,5,1,17,23,2,8,1,1,C03,7,9,1,10,2,12,,23,23,1,22,8,C03,120.704506,24.202605,2
2022,12,12,20,16,臺中市,北區,0,1,0,8,3,5,50,14,9,1,5,4,5,7,4,4,3,4,5,2,24,61,,,,,,,,,,,,,61,61,1,,,,120.67174,24.173021,2
2022,12,12,20,23,臺中市,南區,0,1,0,8,3,5,50,4,1,1,5,4,5,7,2,1,3,2,5,2,29,23,2,9,1,1,C03,7,9,1,9,2,14,,23,23,1,21,8,C03,120.665804,24.12349,2
2022,12,12,20,25,臺中市,大甲區,0,0,0,8,,,70,,,,,,,,,,,,,,,10,,,,,B12,,,1,,1,,,10,,1,4,,B12,120.642327,24.40622,3
2022,12,12,20,28,臺中市,北屯區,0,0,0,8,,,50,,,,,,,,,,,,,,,16,,,,,C03,,,1,,1,,,16,,1,22,,C03,120.685633,24.177679,3
2022,12,12,20,39,臺中市,大雅區,0,0,0,,,,50,,,,,,,,,,,,,,,23,,,,,B03,,,1,,2,,,23,,1,21,,B03,120.665796,24.217304,3
2022,12,12,20,45,臺中市,南區,0,1,0,8,3,5,50,4,1,1,5,4,5,7,1,1,1,4,5,2,12,9,3,10,1,1,B03,7,6,1,8,2,2,,9,9,1,22,8,B03,120.678775,24.127025,2
2022,12,12,20,47,臺中市,大里區,0,2,0,8,3,5,50,4,1,1,5,4,5,7,4,4,10,5,5,2,16,8,2,8,3,4,C03,7,5,1,10,2,14,,8,8,1,22,8,C03,120.708305,24.0869,2
2022,12,12,20,50,臺中市,南區,0,1,0,8,1,5,50,4,1,1,5,4,5,7,1,1,10,5,5,2,13,16,2,9,1,1,C03,7,9,1,10,2,11,,16,23,1,22,8,C03,120.683944,24.132386,2
2022,12,12,20,54,臺中市,潭子區,0,2,0,8,3,5,30,3,1,1,5,4,5,7,4,4,10,5,5,2,17,16,2,9,1,1,C03,7,9,1,10,2,11,,16,16,1,22,8,C03,120.702468,24.194621,2
2022,12,12,21,0,臺中市,南區,0,0,0,8,1,5,50,14,7,1,5,4,5,7,4,4,1,5,5,2,14,12,3,10,1,1,B03,7,2,1,7,2,6,,12,12,1,22,8,B03,120.669872,24.118575,3
2022,12,12,21,2,臺中市,西屯區,0,0,0,8,,,50,,,,,,,,,,,,,,,23,,,,,B03,,,1,,1,,,23,,1,22,,B03,120.629001,24.163876,3
2022,12,12,21,5,臺中市,北區,0,1,0,8,3,5,50,3,1,1,5,4,5,7,4,4,5,5,5,2,16,6,3,10,1,1,B03,7,6,1,8,2,2,,6,6,1,21,8,B03,120.691202,24.155526,2
2022,12,12,21,5,臺中市,南區,0,2,0,8,3,5,50,4,1,1,5,4,5,7,4,4,5,5,5,2,15,6,2,9,1,1,C03,7,9,1,10,2,11,,6,6,1,21,8,C03,120.663394,24.119716,2
2022,12,12,21,20,臺中市,清水區,0,0,0,8,,,40,,,,,,,,,,,,,,,19,,,,,B03,,,1,,2,,,19,,1,22,,B03,120.56724,24.268705,3
2022,12,12,21,26,臺中市,豐原區,0,1,0,8,3,5,50,3,4,1,5,4,5,7,1,1,4,4,4,2,17,18,3,10,1,1,B03,7,3,1,8,2,8,,18,18,1,4,5,B03,120.720688,24.251761,2
2022,12,12,21,35,臺中市,清水區,0,1,0,8,3,5,50,5,1,1,5,4,5,7,4,4,5,5,5,2,13,23,3,10,1,1,B03,7,9,3,18,2,1,,23,23,1,21,8,B03,120.559786,24.279476,2
2022,12,12,21,37,臺中市,烏日區,0,0,0,8,,,40,,,,,,,,,,,,,,,25,,,,,B03,,,1,,2,,,25,,1,22,,B03,120.618662,24.116088,3
2022,12,12,21,43,臺中市,龍井區,0,1,0,8,3,5,40,3,1,1,5,4,5,7,1,1,1,4,1,2,12,23,3,10,1,1,B03,7,9,1,6,2,5,,23,23,1,22,8,B03,120.582063,24.187385,2
2022,12,12,21,43,臺中市,豐原區,0,1,0,8,3,5,30,14,9,1,5,4,5,7,4,4,10,5,5,1,18,42,2,9,1,1,C03,7,9,1,10,2,15,,42,42,1,22,8,C03,120.729448,24.23617,2
2022,12,12,22,14,臺中市,北區,0,1,0,8,3,5,50,3,8,1,5,4,5,7,4,4,1,4,4,2,16,7,3,10,1,1,B03,7,8,1,8,2,2,,7,7,1,21,8,B03,120.694186,24.15918,2
2022,12,12,22,27,臺中市,中區,0,0,0,8,,,50,,,,,,,,,,,,,,,23,,,,,A04,,,1,,2,,,23,,1,10,,A04,120.684311,24.137227,3
2022,12,12,22,30,臺中市,大雅區,0,2,0,8,3,5,50,3,1,1,5,4,5,7,1,1,1,4,4,1,13,23,2,8,1,1,C03,7,14,1,10,2,11,,23,23,1,21,8,C03,120.622922,24.242401,2
2022,12,12,22,32,臺中市,大里區,0,0,0,8,,,50,,,,,,,,,,,,,,,23,,,,,B03,,,1,,1,,,23,23,1,21,,B03,120.704196,24.095698,3
2022,12,12,22,57,臺中市,北區,0,2,0,8,3,5,50,14,8,1,5,4,5,7,4,4,8,3,4,2,12,10,2,8,1,1,C03,7,11,1,10,2,14,,10,10,1,5,8,C03,120.664417,24.161661,2
2022,12,12,22,59,臺中市,大里區,0,0,0,8,,,50,,,,,,,,,,,,,,,42,,,,,B03,,,1,,2,,,42,,1,22,,B03,120.688978,24.078995,3
2022,12,12,23,36,臺中市,西屯區,0,1,0,8,3,5,40,14,8,1,5,4,5,7,1,1,1,4,1,2,13,23,3,10,1,1,C03,7,9,3,18,1,11,,23,23,1,22,8,C03,120.646818,24.195675,2
2022,12,13,0,14,臺中市,西屯區,0,2,0,8,3,5,30,3,1,1,5,4,5,1,4,4,10,5,5,2,25,23,2,9,1,1,C03,7,9,1,10,2,11,,23,23,1,22,8,C03,120.666063,24.177332,2
2022,12,13,0,35,臺中市,西屯區,0,1,0,8,3,5,50,14,9,1,5,4,5,7,4,4,1,4,5,2,17,23,2,9,1,1,C03,7,9,1,10,2,12,,23,23,1,22,8,C03,120.648706,24.161698,2
2022,12,13,0,44,臺中市,豐原區,0,1,0,8,3,5,60,14,8,1,5,4,5,7,4,4,1,3,4,1,17,22,2,1,1,1,B03,7,9,1,8,2,1,,22,22,1,18,2,B03,120.733186,24.246497,2
2022,12,13,1,28,臺中市,北屯區,0,0,0,8,,,50,,,,,,,,,,,,,,,7,,,,,B03,,,1,,1,,,7,,1,21,,B03,120.691181,24.170546,3
2022,12,13,1,45,臺中市,東區,0,0,0,,,,50,,,,,,,,,,,,,,,26,,,,,B03,,,1,,2,,,26,,1,22,,B03,120.689513,24.146744,3
2022,12,13,5,7,臺中市,清水區,0,1,0,8,1,5,50,4,1,1,5,4,5,7,3,1,8,3,4,1,15,6,2,9,1,1,C03,7,9,1,10,2,11,,6,6,1,21,8,C03,120.549406,24.264537,2
2022,12,13,5,19,臺中市,神岡區,0,0,0,8,,,50,,,,,,,,,,,,,,,19,,,,,A41,,,1,,2,,,19,,1,10,,A41,120.657946,24.266214,3
2022,12,13,6,1,臺中市,南屯區,0,0,0,8,,,50,,,,,,,,,,,,,,,6,,,,,B03,,,1,,2,,,6,,1,22,,B03,120.615201,24.147871,3
2022,12,13,6,25,臺中市,北區,0,0,0,8,,,30,,,,,,,,,,,,,,,23,,,,,B03,,,1,,11,,,23,,1,22,,B03,120.697766,24.160343,3
2022,12,13,6,30,臺中市,西屯區,0,0,0,8,,,50,,,,,,,,,,,,,,,6,,,,,B03,,,1,,2,,,6,,1,22,,B03,120.624106,24.19435,3
2022,12,13,6,35,臺中市,南區,0,0,0,8,,,30,,,,,,,,,,,,,,,12,,,,,B03,,,1,,11,,,12,,1,22,,B03,120.671589,24.127779,3
2022,12,13,6,59,臺中市,龍井區,0,1,0,7,1,5,50,4,1,1,4,4,5,7,4,4,10,5,5,1,16,9,2,9,1,1,C03,7,9,1,10,2,11,,44,9,1,5,1,C03,120.526556,24.202387,2
2022,12,13,6,59,臺中市,清水區,0,1,0,6,1,5,50,14,9,1,4,4,5,7,4,4,5,5,5,1,16,6,3,10,1,1,B03,7,5,1,8,2,8,,6,6,1,5,1,B03,120.550249,24.27435,2
2022,12,13,7,4,臺中市,潭子區,0,0,0,8,,,80,,,,,,,,,,,,,,,23,,,,,B03,,,1,,2,,,23,,1,22,,B03,120.696555,24.201,3
2022,12,13,7,6,臺中市,豐原區,0,1,0,6,1,5,40,14,8,1,4,4,5,7,4,4,1,4,4,1,18,42,2,9,1,1,C03,7,9,1,10,2,14,,42,42,1,22,8,C03,120.712511,24.241044,2
2022,12,13,7,8,臺中市,梧棲區,0,1,0,6,1,5,40,4,1,1,4,4,5,7,3,1,10,5,5,2,16,23,2,8,1,1,C03,7,9,1,10,2,11,,23,23,1,12,8,C03,120.526492,24.222848,2
2022,12,13,7,10,臺中市,南區,0,1,0,8,1,5,30,3,1,1,5,4,5,7,4,4,10,5,5,2,16,6,2,7,1,1,C03,7,6,1,10,2,11,,6,6,1,22,8,C03,120.674619,24.1285,2
2022,12,13,7,12,臺中市,霧峰區,0,0,0,8,1,5,30,4,1,1,5,4,5,7,4,4,10,5,5,2,20,23,,,,,A12,,,1,,9,,,23,,1,22,,A12,120.684784,24.051235,3
2022,12,13,7,13,臺中市,梧棲區,0,1,0,6,1,5,50,3,1,1,4,4,5,7,4,4,10,5,5,2,16,6,3,10,1,1,B03,7,5,1,8,2,8,,6,6,1,20,8,B03,120.532978,24.252129,2
2022,12,13,7,13,臺中市,沙鹿區,0,0,0,8,,,60,,,,,,,,,,,,,,,19,,,,,B02,,,1,,2,,,19,,1,21,,B02,120.559186,24.210661,3
2022,12,13,7,14,臺中市,南區,0,1,0,8,1,5,50,3,2,1,5,4,5,7,1,1,10,5,5,2,13,23,3,10,1,1,B03,7,9,1,8,2,8,,23,23,1,5,8,B03,120.661102,24.109796,2
2022,12,13,7,14,臺中市,北屯區,0,0,0,8,,,50,,,,,,,,,,,,,,,23,,,,,B03,,,1,,1,,,23,23,1,5,,B03,120.724867,24.177251,3
2022,12,13,7,15,臺中市,大雅區,0,0,0,8,,,50,,,,,,,,,,,,,,,23,,,,,C03,,,1,,2,,,23,,1,22,,C03,120.650853,24.226355,3
2022,12,13,7,18,臺中市,大甲區,0,0,0,6,,,50,,,,,,,,,,,,,,,6,,,,,B03,,,1,,2,,,6,,1,9,,B03,120.622167,24.352237,3
2022,12,13,7,19,臺中市,豐原區,0,0,0,6,,,40,,,,,,,,,,,,,,,19,,,,,B03,,,1,,2,,,19,19,1,22,,B03,120.74396,24.255831,3
2022,12,13,7,20,臺中市,大雅區,0,1,0,6,1,5,40,5,1,1,4,4,5,7,1,1,3,4,4,1,17,23,2,9,1,1,C03,7,9,1,10,2,15,,23,23,1,22,8,C03,120.64983,24.212793,2
2022,12,13,7,20,臺中市,潭子區,0,0,0,8,,,60,,,,,,,,,,,,,,,23,,,,,C03,,,1,,2,,,23,,1,22,,C03,120.70446,24.20482,3
2022,12,13,7,20,臺中市,東區,0,0,0,8,,,40,,,,,,,,,,,,,,,23,,,,,B12,,,1,,2,,,23,,1,22,,B12,120.709292,24.146795,3
2022,12,13,7,22,臺中市,西區,0,0,0,8,,,50,,,,,,,,,,,,,,,2,,,,,C03,,,1,,1,,,2,,1,4,,C03,120.660951,24.159175,3
2022,12,13,7,24,臺中市,北區,0,0,0,8,1,5,40,3,2,1,5,4,5,7,1,1,1,4,4,2,12,7,3,10,1,1,B03,7,7,1,8,2,8,,7,7,1,5,5,B03,120.672985,24.16799,3
2022,12,13,7,26,臺中市,大雅區,0,0,0,8,,,50,,,,,,,,,,,,,,,23,,,,,C03,,,1,,2,,,23,,1,22,,C03,120.653367,24.219104,3
2022,12,13,7,30,臺中市,龍井區,0,2,0,7,1,5,50,3,1,1,4,4,5,7,1,1,1,2,5,1,15,23,2,9,1,1,C03,7,15,1,10,2,13,,44,23,1,20,8,C03,120.54991,24.208696,2
2022,12,13,7,30,臺中市,神岡區,0,1,0,7,1,5,50,3,2,1,5,4,5,7,4,4,5,4,4,2,17,16,2,9,1,1,C03,7,9,1,10,2,11,,16,16,1,12,8,C03,120.682688,24.246617,2
2022,12,13,7,35,臺中市,北屯區,0,1,0,8,1,5,50,3,9,1,5,4,5,7,1,1,1,4,5,2,13,16,2,9,1,1,C03,7,9,1,10,2,11,,16,16,1,21,8,C03,120.69545,24.166808,2
2022,12,13,7,38,臺中市,北屯區,0,0,0,8,,,50,,,,,,,,,,,,,,,42,,,,,C03,,,1,,1,,,42,,1,21,,C03,120.67652,24.19536,3
2022,12,13,7,38,臺中市,龍井區,0,1,0,8,1,5,40,4,1,1,5,4,5,7,1,1,10,5,5,2,16,23,2,9,1,1,C03,7,9,1,10,2,14,,23,23,1,5,1,C03,120.505994,24.21016,2
2022,12,13,7,39,臺中市,大里區,0,0,0,8,,,60,,,,,,,,,,,,,,,23,,,,,B12,,,1,,2,,,23,,1,21,,B12,120.68153,24.104871,3
2022,12,13,7,40,臺中市,潭子區,0,0,0,6,,,30,,,,,,,,,,,,,,,23,,,,,B03,,,1,,2,,,23,,1,22,,B03,120.679169,24.206359,3
2022,12,13,7,40,臺中市,大甲區,0,1,0,8,1,5,70,4,1,1,5,4,5,7,1,1,10,5,5,2,18,43,2,7,1,1,C03,7,9,1,10,2,11,,43,43,1,4,8,C03,120.651326,24.38114,2
2022,12,13,7,41,臺中市,西屯區,0,2,0,8,1,5,30,4,1,1,5,4,5,7,4,4,10,5,5,2,16,6,2,9,3,4,C03,7,9,1,10,2,12,,6,6,1,22,8,C03,120.64466,24.179405,2
2022,12,13,7,43,臺中市,神岡區,0,3,0,7,1,5,60,4,2,1,4,4,5,7,1,1,1,4,4,1,13,16,2,9,1,1,C03,7,9,1,10,2,11,,16,16,1,22,8,C03,120.699886,24.236683,2
2022,12,13,7,44,臺中市,南屯區,0,0,0,8,,,50,,,,,,,,,,,,,,,16,,,,,B12,,,1,8,1,,,16,16,1,12,,B12,120.615594,24.149842,3
2022,12,13,7,45,臺中市,北屯區,0,0,0,8,,,50,,,,,,,,,,,,,,,23,,,,,B03,,,1,,1,,,23,23,1,5,,B03,120.678423,24.202799,3
2022,12,13,7,45,臺中市,大里區,0,2,0,8,1,5,40,4,1,1,5,4,5,7,1,1,10,5,5,2,12,26,2,8,1,1,C03,7,9,1,10,2,14,,26,26,1,18,8,C03,120.68806,24.094368,2
2022,12,13,7,45,臺中市,清水區,0,0,0,6,1,5,50,14,9,1,4,4,5,7,4,4,1,4,4,2,13,23,,,,,B03,,,1,,2,,,23,,1,5,,B03,120.576947,24.274764,3
2022,12,13,7,45,臺中市,梧棲區,0,1,0,7,1,5,50,14,9,1,4,4,5,7,4,4,5,5,5,2,18,42,2,9,1,1,C03,7,9,1,10,2,11,,42,42,1,2,1,C03,120.541994,24.24651,2
2022,12,13,7,45,臺中市,豐原區,0,1,0,7,1,5,50,4,1,1,4,4,5,7,3,1,10,5,5,2,18,42,2,9,1,1,C03,7,9,1,10,1,14,,42,42,1,22,8,C03,120.718143,24.254843,2
2022,12,13,7,46,臺中市,霧峰區,0,1,0,8,1,5,40,4,1,1,5,4,5,7,2,1,1,4,4,1,17,3,3,10,1,1,C03,7,9,1,10,2,15,,3,3,1,4,5,C03,120.678489,24.039586,2
2022,12,13,7,46,臺中市,豐原區,0,0,0,8,,,50,,,,,,,,,,,,,,,12,,,,,B03,,,1,,2,,,12,,1,22,,B03,120.703609,24.247558,3
2022,12,13,7,47,臺中市,北屯區,0,0,0,8,,,50,,,,,,,,,,,,,,,16,,,,,B01,,,1,,1,,,16,,1,10,,B01,120.701791,24.182211,3
2022,12,13,7,47,臺中市,西屯區,0,1,0,8,1,5,50,14,9,1,5,4,5,7,4,4,5,4,4,2,13,16,2,9,3,4,C03,7,9,1,10,2,11,,16,16,1,22,8,C03,120.641483,24.178582,2
2022,12,13,7,48,臺中市,龍井區,0,0,0,8,,,30,,,,,,,,,,,,,,,23,,,,,B03,,,1,,2,,,23,,1,5,,B03,120.532551,24.192975,3
2022,12,13,7,48,臺中市,后里區,0,1,0,7,1,5,30,4,2,1,4,4,5,7,1,1,1,5,5,1,18,44,2,9,1,1,C03,7,9,1,10,2,11,,44,44,1,4,8,C03,120.696225,24.31301,2
2022,12,13,7,50,臺中市,潭子區,0,1,0,8,1,5,50,4,2,1,5,4,5,7,4,4,8,5,5,1,16,23,2,9,1,1,C03,7,4,1,9,2,11,,23,23,1,22,9,C03,120.704309,24.220097,2
2022,12,13,7,50,臺中市,清水區,0,1,0,8,2,5,30,4,1,1,5,4,5,7,4,4,10,5,5,2,15,6,3,10,1,1,B03,7,9,1,8,2,6,,6,6,1,5,5,B03,120.613328,24.286298,2
2022,12,13,7,51,臺中市,北區,0,0,0,,,,50,,,,,,,,,,,,,,,8,,,,,C03,,,1,,2,,,8,8,1,22,,C03,120.686721,24.147858,3
2022,12,13,7,51,臺中市,南屯區,0,0,0,8,,,50,,,,,,,,,,,,,,,6,,,,,B03,,,1,,2,,,6,,1,22,,B03,120.648223,24.137024,3
2022,12,13,7,53,臺中市,大里區,0,1,0,8,1,5,50,3,1,1,5,4,5,7,4,4,5,4,5,2,17,23,2,9,1,1,C03,7,9,1,10,2,12,,23,23,1,22,9,C03,120.688351,24.078226,2
2022,12,13,7,53,臺中市,梧棲區,0,1,0,8,1,5,30,3,1,1,4,4,5,7,4,4,10,5,5,2,16,6,3,10,1,1,B03,7,5,1,8,2,1,,6,6,1,5,1,B03,120.514637,24.229344,2