年,月,日,時,分,縣市,區,死,受傷,2-30,天候,光線,道路類別,速限,道路型態,事故位置,路面鋪裝,路面狀態,路面缺陷,障礙物,視距,號誌種類,號誌動作,分向設施,快車道或一般車道間,快慢車道間,路面邊線,事故類型及型態,主要肇因,受傷程度,主要傷處,保護裝備,行動電話,當事者區分,車輛用途,當事者行動狀態,駕駛資格情形,駕駛執照種類,飲酒情形,車輛撞擊部位最初,車輛撞擊部位其他,肇事因素個別,肇事因素主要,肇事逃逸,職業,旅次目的,車種,GPS緯度,GPS經度,事故類別
2022,12,13,14,49,臺中市,豐原區,0,0,0,8,,,50,,,,,,,,,,,,,,,17,,,,,B12,,,1,,2,,,17,17,1,22,,B12,120.706886,24.250237,3
2022,12,13,14,52,臺中市,太平區,0,0,0,8,,,30,,,,,,,,,,,,,,,12,,,,,A41,,,1,,2,,,12,,1,22,,A41,120.713836,24.123174,3
2022,12,13,14,55,臺中市,太平區,0,0,0,8,,,40,,,,,,,,,,,,,,,43,,,,,C03,,,4,,2,12,,43,43,1,22,,C03,120.73352,24.153256,3
2022,12,13,15,0,臺中市,豐原區,0,0,0,8,,,50,,,,,,,,,,,,,,,17,,,,,B12,,,1,,2,,,17,,1,21,,B12,120.738978,24.248242,3
2022,12,13,15,1,臺中市,西屯區,0,0,0,8,,,30,,,,,,,,,,,,,,,12,,,,,B11,,,1,,1,,,12,12,1,22,,B11,120.658311,24.201759,3
2022,12,13,15,18,臺中市,大里區,0,1,0,8,1,5,50,3,1,1,5,4,5,7,4,4,10,5,5,2,16,9,3,10,1,1,B03,7,6,1,8,2,5,,9,9,1,22,8,B03,120.697763,24.094794,2
2022,12,13,15,19,臺中市,西區,0,0,0,8,,,30,,,,,,,,,,,,,,,23,,,,,B12,,,1,,1,,,23,,1,5,,B12,120.659332,24.138532,3
2022,12,13,15,20,臺中市,北屯區,0,0,0,8,,,50,,,,,,,,,,,,,,,23,,,,,B12,,,1,,2,,,23,,1,22,,B12,120.698864,24.169619,3
2022,12,13,15,21,臺中市,北區,0,0,0,8,,,50,,,,,,,,,,,,,,,23,,,,,B03,,,1,,1,,,23,,1,22,,B03,120.673337,24.166906,3
2022,12,13,15,25,臺中市,沙鹿區,0,0,0,,,,50,,,,,,,,,,,,,,,6,,,,,B03,,,1,,2,,,6,6,1,4,,B03,120.564279,24.236543,3
2022,12,13,15,29,臺中市,西區,0,0,0,,,,40,,,,,,,,,,,,,,,42,,,,,A11,,,6,,9,,,42,,1,5,,A11,120.660004,24.157817,3
2022,12,13,15,31,臺中市,北屯區,0,0,0,8,,,50,,,,,,,,,,,,,,,6,,,,,B03,,,1,,1,,,6,6,1,22,,B03,120.697833,24.173467,3
2022,12,13,15,33,臺中市,大甲區,0,1,0,8,1,5,50,4,1,1,5,4,5,7,1,1,10,5,5,2,16,8,2,9,1,1,C03,7,5,1,10,2,14,,8,8,1,19,8,C03,120.65561,24.38181,2
2022,12,13,15,38,臺中市,中區,0,0,0,8,,,50,,,,,,,,,,,,,,,23,,,,,B03,,,1,,1,,,23,,1,4,,B03,120.676173,24.144404,3
2022,12,13,15,40,臺中市,南區,0,1,0,8,1,5,50,3,1,1,5,4,5,7,4,4,5,2,5,2,12,9,3,10,1,1,B03,7,6,1,8,2,5,,9,9,1,22,8,B03,120.666773,24.120485,2
2022,12,13,15,40,臺中市,大里區,0,0,0,8,,,50,,,,,,,,,,,,,,,23,,,,,C03,,,1,,2,,,23,,1,19,,C03,120.684308,24.117101,3
2022,12,13,15,45,臺中市,北屯區,0,0,0,8,,,40,,,,,,,,,,,,,,,23,,,,,B03,,,1,,1,,,23,,1,22,,B03,120.716459,24.16162,3
2022,12,13,15,50,臺中市,清水區,0,0,0,8,,,50,,,,,,,,,,,,,,,18,,,,,B03,,,1,,2,,,18,18,1,22,,B03,120.572057,24.268511,3
2022,12,13,15,51,臺中市,大里區,0,1,0,8,3,5,30,14,11,1,5,4,5,7,4,4,1,5,5,1,13,16,2,9,1,1,C03,7,9,1,10,2,11,,16,16,1,5,8,C03,120.700586,24.118256,2
2022,12,13,15,52,臺中市,西區,0,1,0,8,1,5,50,14,9,1,5,4,5,7,4,4,5,5,5,2,12,23,3,10,1,1,B03,7,9,1,8,2,6,,23,23,1,22,9,B03,120.672519,24.146971,2
2022,12,13,16,6,臺中市,龍井區,0,1,0,7,1,5,30,3,1,1,5,4,5,7,4,4,10,5,5,2,16,6,3,10,1,1,B03,7,5,1,8,2,5,,6,6,1,22,8,B03,120.57595,24.18122,2
2022,12,13,16,8,臺中市,霧峰區,0,0,0,8,,,50,,,,,,,,,,,,,,,12,,,,,B12,,,6,,9,,,12,,1,22,,B12,120.708872,24.07416,3
2022,12,13,16,10,臺中市,大雅區,0,1,0,8,1,5,50,3,1,1,5,4,5,7,4,4,5,4,4,1,17,10,3,10,1,1,B03,7,11,1,8,2,8,,10,10,1,21,8,B03,120.644379,24.204973,2
2022,12,13,16,10,臺中市,北屯區,0,1,0,8,1,5,40,14,8,1,5,4,5,7,4,4,1,4,4,2,12,1,3,10,1,1,C03,7,4,1,10,2,14,,1,1,1,5,8,C03,120.686113,24.186296,2
2022,12,13,16,10,臺中市,東勢區,0,2,0,8,1,5,60,14,7,1,5,4,5,7,4,4,4,3,4,1,16,23,2,8,1,1,B12,7,9,1,8,2,1,,23,23,1,22,9,B12,120.817966,24.276366,2
2022,12,13,16,11,臺中市,南屯區,0,1,0,8,1,5,50,4,1,1,5,4,5,7,1,1,5,5,5,2,17,6,3,10,1,1,B12,7,5,1,8,2,8,,6,6,1,22,8,B12,120.637281,24.130215,2
2022,12,13,16,14,臺中市,西屯區,0,1,0,8,1,5,50,14,9,1,5,4,5,7,4,4,1,4,5,2,17,23,2,1,3,4,C03,7,9,1,10,2,11,,23,23,1,22,8,C03,120.646943,24.155863,2
2022,12,13,16,17,臺中市,南區,0,0,0,,,,50,,,,,,,,,,,,,,,42,,,,,C03,,,1,,2,,,42,,1,22,,C03,120.675697,24.124686,3
2022,12,13,16,30,臺中市,東區,0,0,0,8,1,5,50,4,1,1,5,4,5,7,1,1,10,5,5,2,13,23,3,10,1,1,C03,7,9,1,10,2,11,,23,23,1,22,8,C03,120.697299,24.147967,3
2022,12,13,16,34,臺中市,梧棲區,0,2,0,8,1,5,50,3,2,1,5,4,5,7,4,4,5,5,4,2,16,8,2,9,1,1,C03,7,5,1,10,2,11,,8,8,1,9,8,C03,120.541199,24.246682,2
2022,12,13,16,35,臺中市,清水區,0,1,0,8,1,5,30,5,1,1,5,4,5,7,3,2,5,4,5,1,16,6,3,10,1,1,C03,7,5,1,10,2,11,,6,6,1,22,8,C03,120.560558,24.27837,2
2022,12,13,16,39,臺中市,北屯區,0,0,0,8,,,50,,,,,,,,,,,,,,,23,,,,,B03,,,1,,1,,,23,,1,22,,B03,120.707011,24.191124,3
2022,12,13,16,40,臺中市,大雅區,0,2,0,7,1,5,50,14,13,1,5,4,5,7,1,1,5,5,5,1,12,42,2,8,1,1,C03,7,9,1,10,2,11,,42,42,1,22,8,C03,120.649692,24.223222,2
2022,12,13,16,42,臺中市,南屯區,0,0,0,6,1,5,50,4,1,1,5,4,5,7,4,4,5,5,5,2,16,6,3,10,1,1,B03,7,5,1,8,1,5,,6,6,1,22,8,B03,120.635561,24.141482,3
2022,12,13,16,44,臺中市,北屯區,0,0,0,8,,,50,,,,,,,,,,,,,,,23,,,,,B03,,,1,,1,,,23,,1,22,,B03,120.686093,24.18729,3
2022,12,13,16,46,臺中市,南屯區,0,0,0,,,,50,,,,,,,,,,,,,,,43,,,,,C03,,,1,,11,,,43,,1,22,,C03,120.636062,24.145042,3
2022,12,13,16,50,臺中市,西區,0,0,0,8,,,50,,,,,,,,,,,,,,,23,,,,,C03,,,1,,1,,,23,,1,5,,C03,120.665117,24.156691,3
2022,12,13,16,55,臺中市,大里區,0,1,0,8,1,5,30,4,1,1,5,4,5,7,4,4,10,5,5,2,17,8,2,9,3,4,C03,7,5,1,10,2,14,,8,8,1,21,8,C03,120.706021,24.098068,2
2022,12,13,16,57,臺中市,東區,0,0,0,8,,,50,,,,,,,,,,,,,,,18,,,,,B03,,,1,,9,,,18,,1,22,,B03,120.708125,24.149156,3
2022,12,13,16,57,臺中市,梧棲區,0,0,0,,,,50,,,,,,,,,,,,,,,23,,,,,B03,,,1,,2,,,23,,1,22,,B03,120.537021,24.251407,3
2022,12,13,16,57,臺中市,神岡區,0,1,0,7,3,5,1,14,9,1,5,4,5,7,4,4,10,5,5,2,16,19,3,10,1,4,B03,7,1,1,8,2,1,,19,19,1,22,9,B03,120.684894,24.235955,2
2022,12,13,16,58,臺中市,烏日區,0,1,0,8,1,5,50,3,1,1,5,4,5,7,1,1,10,5,5,2,16,42,3,10,1,1,B01,7,14,1,4,2,1,,42,42,1,21,8,B01,120.607593,24.126796,2
2022,12,13,17,0,臺中市,西區,0,2,0,6,1,5,50,4,2,1,4,4,5,7,2,1,5,4,5,2,16,7,2,9,1,1,C03,7,7,1,10,1,14,,7,7,1,5,5,C03,120.677129,24.140286,2
2022,12,13,17,1,臺中市,霧峰區,0,0,0,6,,,30,,,,,,,,,,,,,,,19,,,,,C04,,,1,,2,,,19,,1,22,,C04,120.686248,24.067386,3
2022,12,13,17,2,臺中市,霧峰區,0,0,0,8,,,50,,,,,,,,,,,,,,,17,,,,,B03,,,1,,2,,,17,,1,22,,B03,120.695842,24.063795,3
2022,12,13,17,4,臺中市,大里區,0,1,0,6,1,5,40,4,2,1,4,4,5,7,1,1,5,5,5,1,17,43,2,9,3,4,C03,7,9,1,10,2,12,,43,43,1,21,8,C03,120.709059,24.082369,2
2022,12,13,17,7,臺中市,西屯區,0,1,0,8,1,5,40,14,8,1,5,4,5,7,4,4,1,5,1,2,17,23,2,9,1,1,C03,7,9,1,10,2,11,,23,23,1,21,8,C03,120.611174,24.18453,2
2022,12,13,17,8,臺中市,北屯區,0,4,0,8,3,5,50,14,9,1,5,4,5,7,4,4,4,4,5,2,13,23,2,9,1,1,B03,7,9,1,8,2,1,,23,23,1,22,8,B03,120.706353,24.169739,2
2022,12,13,17,9,臺中市,大甲區,0,2,0,8,3,5,90,14,9,1,5,4,5,7,4,4,1,3,5,1,18,23,2,9,1,1,C03,7,9,1,10,2,11,,23,23,1,4,1,C03,120.601729,24.391375,2
2022,12,13,17,10,臺中市,大甲區,0,1,0,8,3,5,90,14,9,1,5,4,5,7,4,4,1,4,5,1,18,23,2,9,1,1,C03,7,9,1,10,2,11,,23,23,1,4,1,C03,120.601745,24.391348,2
2022,12,13,17,11,臺中市,西屯區,0,0,0,8,,,30,,,,,,,,,,,,,,,12,,,,,B03,,,1,,2,,,12,,1,22,,B03,120.64022,24.172208,3
2022,12,13,17,14,臺中市,大里區,0,1,0,8,3,5,50,14,9,1,5,4,5,7,4,4,9,4,5,1,16,19,3,10,1,1,B03,7,1,1,7,2,8,,19,19,1,22,9,B03,120.693289,24.082048,2
2022,12,13,17,18,臺中市,沙鹿區,0,0,0,8,,,40,,,,,,,,,,,,,,,23,,,,,B12,,,1,,2,,,23,,1,22,,B12,120.56351,24.239819,3
2022,12,13,17,19,臺中市,烏日區,0,1,0,7,3,5,50,14,8,1,4,4,5,7,4,4,1,4,4,1,18,23,2,9,1,1,C03,7,9,1,10,2,15,,23,23,1,22,8,C03,120.638797,24.108268,2
2022,12,13,17,21,臺中市,清水區,0,1,0,8,1,5,50,4,1,1,5,4,5,7,1,1,8,3,4,1,16,8,2,9,1,1,C03,7,5,1,10,2,12,,8,8,1,21,8,C03,120.561153,24.267324,2
2022,12,13,17,27,臺中市,南區,0,1,0,7,1,5,50,4,2,1,4,4,5,7,1,1,1,2,4,2,17,23,2,9,1,1,C03,7,9,1,10,2,15,,23,23,1,22,8,C03,120.662473,24.127442,2
2022,12,13,17,28,臺中市,南屯區,0,0,0,8,2,5,40,3,8,1,5,4,5,7,4,4,1,5,1,2,13,16,3,10,1,1,C03,7,9,1,10,2,11,,16,16,1,18,1,C03,120.613395,24.149039,3
2022,12,13,17,30,臺中市,北區,0,1,0,6,2,5,50,4,1,1,4,4,5,7,1,1,3,4,5,2,17,26,3,10,1,1,B03,7,8,1,8,2,15,,26,26,1,22,9,B03,120.68616,24.146227,2
2022,12,13,17,34,臺中市,南屯區,0,0,0,6,2,5,50,14,8,1,4,4,5,7,4,4,5,3,4,2,17,26,3,10,1,1,B03,7,9,1,8,2,2,,26,26,1,20,7,B03,120.616978,24.139266,3
2022,12,13,17,35,臺中市,北屯區,0,0,0,8,,,50,,,,,,,,,,,,,,,23,,,,,B03,,,1,,1,,,23,,1,22,,B03,120.715486,24.182309,3
2022,12,13,17,35,臺中市,北屯區,0,1,0,8,2,5,40,4,1,1,5,4,5,7,2,1,10,5,5,2,18,23,2,9,1,1,C03,7,9,1,10,2,12,,23,23,1,5,8,C03,120.719233,24.163366,2
2022,12,13,17,40,臺中市,龍井區,0,0,0,8,,,60,,,,,,,,,,,,,,,7,,,,,B03,,,1,,1,,,7,,1,22,,B03,120.584585,24.186388,3
2022,12,13,17,43,臺中市,烏日區,0,1,0,7,3,5,50,4,1,1,5,4,5,7,2,1,5,5,5,1,16,9,3,10,1,1,A12,7,6,1,3,2,5,,9,9,1,21,8,A12,120.630639,24.044822,2
2022,12,13,17,45,臺中市,東區,0,1,0,8,3,5,50,4,1,1,5,4,5,7,1,1,10,5,5,2,13,16,2,9,1,1,C03,7,9,1,10,2,11,,16,16,1,22,8,C03,120.7012,24.14271,2
2022,12,13,17,50,臺中市,烏日區,0,0,0,8,,,50,,,,,,,,,,,,,,,6,,,,,B03,,,1,,2,,,6,,1,21,,B03,120.584152,24.115126,3
2022,12,13,17,50,臺中市,沙鹿區,0,1,0,7,3,5,50,14,9,1,5,4,5,7,4,4,8,3,4,1,17,16,2,9,3,1,C03,7,9,1,10,2,11,,16,16,1,22,8,C03,120.579313,24.219697,2
2022,12,13,17,50,臺中市,豐原區,0,1,0,6,3,5,50,14,8,1,4,4,5,7,4,4,5,5,4,2,17,23,2,9,3,4,C03,7,9,1,10,2,11,,23,23,1,22,8,C03,120.725651,24.255032,2
2022,12,13,17,50,臺中市,豐原區,0,2,0,8,3,5,50,14,7,1,5,4,5,7,4,4,4,4,4,2,17,6,2,9,1,1,C03,7,11,1,10,2,14,,6,6,1,19,8,C03,120.731086,24.25528,2
2022,12,13,17,52,臺中市,南區,0,0,0,,,,50,,,,,,,,,,,,,,,12,,,,,B03,,,1,,2,,,12,,1,22,,B03,120.665877,24.127213,3
2022,12,13,17,52,臺中市,北屯區,0,0,0,8,,,50,,,,,,,,,,,,,,,23,,,,,A05,,,1,,2,,,23,,1,22,,A05,120.70303,24.169875,3
2022,12,13,17,52,臺中市,西屯區,0,1,0,8,3,5,50,4,1,1,5,4,5,7,2,1,10,5,5,2,16,6,3,10,3,4,B03,7,5,1,8,2,2,,6,6,1,22,8,B03,120.644793,24.184456,2
2022,12,13,17,52,臺中市,沙鹿區,0,1,0,8,3,5,40,4,2,1,5,4,5,7,4,4,9,5,5,2,3,51,2,9,4,5,H01,8,16,8,20,10,16,,51,51,1,16,8,H01,120.558718,24.234826,2
2022,12,13,17,53,臺中市,西區,0,1,0,8,3,5,50,4,1,1,5,4,5,7,2,1,10,5,5,2,17,6,3,10,1,1,B03,7,6,1,8,2,5,,6,6,1,19,7,B03,120.662609,24.155678,2
2022,12,13,17,53,臺中市,新社區,0,1,0,6,3,5,30,14,9,1,4,4,5,7,4,4,10,5,5,1,13,23,2,9,1,1,C03,7,9,1,10,2,11,,23,23,1,9,8,C03,120.796798,24.219444,2
2022,12,13,17,55,臺中市,北屯區,0,2,0,8,3,5,50,14,7,1,5,4,5,7,4,4,5,5,4,2,16,19,2,9,1,1,C03,7,1,1,10,2,15,,19,19,1,22,8,C03,120.690629,24.172802,2
2022,12,13,17,55,臺中市,大肚區,0,0,0,,,,30,,,,,,,,,,,,,,,44,,,,,B03,,,1,,2,,,44,,1,21,,B03,120.554641,24.142869,3
2022,12,13,17,56,臺中市,北屯區,0,1,0,8,3,5,50,4,1,1,5,4,5,7,1,1,1,5,4,2,3,15,3,10,1,1,B03,7,5,1,8,2,4,,15,15,1,22,8,B03,120.691724,24.172672,2
2022,12,13,17,58,臺中市,西屯區,0,0,0,8,,,50,,,,,,,,,,,,,,,23,,,,,B03,,,1,,1,,,23,,1,22,,B03,120.650116,24.16363,3
2022,12,13,17,58,臺中市,大甲區,0,0,0,8,,,60,,,,,,,,,,,,,,,23,,,,,B03,,,1,,2,,,23,23,1,21,,B03,120.61815,24.35309,3
2022,12,13,18,0,臺中市,潭子區,0,0,0,8,,,50,,,,,,,,,,,,,,,23,,,,,B03,,,1,,2,,,23,,1,22,,B03,120.708416,24.23029,3
2022,12,13,18,3,臺中市,北區,0,1,0,7,4,5,40,14,8,1,4,4,5,7,4,4,3,4,4,2,18,23,2,9,1,1,C03,7,9,1,10,2,12,,23,23,1,22,8,C03,120.687841,24.146483,2
2022,12,13,18,5,臺中市,北區,0,3,0,8,3,5,50,4,1,1,5,4,5,7,4,4,10,5,5,2,15,6,2,9,1,1,C03,7,9,1,10,2,11,,6,6,1,22,8,C03,120.677236,24.162702,2
2022,12,13,18,10,臺中市,南區,0,1,0,8,3,5,50,11,7,1,5,4,5,7,4,4,1,4,4,2,12,42,3,10,1,1,B03,7,8,1,8,2,2,,42,42,1,21,8,B03,120.666758,24.127388,2
2022,12,13,18,17,臺中市,北屯區,0,1,0,8,3,5,50,4,1,1,5,4,5,7,4,4,10,5,5,2,13,23,3,10,1,1,B03,7,9,1,8,2,8,,23,23,1,22,8,B03,120.711142,24.173984,2
2022,12,13,18,23,臺中市,潭子區,0,0,0,8,,,50,,,,,,,,,,,,,,,19,,,,,B03,,,3,,2,,,19,,1,22,,B03,120.700759,24.215258,3
2022,12,13,18,24,臺中市,潭子區,0,0,0,8,,,40,,,,,,,,,,,,,,,5,,,,,B01,,,1,,2,,,5,,1,10,,B01,120.687296,24.207254,3
2022,12,13,18,24,臺中市,烏日區,0,1,0,8,2,5,30,3,2,1,5,4,5,7,4,4,10,5,5,2,17,6,3,10,1,1,C03,7,5,1,10,2,11,,6,6,1,21,8,C03,120.634712,24.108071,2
2022,12,13,18,26,臺中市,沙鹿區,0,1,0,8,3,5,50,14,9,1,5,4,5,7,4,4,10,5,5,2,13,16,2,8,1,1,C03,7,9,1,10,2,11,,16,16,1,22,8,C03,120.580835,24.219174,2
2022,12,13,18,27,臺中市,豐原區,0,1,0,8,3,5,50,4,1,1,5,4,5,7,1,1,10,5,5,2,16,23,2,7,1,1,C03,7,9,1,10,2,11,,23,23,1,21,8,C03,120.7203,24.252946,2
2022,12,13,18,28,臺中市,烏日區,0,1,0,8,1,5,50,4,1,1,5,4,5,7,1,1,1,4,5,1,16,23,,,,,C03,,,1,,11,,,23,,1,22,,C03,120.646375,24.110952,4
2022,12,13,18,32,臺中市,西區,0,0,0,,,,50,,,,,,,,,,,,,,,23,,,,,B03,,,1,,1,,,23,,1,5,,B03,120.661704,24.153989,3
2022,12,13,18,38,臺中市,中區,0,0,0,8,,,50,,,,,,,,,,,,,,,23,,,,,B03,,,1,,2,,,23,,1,22,,B03,120.676643,24.14459,3
2022,12,13,18,38,臺中市,大里區,0,0,0,8,,,50,,,,,,,,,,,,,,,7,,,,,B03,,,1,,2,,,7,,1,5,,B03,120.680975,24.105083,3
2022,12,13,18,39,臺中市,北區,0,2,0,8,1,5,50,14,9,1,4,4,5,7,4,4,5,4,5,2,13,23,2,9,1,1,C03,7,9,1,10,2,11,,23,23,1,22,9,C03,120.684034,24.153148,2
2022,12,13,18,40,臺中市,龍井區,0,0,0,8,,,70,,,,,,,,,,,,,,,7,,,,,B03,,,1,,1,,,7,,1,22,,B03,120.579863,24.191302,3
2022,12,13,18,43,臺中市,大雅區,0,1,0,8,3,5,50,3,1,1,5,4,5,7,4,4,5,5,5,1,17,43,3,10,1,1,B03,7,5,1,8,2,4,,43,23,1,21,8,B03,120.649163,24.224974,2
2022,12,13,18,43,臺中市,西屯區,0,1,0,8,3,5,40,14,8,1,5,4,5,7,4,4,5,4,5,2,14,12,3,10,3,4,B03,7,2,1,8,2,7,,12,12,1,22,8,B03,120.667773,24.178209,2
2022,12,13,18,43,臺中市,沙鹿區,0,1,0,7,3,5,50,5,2,1,5,4,5,7,1,1,8,3,4,1,17,8,2,9,3,4,C03,7,5,1,10,2,11,,8,8,1,22,8,C03,120.578025,24.220713,2
2022,12,13,18,48,臺中市,潭子區,0,1,0,8,3,5,50,14,9,1,5,4,5,7,4,4,9,4,5,2,29,42,2,9,1,1,C03,7,9,1,10,2,11,,42,42,1,22,6,C03,120.689513,24.221066,2
2022,12,13,18,48,臺中市,北區,0,0,0,,,,50,,,,,,,,,,,,,,,23,,,,,B03,,,1,,2,,,23,23,1,21,,B03,120.684759,24.150976,3
2022,12,13,18,50,臺中市,大雅區,0,1,0,8,3,5,30,11,9,1,4,4,5,7,4,4,10,5,5,2,17,5,2,9,1,1,C03,7,9,1,10,2,11,,5,5,1,22,9,C03,120.631539,24.216681,2
2022,12,13,18,53,臺中市,南屯區,0,0,0,8,3,5,50,14,9,1,5,4,5,7,4,4,1,4,5,2,12,7,3,10,1,1,B03,7,7,1,8,1,6,,7,7,1,22,8,B03,120.637459,24.149237,3
2022,12,13,18,55,臺中市,潭子區,0,0,0,8,,,50,,,,,,,,,,,,,,,23,,,,,B12,,,1,,2,,,23,,1,22,,B12,120.706815,24.223245,3
2022,12,13,19,0,臺中市,北區,0,2,0,8,3,5,30,3,1,1,5,4,5,7,4,4,10,5,5,2,16,6,2,5,1,1,C03,7,6,1,10,2,11,,6,6,1,22,8,C03,120.676628,24.164792,2
2022,12,13,19,0,臺中市,后里區,0,1,0,8,3,5,50,14,7,1,4,4,5,7,4,4,4,5,4,1,18,42,2,9,1,1,C03,7,9,1,10,2,12,,42,42,1,21,8,C03,120.719946,24.309258,2
2022,12,13,19,6,臺中市,豐原區,0,0,0,8,,,50,,,,,,,,,,,,,,,19,,,,,B03,,,3,,2,,,19,,1,22,,B03,120.725997,24.248111,3
2022,12,13,19,12,臺中市,后里區,0,0,0,8,3,3,40,14,13,1,4,4,5,7,4,4,4,4,4,1,14,18,3,10,3,4,B03,7,2,1,8,2,6,,18,18,1,3,7,B03,120.719396,24.309389,3
2022,12,13,19,15,臺中市,沙鹿區,0,0,0,8,,,50,,,,,,,,,,,,,,,42,,,,,B03,,,1,,2,,,42,,1,4,,B03,120.574438,24.226317,3
2022,12,13,19,16,臺中市,霧峰區,0,0,0,8,,,50,,,,,,,,,,,,,,,23,,,,,B03,,,1,,2,,,23,,1,22,,B03,120.675686,24.049184,3
2022,12,13,19,17,臺中市,北區,0,0,0,8,,,50,,,,,,,,,,,,,,,16,,,,,C03,,,1,,2,,,16,,1,22,,C03,120.664164,24.161971,3
2022,12,13,19,25,臺中市,豐原區,0,1,0,8,3,5,50,4,4,1,5,4,5,7,2,1,1,4,5,2,17,23,3,10,3,4,B03,7,1,1,8,2,5,,23,23,1,22,8,B03,120.70901,24.250281,2
2022,12,13,19,28,臺中市,南屯區,0,0,0,8,3,5,50,14,9,1,5,4,5,7,4,4,5,5,5,2,17,13,3,10,1,1,C03,7,12,1,10,1,12,,13,13,1,12,1,C03,120.610486,24.140532,3
2022,12,13,19,39,臺中市,西屯區,0,0,0,8,,,40,,,,,,,,,,,,,,,42,,,,,B03,,,1,,2,,,42,,1,22,,B03,120.635361,24.160874,3
2022,12,13,19,40,臺中市,清水區,0,0,0,8,,,40,,,,,,,,,,,,,,,12,,,,,B03,,,1,,2,,,12,,1,22,,B03,120.576259,24.271291,3
2022,12,13,19,44,臺中市,大甲區,0,1,0,8,3,5,50,14,12,1,5,4,5,7,4,4,5,5,4,1,17,7,3,10,1,1,B03,7,8,1,8,2,5,,7,7,1,4,8,B03,120.628057,24.351997,2
2022,12,13,19,46,臺中市,沙鹿區,0,0,0,8,,,50,,,,,,,,,,,,,,,17,,,,,B03,,,1,,2,,,17,,1,22,,B03,120.557105,24.232735,3
2022,12,13,19,51,臺中市,龍井區,0,2,0,8,3,5,50,5,1,1,5,4,5,7,1,1,10,5,5,2,16,6,2,7,1,1,C03,7,5,1,10,2,12,,6,6,1,22,8,C03,120.594466,24.190905,2
2022,12,13,19,58,臺中市,西屯區,0,0,0,8,,,50,,,,,,,,,,,,,,,43,,,,,B03,,,1,,1,,,43,,1,21,,B03,120.643705,24.171748,3
2022,12,13,19,59,臺中市,北區,0,0,0,8,,,50,,,,,,,,,,,,,,,7,,,,,C03,,,1,,2,,,7,,1,22,,C03,120.689134,24.153572,3
2022,12,13,19,59,臺中市,南屯區,0,0,0,,,,50,,,,,,,,,,,,,,,12,,,,,B03,,,1,,2,,,12,,1,22,,B03,120.651392,24.151237,3
2022,12,13,19,59,臺中市,北屯區,0,3,0,8,3,5,50,4,1,1,5,4,5,7,4,4,5,5,5,2,13,16,2,9,1,1,C03,7,9,1,10,2,11,,16,16,1,22,8,C03,120.689107,24.174158,2
2022,12,13,20,8,臺中市,烏日區,0,1,0,8,3,5,50,4,18,1,5,4,5,7,1,1,10,5,5,2,3,15,3,10,1,1,B03,7,5,1,8,2,1,,15,15,1,21,8,B03,120.638134,24.107693,2
2022,12,13,20,15,臺中市,大雅區,0,1,0,8,3,5,50,4,1,1,5,4,5,7,1,1,9,4,5,1,17,23,3,10,1,1,B12,7,9,1,8,2,5,,23,23,1,22,9,B12,120.672954,24.210963,2
2022,12,13,20,16,臺中市,大肚區,0,0,0,,,,60,,,,,,,,,,,,,,,23,,,,,B03,,,1,,2,,,23,,1,5,,B03,120.544085,24.164192,3
2022,12,13,20,20,臺中市,西屯區,0,1,0,8,3,5,50,14,5,1,5,4,5,7,3,1,2,4,5,2,16,10,3,10,3,4,B12,7,11,3,18,2,2,,10,10,1,22,8,B12,120.603761,24.185275,2
2022,12,13,20,27,臺中市,西區,0,0,0,,,,50,,,,,,,,,,,,,,,23,,,,,B03,,,1,,1,,,23,,1,5,,B03,120.675422,24.133556,3
2022,12,13,20,40,臺中市,豐原區,0,0,0,8,,,50,,,,,,,,,,,,,,,42,,,,,B03,,,1,,2,,,42,,1,4,,B03,120.721458,24.270902,3
2022,12,13,20,46,臺中市,西區,0,0,0,8,,,50,,,,,,,,,,,,,,,6,,,,,C03,,,1,,1,,,6,,1,21,,C03,120.658865,24.15087,3
2022,12,13,20,47,臺中市,石岡區,0,1,0,8,3,5,70,3,1,1,5,4,5,7,1,1,10,5,5,2,17,6,3,10,1,1,B03,7,5,1,8,2,2,,6,6,1,22,8,B03,120.789413,24.273508,2
2022,12,13,20,54,臺中市,烏日區,0,0,0,8,,,50,,,,,,,,,,,,,,,23,,,,,B03,,,1,,2,,,23,,1,21,,B03,120.614756,24.117754,3
2022,12,13,21,3,臺中市,北區,0,0,0,8,,,50,,,,,,,,,,,,,,,16,,,,,B03,,,1,,1,,,16,,1,22,,B03,120.691041,24.158738,3
2022,12,13,21,4,臺中市,南區,0,0,0,,,,50,,,,,,,,,,,,,,,43,,,,,B01,,,1,,11,,,43,,1,22,,B01,120.668541,24.117685,3
2022,12,13,21,12,臺中市,南區,0,2,0,8,3,5,50,14,9,1,5,4,5,7,4,4,1,4,5,2,13,23,2,9,1,1,C03,7,9,1,10,2,11,,23,23,1,22,8,C03,120.679252,24.119772,2
2022,12,13,21,17,臺中市,中區,0,2,0,8,3,5,30,3,1,1,5,4,5,7,4,4,10,5,5,2,16,6,2,3,1,1,C03,7,5,1,10,2,11,,6,6,1,4,8,C03,120.677822,24.139704,2