年,月,日,時,分,縣市,區,死,受傷,2-30,天候,光線,道路類別,速限,道路型態,事故位置,路面鋪裝,路面狀態,路面缺陷,障礙物,視距,號誌種類,號誌動作,分向設施,快車道或一般車道間,快慢車道間,路面邊線,事故類型及型態,主要肇因,受傷程度,主要傷處,保護裝備,行動電話,當事者區分,車輛用途,當事者行動狀態,駕駛資格情形,駕駛執照種類,飲酒情形,車輛撞擊部位最初,車輛撞擊部位其他,肇事因素個別,肇事因素主要,肇事逃逸,職業,旅次目的,車種,GPS緯度,GPS經度,事故類別
2022,12,14,18,30,臺中市,后里區,0,4,0,8,3,5,30,4,1,1,5,4,5,7,4,4,10,5,5,2,15,6,2,9,1,1,C03,7,9,1,10,2,11,,6,6,1,22,8,C03,120.726022,24.305474,2
2022,12,14,18,31,臺中市,北屯區,0,1,0,8,3,5,50,4,2,1,5,4,5,7,1,1,9,4,5,2,1,15,3,10,1,1,B03,7,5,1,8,2,1,,15,15,1,22,8,B03,120.70566,24.172837,2
2022,12,14,18,35,臺中市,烏日區,0,1,0,8,3,5,50,4,1,1,5,4,5,7,3,1,9,4,4,2,16,6,3,10,1,1,B03,7,5,1,8,2,5,,6,6,1,22,8,B03,120.659061,24.096117,2
2022,12,14,18,38,臺中市,北屯區,0,0,0,8,,,30,,,,,,,,,,,,,,,7,,,,,B03,,,1,,2,,,7,,1,5,,B03,120.673058,24.190553,3
2022,12,14,18,40,臺中市,北屯區,0,1,0,8,3,5,50,14,9,1,5,4,5,7,4,4,1,4,5,2,13,13,2,9,1,1,C03,7,9,2,18,2,11,,13,13,1,22,8,C03,120.68903,24.171474,2
2022,12,14,18,40,臺中市,北屯區,0,0,0,8,,,30,,,,,,,,,,,,,,,16,,,,,C03,,,1,,1,,,16,,1,22,,C03,120.664751,24.186148,3
2022,12,14,18,40,臺中市,大里區,0,0,0,8,3,5,60,14,2,1,5,4,5,7,1,1,1,2,4,2,13,23,,,,,B03,,,4,,2,,,23,,1,11,,B03,120.688631,24.080636,3
2022,12,14,18,40,臺中市,大里區,0,1,0,8,3,5,50,14,7,1,5,4,5,7,4,4,5,4,5,1,12,6,3,10,1,1,C03,7,7,1,10,2,14,,6,6,2,22,8,C03,120.686728,24.120981,2
2022,12,14,18,43,臺中市,太平區,0,1,0,8,3,5,50,4,1,1,5,4,5,7,1,1,5,5,5,2,16,9,3,10,1,1,B03,7,6,1,8,2,2,,9,9,1,21,8,B03,120.721456,24.142556,2
2022,12,14,18,45,臺中市,龍井區,0,1,0,8,3,5,30,4,1,1,5,4,5,7,4,4,10,5,5,2,15,6,2,7,1,1,C03,7,9,1,9,2,14,,6,6,1,22,8,C03,120.591257,24.188887,2
2022,12,14,18,52,臺中市,北區,0,0,0,8,,,40,,,,,,,,,,,,,,,8,,,,,C03,,,1,,2,,,8,,1,22,,C03,120.677601,24.159187,3
2022,12,14,18,53,臺中市,西屯區,0,1,0,8,1,5,50,14,12,1,5,4,5,7,4,4,5,5,4,2,13,23,2,9,1,1,C03,7,9,1,10,2,11,,23,23,1,4,8,C03,120.62776,24.184131,2
2022,12,14,18,53,臺中市,太平區,0,0,0,8,,,80,,,,,,,,,,,,,,,7,,,,,B03,,,1,,2,,,7,,1,21,,B03,120.717606,24.157443,3
2022,12,14,18,55,臺中市,石岡區,0,0,0,8,,,70,,,,,,,,,,,,,,,17,,,,,B03,,,1,,11,,,17,,1,22,,B03,120.79777,24.266605,3
2022,12,14,18,56,臺中市,大雅區,0,1,0,8,3,5,50,3,1,1,5,4,5,7,1,1,10,5,5,2,17,25,3,10,1,1,B03,7,9,1,8,2,6,,25,25,1,22,8,B03,120.643374,24.22815,2
2022,12,14,19,1,臺中市,西區,0,2,0,8,1,5,50,4,1,1,5,4,5,7,4,4,10,5,5,2,15,6,2,7,1,1,C03,7,9,1,10,2,11,,6,6,1,22,9,C03,120.658094,24.155926,2
2022,12,14,19,3,臺中市,南屯區,0,0,0,,,,50,,,,,,,,,,,,,,,17,,,,,B03,,,1,,2,,,17,,1,22,,B03,120.64857,24.146167,3
2022,12,14,19,6,臺中市,西屯區,0,0,0,8,,,30,,,,,,,,,,,,,,,38,,,,,B03,,,1,,1,,,38,,1,22,,B03,120.64827,24.156761,3
2022,12,14,19,11,臺中市,西屯區,0,1,0,8,3,5,50,14,7,1,5,4,5,7,4,4,5,4,4,2,16,19,2,9,1,1,C03,7,1,1,10,2,11,,19,19,1,22,9,C03,120.637642,24.17669,2
2022,12,14,19,13,臺中市,北屯區,0,1,0,8,3,5,50,14,9,1,5,4,5,7,4,4,1,4,5,2,13,16,2,9,1,1,C03,7,9,1,10,2,11,,16,16,1,22,8,C03,120.685445,24.174336,2
2022,12,14,19,13,臺中市,太平區,0,0,0,8,,,50,,,,,,,,,,,,,,,12,,,,,B03,,,1,,2,6,,12,12,1,22,,B03,120.714919,24.141098,3
2022,12,14,19,14,臺中市,大雅區,0,1,0,8,3,5,50,14,8,1,5,4,5,7,1,1,9,4,4,1,17,23,3,10,1,1,A41,7,4,1,1,2,2,,23,23,1,22,9,A41,120.641135,24.230578,2
2022,12,14,19,15,臺中市,西屯區,0,1,0,8,1,5,50,14,9,1,5,4,5,7,4,4,1,4,4,1,17,10,3,10,1,4,B03,7,11,1,8,2,15,,10,10,1,4,8,B03,120.664721,24.176908,2
2022,12,14,19,18,臺中市,大雅區,0,2,0,8,3,5,40,14,8,1,5,4,5,7,4,4,1,4,4,1,9,23,2,8,1,1,F03,7,9,8,20,2,16,,23,23,1,22,8,F03,120.651243,24.221335,2
2022,12,14,19,21,臺中市,大肚區,0,0,0,,,,50,,,,,,,,,,,,,,,6,,,,,B03,,,1,,2,,,6,,1,5,,B03,120.577083,24.118678,3
2022,12,14,19,25,臺中市,西區,0,0,0,,,,50,,,,,,,,,,,,,,,42,,,,,B03,,,1,,2,,,42,,1,5,,B03,120.65386,24.152402,3
2022,12,14,19,25,臺中市,西屯區,0,2,0,8,3,5,50,14,9,1,5,4,5,7,4,4,2,4,5,2,16,16,2,9,1,1,C03,7,9,1,10,1,11,,16,16,1,4,8,C03,120.604349,24.193221,2
2022,12,14,19,25,臺中市,霧峰區,0,0,0,8,,,30,,,,,,,,,,,,,,,17,,,,,B03,,,1,,2,,,17,,1,22,,B03,120.707915,24.071625,3
2022,12,14,19,28,臺中市,大里區,0,0,0,8,,,50,,,,,,,,,,,,,,,42,,,,,C03,,,1,,2,,,42,42,1,18,,C03,120.674589,24.112707,3
2022,12,14,19,30,臺中市,南屯區,0,0,0,8,3,5,50,3,7,1,5,4,5,7,4,4,1,4,4,2,16,6,3,10,1,1,B03,7,6,1,8,1,8,,6,6,1,9,7,B03,120.634312,24.151187,3
2022,12,14,19,34,臺中市,南區,0,0,0,,,,50,,,,,,,,,,,,,,,3,,,,,C03,,,1,,2,,,3,,1,22,,C03,120.666813,24.115253,3
2022,12,14,19,36,臺中市,西屯區,0,1,0,8,3,5,50,4,1,1,5,4,5,7,1,1,1,4,4,2,16,25,3,10,1,1,B02,7,5,1,8,2,6,,25,25,1,22,8,B02,120.64722,24.159448,2
2022,12,14,19,47,臺中市,北區,0,0,0,8,,,50,,,,,,,,,,,,,,,23,,,,,B03,,,1,,2,,,23,,1,22,,B03,120.688247,24.15113,3
2022,12,14,19,51,臺中市,西屯區,0,1,0,8,1,5,50,4,1,1,5,4,5,7,1,1,8,3,4,1,16,6,3,10,1,4,B03,7,6,1,8,1,5,,6,6,1,4,8,B03,120.649938,24.172145,2
2022,12,14,19,51,臺中市,西屯區,0,2,0,8,3,5,50,3,1,1,5,4,5,7,1,1,5,3,5,2,16,8,2,9,1,1,C03,7,5,1,10,2,13,,8,8,1,22,9,C03,120.637721,24.166826,2
2022,12,14,20,0,臺中市,中區,0,1,0,8,3,5,50,4,1,1,5,4,5,7,2,1,10,5,5,2,16,26,2,9,1,1,C03,7,5,1,10,2,14,,26,26,1,22,8,C03,120.680184,24.143177,2
2022,12,14,20,4,臺中市,南屯區,0,0,0,8,3,5,50,4,2,1,5,4,5,7,1,1,1,2,5,2,13,41,3,10,1,1,B03,7,9,1,8,1,1,,41,41,1,11,1,B03,120.625972,24.143013,3
2022,12,14,20,8,臺中市,北區,0,1,0,8,3,5,50,4,2,1,5,4,5,7,1,1,10,5,5,2,18,23,2,9,1,1,C03,7,6,1,10,2,15,,23,23,1,22,8,C03,120.686354,24.14687,2
2022,12,14,20,14,臺中市,太平區,0,0,0,8,,,50,,,,,,,,,,,,,,,17,,,,,B03,,,1,,2,,,17,,1,22,,B03,120.733313,24.156886,3
2022,12,14,20,20,臺中市,大里區,0,0,0,8,,,50,,,,,,,,,,,,,,,6,,,,,B03,,,1,,2,,,6,,1,22,,B03,120.667793,24.10474,3
2022,12,14,20,25,臺中市,烏日區,0,1,0,8,1,5,50,14,22,1,5,4,5,7,4,4,10,5,5,2,13,23,2,9,1,1,C03,7,11,1,10,2,11,,23,23,1,21,8,C03,120.622801,24.106407,2
2022,12,14,20,28,臺中市,沙鹿區,0,1,0,8,3,5,60,3,7,1,5,4,5,7,1,1,1,4,4,1,13,23,2,7,1,1,B03,7,9,3,18,2,1,,23,23,1,22,9,B03,120.579046,24.250166,2
2022,12,14,20,40,臺中市,清水區,0,0,0,8,3,5,50,14,9,1,5,4,5,7,1,1,5,5,5,1,12,8,,,,,C03,,,1,,2,,,8,,1,5,,C03,120.566565,24.268398,3
2022,12,14,20,40,臺中市,后里區,0,0,0,8,3,5,50,5,2,1,5,4,5,7,1,1,1,3,4,1,13,23,3,10,1,1,B03,7,9,1,8,2,5,,23,23,1,4,8,B03,120.722966,24.284562,3
2022,12,14,20,48,臺中市,龍井區,0,1,0,8,3,5,50,5,1,1,5,4,5,7,4,4,10,5,5,2,16,19,3,10,1,1,B03,7,1,1,8,2,8,,19,19,1,22,8,B03,120.589458,24.180646,2
2022,12,14,20,50,臺中市,北屯區,0,0,0,8,,,50,,,,,,,,,,,,,,,23,,,,,B03,,,1,,2,,,23,,1,4,,B03,120.695435,24.185391,3
2022,12,14,20,56,臺中市,新社區,0,1,0,8,3,5,50,14,9,1,5,4,5,7,4,4,5,5,5,1,12,23,2,9,1,1,C03,7,9,2,18,2,11,,23,23,1,22,8,C03,120.80994,24.24315,2
2022,12,14,21,15,臺中市,西區,0,2,0,8,3,5,30,4,1,1,5,4,5,7,4,4,10,5,5,2,15,6,2,8,1,1,C03,7,9,1,10,2,12,,6,6,1,4,8,C03,120.660906,24.151976,2
2022,12,14,21,15,臺中市,西屯區,0,1,0,8,3,5,50,14,9,1,5,4,5,7,4,4,5,4,5,2,16,19,3,10,1,1,B02,7,1,1,8,2,8,,19,19,1,4,8,B02,120.617814,24.161161,2
2022,12,14,21,18,臺中市,龍井區,0,0,0,8,,,60,,,,,,,,,,,,,,,7,,,,,A41,,,1,,2,,,7,,1,10,,A41,120.585318,24.186278,3
2022,12,14,21,20,臺中市,北區,0,1,0,8,3,5,40,14,8,1,5,4,5,7,4,4,1,4,4,2,18,23,2,9,1,1,C03,7,9,1,10,2,12,,23,23,1,22,8,C03,120.675038,24.160899,2
2022,12,14,21,27,臺中市,龍井區,0,0,0,8,3,5,50,5,1,1,5,4,5,7,2,1,10,5,5,1,16,26,,,,,C03,,,1,,2,,,26,,1,18,,C03,120.542186,24.218676,3
2022,12,14,21,33,臺中市,西屯區,0,2,0,8,1,5,50,4,1,1,5,4,5,7,1,1,8,4,5,1,16,25,2,9,1,4,C02,7,5,1,9,2,12,,25,25,1,4,8,C02,120.620661,24.18428,2
2022,12,14,21,52,臺中市,西屯區,0,1,0,8,3,5,50,4,1,1,5,4,5,7,1,1,5,3,4,2,16,44,3,10,1,1,B01,7,5,1,4,2,5,,44,44,1,22,9,B01,120.635989,24.169183,2
2022,12,14,21,59,臺中市,西區,0,0,0,,,,,,,,,,,,,,,,,,,67,,,,,,,,,,,,,67,,1,,,,120.65908,24.143852,3
2022,12,14,22,0,臺中市,大雅區,0,0,0,8,,,30,,,,,,,,,,,,,,,23,,,,,B03,,,1,,2,,,23,,1,22,,B03,120.647891,24.223754,3
2022,12,14,22,1,臺中市,北區,0,0,0,8,3,5,50,5,1,1,5,4,5,7,2,1,10,5,5,2,12,6,,,,,B12,,,1,,2,,,6,,1,22,,B12,120.675988,24.158349,3
2022,12,14,22,5,臺中市,霧峰區,0,1,0,8,3,5,40,14,9,1,5,4,5,7,4,4,5,5,4,2,17,23,2,9,1,1,C03,7,9,1,10,2,14,,23,23,1,4,8,C03,120.68782,24.045888,2
2022,12,14,22,6,臺中市,北區,0,1,0,7,1,5,50,15,7,1,5,4,5,7,4,4,5,4,4,2,16,6,2,9,1,1,C03,7,5,1,10,2,12,,6,6,1,5,8,C03,120.68166,24.151718,2
2022,12,14,22,19,臺中市,沙鹿區,0,3,0,8,3,5,60,14,8,1,5,4,5,7,3,1,1,4,3,1,17,6,2,9,1,1,C03,7,11,1,10,2,13,,6,6,1,5,1,C03,120.583322,24.250189,2
2022,12,14,22,29,臺中市,北屯區,0,3,0,8,3,5,50,4,1,1,5,4,5,7,4,4,5,5,5,2,15,6,2,9,1,1,C03,7,9,1,10,2,14,,6,6,1,22,8,C03,120.677518,24.175444,2
2022,12,14,22,30,臺中市,沙鹿區,0,0,0,8,3,5,50,14,9,1,5,4,5,7,4,4,4,3,4,1,16,8,,,,,C03,,,1,,2,,,8,,1,22,,C03,120.579721,24.216728,3
2022,12,14,22,40,臺中市,大雅區,0,1,0,8,1,5,30,3,2,1,5,4,5,7,4,4,10,5,5,1,17,23,2,8,1,1,C03,7,9,1,10,2,12,,23,23,1,22,8,C03,120.646796,24.20702,2
2022,12,14,22,40,臺中市,沙鹿區,0,0,0,8,3,8,50,14,9,1,5,4,5,7,4,4,8,3,4,1,12,18,,,,,B03,,,1,,2,,,18,,1,18,,B03,120.575554,24.225974,3
2022,12,14,22,42,臺中市,沙鹿區,0,0,0,8,,,50,,,,,,,,,,,,,,,6,,,,,B03,,,1,,2,,,6,,1,22,,B03,120.563837,24.242915,3
2022,12,14,23,30,臺中市,北屯區,0,0,0,8,,,50,,,,,,,,,,,,,,,12,,,,,B03,,,1,,2,,,12,,1,21,,B03,120.701853,24.182528,3
2022,12,14,23,41,臺中市,北屯區,0,1,0,8,3,5,50,4,1,1,5,4,5,7,2,1,10,5,5,2,16,26,2,9,1,1,C03,7,5,1,10,3,14,,26,26,1,21,8,C03,120.694121,24.171123,2
2022,12,15,0,16,臺中市,沙鹿區,0,1,0,8,3,5,70,3,1,1,5,4,5,7,1,1,10,5,5,2,16,25,3,10,1,1,B03,7,9,1,8,2,1,,25,25,1,22,9,B03,120.621054,24.242287,2
2022,12,15,0,22,臺中市,北屯區,0,3,0,8,3,5,50,5,1,1,5,4,5,7,1,1,10,5,5,2,12,3,2,9,1,1,C03,7,9,1,10,2,12,,3,3,1,5,8,C03,120.6863,24.1882,2
2022,12,15,2,30,臺中市,南屯區,0,1,0,8,3,5,50,14,8,1,5,4,5,7,4,4,3,5,4,2,23,23,2,9,3,4,C03,7,9,4,7,5,11,,23,43,1,22,8,C03,120.587836,24.141625,2
2022,12,15,3,44,臺中市,北區,0,0,0,7,3,5,50,11,9,1,5,4,5,7,4,4,4,1,5,2,11,42,,,,,A12,,,1,,2,,,42,,1,4,,A12,120.662781,24.162002,3
2022,12,15,4,28,臺中市,北屯區,0,0,0,8,,,50,,,,,,,,,,,,,,,25,,,,,B03,,,1,,2,,,25,,1,21,,B03,120.687,24.1854,3
2022,12,15,5,54,臺中市,西屯區,0,1,0,8,1,5,40,14,8,1,5,4,5,7,4,4,1,5,1,2,18,42,2,9,1,1,C03,7,9,1,10,7,12,,42,42,1,22,8,C03,120.637192,24.159738,2
2022,12,15,6,16,臺中市,沙鹿區,0,2,0,7,2,5,50,4,1,1,4,4,5,7,1,1,10,5,5,2,16,26,2,7,1,1,C03,7,5,1,10,2,14,,26,26,1,20,8,C03,120.562456,24.233421,2
2022,12,15,6,40,臺中市,潭子區,0,0,0,8,,,50,,,,,,,,,,,,,,,23,,,,,C03,,,1,,2,,,23,,1,22,,C03,120.710406,24.229778,3
2022,12,15,6,45,臺中市,北區,0,0,0,6,1,5,50,3,2,1,4,4,5,7,4,4,8,1,5,2,13,23,,,,,B03,,,1,,1,,,23,,1,22,,B03,120.669136,24.170064,3
2022,12,15,6,45,臺中市,南區,0,0,0,8,,,50,,,,,,,,,,,,,,,23,,,,,B12,,,3,,2,,,23,23,1,22,,B12,120.657277,24.130548,3
2022,12,15,6,45,臺中市,龍井區,0,0,0,,,,50,,,,,,,,,,,,,,,23,,,,,B03,,,6,,2,,,23,,1,22,,B03,120.582017,24.176855,3
2022,12,15,7,5,臺中市,南屯區,0,0,0,,,,40,,,,,,,,,,,,,,,17,,,,,B03,,,1,,2,,,17,,1,22,,B03,120.602639,24.139284,3
2022,12,15,7,8,臺中市,沙鹿區,0,1,0,8,1,5,30,3,1,1,5,4,5,7,4,4,10,5,5,2,16,6,3,10,1,1,B03,7,5,1,8,2,1,,6,6,1,3,1,B03,120.552777,24.230555,2
2022,12,15,7,10,臺中市,潭子區,0,0,0,8,,,60,,,,,,,,,,,,,,,16,,,,,B03,,,1,,2,,,16,,1,22,,B03,120.707512,24.224737,3
2022,12,15,7,14,臺中市,北區,0,0,0,8,,,50,,,,,,,,,,,,,,,16,,,,,B12,,,1,,1,,,16,,1,22,,B12,120.680948,24.159108,3
2022,12,15,7,14,臺中市,北區,0,0,0,8,,,50,,,,,,,,,,,,,,,23,,,,,B12,,,1,,1,,,23,,1,5,,B12,120.683501,24.16684,3
2022,12,15,7,15,臺中市,南區,0,1,0,7,1,5,50,14,7,1,4,4,5,7,4,4,9,5,4,2,17,19,3,10,1,1,B03,7,1,1,8,2,8,,19,19,1,21,8,B03,120.660761,24.11201,2
2022,12,15,7,15,臺中市,北屯區,0,1,0,6,1,5,50,4,1,1,4,4,5,7,1,1,10,5,5,2,18,23,2,9,1,1,C03,7,9,1,9,2,12,,23,23,1,5,8,C03,120.686191,24.180056,2
2022,12,15,7,15,臺中市,東勢區,0,0,0,8,,,50,,,,,,,,,,,,,,,18,,,,,C03,,,1,,2,,,44,12,1,22,,C03,120.833075,24.241443,3
2022,12,15,7,16,臺中市,北屯區,0,0,0,8,,,70,,,,,,,,,,,,,,,7,,,,,B03,,,1,,1,,,7,,1,5,,B03,120.68847,24.201012,3
2022,12,15,7,19,臺中市,西區,0,1,0,7,1,5,50,4,1,1,5,4,5,7,1,1,5,5,5,2,18,43,2,9,3,4,C03,7,9,1,10,1,12,,43,43,1,21,8,C03,120.675378,24.133595,2
2022,12,15,7,19,臺中市,南區,0,0,0,,,,50,,,,,,,,,,,,,,,23,,,,,B03,,,1,,2,,,23,,1,21,,B03,120.650805,24.111714,3
2022,12,15,7,19,臺中市,西屯區,0,1,0,7,1,5,30,4,1,1,5,4,5,7,4,4,10,5,5,2,15,6,2,9,1,1,C03,7,9,1,10,2,11,,6,6,1,21,1,C03,120.615821,24.188001,2
2022,12,15,7,20,臺中市,北屯區,0,2,0,7,1,5,50,3,1,1,4,4,5,7,2,1,10,5,5,2,16,43,3,10,1,1,C03,7,9,3,18,2,11,,43,43,1,22,8,C03,120.69695,24.168753,2
2022,12,15,7,23,臺中市,太平區,0,1,0,8,1,5,50,14,9,1,5,4,5,7,4,4,1,4,5,2,16,42,3,10,1,1,B03,7,6,1,8,2,5,,42,42,1,21,8,B03,120.711935,24.143464,2
2022,12,15,7,25,臺中市,清水區,0,0,0,8,,,50,,,,,,,,,,,,,,,23,,,,,C03,,,3,,2,,,23,23,1,5,,C03,120.572242,24.269558,3
2022,12,15,7,27,臺中市,南屯區,0,0,0,8,,,50,,,,,,,,,,,,,,,23,,,,,A12,,,1,,2,,,23,,1,10,,A12,120.641196,24.141376,3
2022,12,15,7,30,臺中市,北屯區,0,1,0,6,1,5,50,3,1,1,4,4,5,7,2,1,10,5,5,2,17,42,2,9,3,4,C03,7,9,1,10,2,14,,42,42,1,21,8,C03,120.697155,24.169419,2
2022,12,15,7,32,臺中市,龍井區,0,1,0,8,1,5,60,3,9,1,5,4,5,7,4,4,5,5,5,1,18,23,2,9,1,1,C03,7,9,1,10,2,12,,23,23,1,12,1,C03,120.516226,24.195117,2
2022,12,15,7,33,臺中市,清水區,0,2,0,8,1,8,30,3,1,1,5,4,5,7,4,4,9,5,5,2,16,6,2,9,1,1,C03,7,5,1,10,2,12,,6,6,1,21,8,C03,120.562399,24.266346,2
2022,12,15,7,36,臺中市,神岡區,0,2,0,8,1,5,50,5,1,1,5,4,5,7,1,1,10,5,5,2,12,23,2,8,3,4,C03,7,9,1,10,2,11,,23,23,1,22,9,C03,120.694618,24.232781,2
2022,12,15,7,38,臺中市,東區,0,1,0,7,1,5,50,4,1,1,5,4,5,7,4,4,10,5,5,2,15,6,2,9,1,1,C03,7,9,2,18,2,14,11,6,6,1,5,8,C03,120.691673,24.127677,2
2022,12,15,7,39,臺中市,東區,0,1,0,8,1,5,50,4,1,1,5,4,5,7,1,1,10,5,5,2,16,9,3,10,1,1,B03,7,6,1,8,2,2,,9,9,1,22,8,B03,120.697163,24.133145,2
2022,12,15,7,39,臺中市,大里區,0,0,0,8,,,50,,,,,,,,,,,,,,,16,,,,,B12,,,1,,2,,,16,,1,22,,B12,120.679014,24.109352,3
2022,12,15,7,40,臺中市,大里區,0,0,0,8,,,50,,,,,,,,,,,,,,,42,,,,,C03,,,1,,2,,,42,,1,21,,C03,120.729377,24.093287,3
2022,12,15,7,40,臺中市,豐原區,0,2,0,8,1,5,60,4,1,1,5,4,5,7,1,1,1,3,1,1,11,8,2,8,1,1,C03,7,5,1,10,2,11,,8,8,1,22,5,C03,120.74766,24.266563,2
2022,12,15,7,43,臺中市,東區,0,0,0,8,1,5,50,4,1,1,5,4,5,7,4,4,10,5,5,2,13,23,3,10,1,1,C03,7,9,1,10,2,11,,23,23,2,5,8,C03,120.705886,24.137172,3
2022,12,15,7,44,臺中市,霧峰區,0,0,0,8,,,50,,,,,,,,,,,,,,,23,,,,,B03,,,1,,2,,,23,,1,22,,B03,120.718535,24.07942,3
2022,12,15,7,47,臺中市,中區,0,2,0,7,1,5,50,4,2,1,5,4,5,7,4,4,7,2,5,2,17,44,2,9,1,1,C03,7,9,1,10,1,11,,44,43,1,4,1,C03,120.677819,24.145231,2
2022,12,15,7,47,臺中市,北屯區,0,2,0,8,1,5,40,4,1,1,4,4,5,7,1,1,10,5,5,2,13,16,2,9,1,1,C03,7,9,1,10,2,11,14,16,16,1,5,8,C03,120.676676,24.177028,2
2022,12,15,7,50,臺中市,西區,0,0,0,8,,,50,,,,,,,,,,,,,,,10,,,,,B03,,,1,,2,,,10,,1,21,,B03,120.674962,24.138062,3
2022,12,15,7,50,臺中市,南區,0,0,0,8,1,5,50,14,8,1,5,4,5,7,4,4,5,5,4,2,14,12,3,10,1,1,B03,7,2,1,8,2,6,,12,12,1,5,8,B03,120.657938,24.110284,3
2022,12,15,7,50,臺中市,大肚區,0,0,0,,,,70,,,,,,,,,,,,,,,42,,,,,B12,,,1,,2,,,42,,1,21,,B12,120.548647,24.144671,3
2022,12,15,7,50,臺中市,后里區,0,1,0,8,1,5,30,4,1,1,5,4,5,7,4,4,10,5,5,2,16,8,3,10,1,1,C03,7,5,1,10,2,11,,8,8,1,21,1,C03,120.726547,24.308185,2
2022,12,15,7,51,臺中市,大雅區,0,2,0,8,1,5,30,4,1,1,5,4,5,7,4,4,10,5,5,2,15,6,2,9,1,1,C03,7,9,1,10,2,11,,6,6,1,21,8,C03,120.649072,24.228655,2
2022,12,15,7,52,臺中市,東區,0,1,0,8,1,5,50,4,1,1,5,4,5,7,1,1,10,5,5,2,17,23,3,10,1,1,C03,7,5,1,10,2,11,,23,23,1,21,8,C03,120.706344,24.136717,2
2022,12,15,7,57,臺中市,西屯區,0,2,0,7,1,5,50,14,9,1,5,4,5,7,4,4,5,4,5,2,16,7,2,9,1,1,C03,7,8,1,10,2,12,,7,7,1,21,1,C03,120.614401,24.178512,2
2022,12,15,7,58,臺中市,東區,0,1,0,8,1,5,50,4,1,1,5,4,5,7,1,1,10,5,5,2,17,42,3,10,1,1,C03,7,5,1,10,2,15,,42,42,1,22,8,C03,120.685744,24.141555,2
2022,12,15,7,58,臺中市,大里區,0,2,0,8,1,5,30,3,1,1,5,4,5,7,4,4,10,5,5,2,17,6,2,9,3,4,F01,7,5,8,20,2,16,,6,6,1,21,5,F01,120.714092,24.090364,2
2022,12,15,7,58,臺中市,太平區,0,1,0,7,1,5,50,14,9,1,4,4,5,7,4,4,10,5,5,2,16,26,3,10,1,1,B03,7,5,1,8,2,8,,44,26,1,21,8,B03,120.730537,24.112343,2
2022,12,15,8,0,臺中市,豐原區,0,1,0,8,1,5,30,14,9,1,5,4,5,7,4,4,10,5,5,2,13,16,2,9,1,1,C03,7,9,1,10,2,11,,16,16,1,21,8,C03,120.733063,24.263616,2
2022,12,15,8,1,臺中市,龍井區,0,0,0,8,,,30,,,,,,,,,,,,,,,23,,,,,B03,,,1,,2,,,23,,1,22,,B03,120.57566,24.184658,3
2022,12,15,8,7,臺中市,梧棲區,0,0,0,8,,,60,,,,,,,,,,,,,,,16,,,,,B03,,,1,,2,,,16,,1,3,,B03,120.524972,24.223831,3
2022,12,15,8,9,臺中市,大雅區,0,0,0,8,,,50,,,,,,,,,,,,,,,23,,,,,B03,,,1,,2,,,23,,1,22,,B03,120.61382,24.214504,3
2022,12,15,8,9,臺中市,霧峰區,0,0,0,8,,,70,,,,,,,,,,,,,,,7,,,,,B03,,,1,,2,,,7,,1,22,,B03,120.661428,24.05425,3
2022,12,15,8,13,臺中市,西屯區,0,1,0,7,1,5,30,3,1,1,5,4,5,7,4,4,10,5,5,2,17,6,3,10,1,4,C03,7,5,1,10,1,11,,6,6,1,22,8,C03,120.652762,24.167553,2
2022,12,15,8,16,臺中市,潭子區,0,1,0,8,1,5,30,4,1,1,5,4,5,7,4,4,10,5,5,2,15,6,2,9,1,1,C03,7,9,3,18,2,12,,6,6,1,22,8,C03,120.701938,24.214707,2
2022,12,15,8,16,臺中市,北區,0,2,0,8,1,5,50,4,9,1,5,4,5,7,1,1,1,4,5,2,13,16,2,7,1,1,C03,7,9,1,10,2,11,,16,16,1,5,5,C03,120.685163,24.163372,2
2022,12,15,8,17,臺中市,北屯區,0,0,0,8,,,50,,,,,,,,,,,,,,,23,,,,,B03,,,1,,1,,,23,,1,22,,B03,120.70672,24.167406,3
2022,12,15,8,20,臺中市,大肚區,0,0,0,8,,,50,,,,,,,,,,,,,,,17,,,,,B03,,,1,,2,,,17,,1,21,,B03,120.575565,24.172911,3
2022,12,15,8,22,臺中市,烏日區,0,0,0,8,,,30,,,,,,,,,,,,,,,6,,,,,C03,,,1,,2,,,6,,1,21,,C03,120.622234,24.107463,3
2022,12,15,8,26,臺中市,西區,0,0,0,8,1,5,50,14,9,1,5,4,5,7,4,4,5,5,5,2,14,12,,,,,C03,,,1,,1,,,12,,1,21,,C03,120.65945,24.147866,3
2022,12,15,8,26,臺中市,烏日區,0,0,0,8,,,50,,,,,,,,,,,,,,,23,,,,,B03,,,1,,2,,,23,23,1,22,,B03,120.608863,24.108038,3
2022,12,15,8,35,臺中市,北屯區,0,0,0,6,,,50,,,,,,,,,,,,,,,42,,,,,A11,,,1,,1,,,42,,1,22,,A11,120.7038,24.172885,3
2022,12,15,8,36,臺中市,西區,0,1,0,8,1,5,50,4,1,1,5,4,5,7,1,1,1,5,1,2,12,23,2,9,3,4,C03,7,9,1,10,9,12,,23,23,1,21,8,C03,120.665472,24.153706,2
2022,12,15,8,39,臺中市,北屯區,0,1,0,8,1,5,50,14,7,1,5,4,5,7,4,4,5,5,4,2,12,19,2,9,1,1,C03,7,1,4,11,2,12,,19,19,1,5,8,C03,120.69509,24.183816,2