年,月,日,時,分,縣市,區,死,受傷,2-30,天候,光線,道路類別,速限,道路型態,事故位置,路面鋪裝,路面狀態,路面缺陷,障礙物,視距,號誌種類,號誌動作,分向設施,快車道或一般車道間,快慢車道間,路面邊線,事故類型及型態,主要肇因,受傷程度,主要傷處,保護裝備,行動電話,當事者區分,車輛用途,當事者行動狀態,駕駛資格情形,駕駛執照種類,飲酒情形,車輛撞擊部位最初,車輛撞擊部位其他,肇事因素個別,肇事因素主要,肇事逃逸,職業,旅次目的,車種,GPS緯度,GPS經度,事故類別
2022,12,15,8,40,臺中市,霧峰區,0,1,0,8,1,5,50,14,9,1,5,4,5,7,4,4,9,5,5,1,17,19,3,10,3,4,B03,7,1,1,8,2,7,,19,19,1,21,5,B03,120.704383,24.07185,2
2022,12,15,8,46,臺中市,西區,0,0,0,,,,50,,,,,,,,,,,,,,,23,,,,,B03,,,1,,1,,,23,,1,20,,B03,120.670488,24.151252,3
2022,12,15,8,47,臺中市,北區,0,0,0,8,,,30,,,,,,,,,,,,,,,23,,,,,B03,,,1,,2,,,23,,1,22,,B03,120.684236,24.163827,3
2022,12,15,8,48,臺中市,大雅區,0,0,0,8,,,30,,,,,,,,,,,,,,,12,,,,,B11,,,1,,2,,,12,,1,22,,B11,120.663168,24.208908,3
2022,12,15,8,49,臺中市,北屯區,0,1,0,8,1,5,50,14,9,1,5,4,5,7,4,4,5,5,5,2,29,43,2,9,1,1,C03,7,9,1,10,2,12,,43,43,1,4,8,C03,120.699386,24.164263,2
2022,12,15,8,50,臺中市,梧棲區,0,0,0,,,,40,,,,,,,,,,,,,,,17,,,,,B03,,,1,,2,,,17,,1,4,,B03,120.532739,24.256243,3
2022,12,15,8,54,臺中市,西屯區,0,0,0,8,,,60,,,,,,,,,,,,,,,23,,,,,B12,,,1,,1,,,23,,1,22,,B12,120.630644,24.162295,3
2022,12,15,8,55,臺中市,西區,0,1,0,8,1,5,50,3,1,1,5,4,5,7,1,1,10,5,5,2,17,9,2,9,1,1,C03,7,6,1,10,2,12,,9,9,1,4,1,C03,120.673743,24.143297,2
2022,12,15,8,59,臺中市,西區,0,1,0,8,1,5,50,4,1,1,5,4,5,7,1,1,4,5,5,2,13,16,3,10,3,4,B03,7,9,1,8,2,1,,16,16,1,21,8,B03,120.661725,24.144333,2
2022,12,15,8,59,臺中市,西屯區,0,1,0,8,1,5,50,14,8,1,5,4,5,7,4,4,5,4,4,2,13,16,2,9,1,1,C03,7,9,1,10,2,11,,16,16,1,22,8,C03,120.637714,24.163374,2
2022,12,15,9,1,臺中市,南屯區,0,0,0,8,,,30,,,,,,,,,,,,,,,16,,,,,B03,,,1,8,2,,,16,16,1,12,,B03,120.63386,24.117678,3
2022,12,15,9,3,臺中市,太平區,0,0,0,8,,,50,,,,,,,,,,,,,,,12,,,,,B12,,,1,,1,,,12,,1,22,,B12,120.713333,24.152041,3
2022,12,15,9,5,臺中市,北區,0,2,0,8,1,5,40,4,2,1,5,4,5,7,1,1,1,4,4,2,12,43,2,7,1,1,C03,7,9,1,10,2,14,,43,43,1,5,5,C03,120.694453,24.155559,2
2022,12,15,9,5,臺中市,南屯區,0,0,0,8,,,50,,,,,,,,,,,,,,,6,,,,,B12,,,1,,1,,,6,,1,22,,B12,120.634329,24.152473,3
2022,12,15,9,14,臺中市,北區,0,0,0,8,,,50,,,,,,,,,,,,,,,23,,,,,C03,,,1,,2,,,23,,1,22,,C03,120.677303,24.151254,3
2022,12,15,9,14,臺中市,南屯區,0,0,0,,,,50,,,,,,,,,,,,,,,23,,,,,B12,,,1,,1,,,23,,1,22,,B12,120.614025,24.139097,3
2022,12,15,9,33,臺中市,西區,0,2,0,8,1,5,50,4,1,1,5,4,5,7,1,1,1,5,5,2,12,23,2,9,3,4,C03,7,9,1,10,2,14,,23,23,1,21,8,C03,120.675956,24.133098,2
2022,12,15,9,33,臺中市,豐原區,0,0,0,8,,,30,,,,,,,,,,,,,,,23,,,,,B03,,,1,,2,,,23,23,1,22,,B03,120.747806,24.266848,3
2022,12,15,9,34,臺中市,西屯區,0,0,0,8,,,50,,,,,,,,,,,,,,,17,,,,,B03,,,1,,2,,,17,17,1,21,,B03,120.62758,24.18286,3
2022,12,15,9,37,臺中市,北屯區,0,1,0,8,1,5,30,4,1,1,5,4,5,7,4,4,10,5,5,2,15,6,3,10,3,4,B03,7,9,1,8,2,1,,6,6,1,21,8,B03,120.702035,24.169018,2
2022,12,15,9,38,臺中市,北屯區,0,0,0,8,,,50,,,,,,,,,,,,,,,23,,,,,B02,,,1,,1,,,23,,1,5,,B02,120.694983,24.183676,3
2022,12,15,9,41,臺中市,西區,0,2,0,8,1,5,50,4,2,1,5,4,5,7,1,1,5,4,5,2,17,23,2,9,1,1,C03,7,9,2,18,2,11,,23,23,1,5,7,C03,120.661673,24.150865,2
2022,12,15,9,45,臺中市,西區,0,0,0,8,,,50,,,,,,,,,,,,,,,23,,,,,B03,,,1,,1,,,23,,1,21,,B03,120.659214,24.153783,3
2022,12,15,9,46,臺中市,北屯區,0,1,0,8,1,5,50,5,1,1,5,4,5,7,1,1,10,5,5,2,16,6,3,10,1,1,B03,7,6,1,8,2,2,,6,6,1,5,8,B03,120.697653,24.170341,2
2022,12,15,9,53,臺中市,東區,0,1,0,8,1,5,50,5,1,1,5,4,5,7,2,1,3,4,4,2,13,16,3,10,1,1,C03,7,9,1,10,2,11,,16,16,1,21,8,C03,120.693452,24.133073,2
2022,12,15,9,58,臺中市,南區,0,2,0,8,1,5,50,4,2,1,5,4,5,7,1,1,5,4,5,2,13,16,2,9,1,1,C03,7,9,1,10,2,11,,16,16,1,22,8,C03,120.661968,24.129775,2
2022,12,15,10,1,臺中市,西區,0,1,0,8,1,5,50,4,1,1,5,4,5,7,2,1,10,5,5,2,16,7,3,10,1,1,B03,7,8,1,8,2,2,,7,7,1,20,8,B03,120.670485,24.133675,2
2022,12,15,10,5,臺中市,西屯區,0,1,0,8,1,5,50,4,2,1,5,4,5,7,4,4,5,4,4,2,3,23,3,10,1,1,B03,7,9,1,8,2,1,,23,23,1,22,8,B03,120.646341,24.171397,2
2022,12,15,10,10,臺中市,太平區,0,1,0,8,1,5,50,4,7,1,5,4,5,7,2,1,5,5,4,1,16,7,2,8,1,1,C03,7,7,1,10,2,14,,7,7,1,22,8,C03,120.716658,24.158722,2
2022,12,15,10,10,臺中市,大甲區,0,1,0,8,1,5,50,3,1,1,5,4,5,7,1,1,10,5,5,2,16,26,3,10,1,1,B03,7,5,1,8,2,5,,26,26,1,22,9,B03,120.636665,24.346759,2
2022,12,15,10,11,臺中市,大甲區,0,0,0,,,,50,,,,,,,,,,,,,,,23,,,,,B03,,,1,,1,,,23,16,1,22,,B03,120.627271,24.345781,3
2022,12,15,10,13,臺中市,豐原區,0,1,0,8,1,5,50,4,1,1,5,4,5,7,1,1,10,5,5,2,16,19,2,9,1,1,C03,7,1,1,8,2,11,,19,19,1,19,8,C03,120.716177,24.244177,2
2022,12,15,10,19,臺中市,龍井區,0,0,0,8,,,50,,,,,,,,,,,,,,,19,,,,,B03,,,1,,2,,,19,,1,22,,B03,120.581435,24.17497,3
2022,12,15,10,21,臺中市,沙鹿區,0,1,0,8,1,5,40,4,1,1,5,4,5,7,1,1,10,5,5,2,16,27,3,10,1,1,B03,7,6,1,8,2,2,,27,27,1,21,8,B03,120.562399,24.240498,2
2022,12,15,10,23,臺中市,南區,0,0,0,8,,,50,,,,,,,,,,,,,,,23,,,,,B03,,,1,,2,,,23,,1,22,,B03,120.65256,24.113198,3
2022,12,15,10,24,臺中市,西區,0,0,0,8,1,5,50,4,1,1,5,4,5,7,4,4,5,5,5,2,14,44,,,,,B03,,,3,,1,,,44,,1,21,,B03,120.676163,24.137142,3
2022,12,15,10,26,臺中市,西區,0,0,0,8,,,50,,,,,,,,,,,,,,,38,,,,,C03,,,1,,1,,,38,,1,10,,C03,120.659152,24.150695,3
2022,12,15,10,30,臺中市,西區,0,1,0,8,1,5,50,4,1,1,5,4,5,7,2,1,10,5,5,2,17,19,3,10,1,1,C03,7,1,1,10,2,15,,19,19,1,21,8,C03,120.676936,24.135079,2
2022,12,15,10,33,臺中市,北區,0,1,0,8,1,5,50,4,9,1,5,4,5,7,1,1,5,5,5,2,13,23,3,10,1,1,B01,7,9,1,4,2,1,,23,23,1,5,5,B01,120.691953,24.160123,2
2022,12,15,10,35,臺中市,后里區,0,1,0,8,1,5,30,3,1,1,5,4,5,7,4,4,10,5,5,2,3,53,3,10,4,5,H01,8,20,8,20,2,16,,53,53,1,22,8,H01,120.725073,24.30778,2
2022,12,15,10,37,臺中市,沙鹿區,0,1,0,8,1,5,50,3,1,1,5,4,5,7,4,4,9,5,5,2,17,10,3,10,1,1,B03,7,11,1,8,2,8,,10,10,1,12,5,B03,120.568719,24.229312,2
2022,12,15,10,40,臺中市,南屯區,0,1,0,8,1,5,50,4,1,1,5,4,5,7,1,1,10,5,5,2,15,25,3,10,1,1,B03,7,9,1,8,2,8,1,25,25,1,5,8,B03,120.644306,24.133478,2
2022,12,15,10,46,臺中市,西區,0,0,0,,,,50,,,,,,,,,,,,,,,23,,,,,B03,,,1,,1,,,23,,1,22,,B03,120.673517,24.147762,3
2022,12,15,10,49,臺中市,西區,0,2,0,8,1,5,50,4,1,1,5,4,5,7,1,1,5,5,5,2,16,6,2,9,3,4,C03,7,5,1,10,2,11,,6,6,1,21,8,C03,120.660177,24.142957,2
2022,12,15,10,50,臺中市,烏日區,0,1,0,8,1,5,30,4,1,1,5,4,5,7,4,4,10,5,5,2,16,6,3,10,1,1,B12,7,9,3,18,2,1,5,6,6,1,21,8,B12,120.646308,24.076153,2
2022,12,15,10,51,臺中市,沙鹿區,0,1,0,8,1,5,50,14,9,1,5,4,5,7,4,4,9,5,5,2,17,40,3,10,2,1,B03,7,14,1,3,2,4,,40,40,1,4,8,B03,120.557158,24.233613,2
2022,12,15,10,52,臺中市,南屯區,0,0,0,8,,,50,,,,,,,,,,,,,,,23,,,,,B11,,,1,,1,,,23,,1,22,,B11,120.623497,24.149515,3
2022,12,15,10,56,臺中市,南屯區,0,0,0,8,,,50,,,,,,,,,,,,,,,12,,,,,B03,,,1,8,1,,,12,12,1,12,,B03,120.628206,24.140582,3
2022,12,15,11,0,臺中市,南屯區,0,0,0,8,,,50,,,,,,,,,,,,,,,43,,,,,B02,,,1,,9,,,43,,1,22,,B02,120.639898,24.142642,3
2022,12,15,11,15,臺中市,潭子區,0,0,0,8,,,60,,,,,,,,,,,,,,,19,,,,,B03,,,1,,2,,,19,,1,22,,B03,120.702667,24.19032,3
2022,12,15,11,17,臺中市,大里區,0,1,0,8,1,5,50,14,9,1,5,4,5,7,4,4,9,4,5,1,16,19,2,9,3,4,C03,7,1,1,10,2,14,,19,19,1,22,9,C03,120.678733,24.105271,2
2022,12,15,11,17,臺中市,大甲區,0,0,0,8,,,70,,,,,,,,,,,,,,,23,,,,,B03,,,1,,1,,,23,,1,9,,B03,120.643331,24.400369,3
2022,12,15,11,18,臺中市,西區,0,2,0,7,1,5,30,4,1,1,5,4,5,7,4,4,10,5,5,2,15,6,2,9,1,1,C03,7,9,1,10,2,11,,6,6,1,22,8,C03,120.659397,24.145541,2
2022,12,15,11,19,臺中市,大雅區,0,0,0,8,,,50,,,,,,,,,,,,,,,23,,,,,B03,,,1,,9,,,23,,1,22,,B03,120.630509,24.240942,3
2022,12,15,11,20,臺中市,西區,0,1,0,8,1,5,50,14,9,1,5,4,5,7,4,4,5,2,5,2,13,23,3,10,1,1,B03,7,9,1,8,2,1,,23,23,1,19,7,B03,120.662432,24.161407,2
2022,12,15,11,26,臺中市,龍井區,0,0,0,8,,,60,,,,,,,,,,,,,,,23,,,,,B03,,,1,,1,,,23,,1,21,,B03,120.587504,24.185667,3
2022,12,15,11,30,臺中市,清水區,0,1,0,8,1,5,40,14,7,1,5,4,5,7,4,4,1,4,4,1,16,10,2,9,1,1,C03,7,11,1,10,2,11,,10,10,1,5,5,C03,120.578589,24.27772,2
2022,12,15,11,33,臺中市,西屯區,0,1,0,6,1,5,40,14,8,1,4,4,5,7,4,4,1,4,1,2,17,42,2,9,1,1,C03,7,8,1,10,2,14,,42,42,1,18,8,C03,120.639523,24.168548,2
2022,12,15,11,37,臺中市,南屯區,0,1,0,6,1,5,50,4,2,1,4,4,5,7,1,1,1,4,5,2,17,23,2,9,1,1,C03,7,15,1,10,2,11,12,23,23,1,5,8,C03,120.646545,24.129445,2
2022,12,15,11,41,臺中市,大里區,0,2,0,8,1,5,40,14,9,1,5,4,5,7,4,4,10,5,5,1,16,19,2,9,3,4,C03,7,1,3,18,2,11,,19,19,1,22,9,C03,120.671706,24.095279,2
2022,12,15,11,45,臺中市,豐原區,0,1,0,6,1,5,40,4,1,1,4,4,5,7,1,1,10,5,5,2,18,42,2,9,1,1,C03,7,9,1,10,2,12,,42,42,1,22,8,C03,120.706875,24.243799,2
2022,12,15,11,46,臺中市,大里區,0,1,0,8,1,5,30,4,1,1,5,4,5,7,4,4,10,5,5,2,17,6,2,9,1,1,C03,7,9,1,10,2,12,,6,6,1,21,5,C03,120.713537,24.084794,2
2022,12,15,11,47,臺中市,后里區,0,1,0,8,1,5,50,3,2,1,4,4,5,7,2,1,5,5,4,1,17,8,3,10,1,1,C03,7,5,1,10,2,15,,8,8,1,22,8,C03,120.716941,24.309751,2
2022,12,15,11,50,臺中市,龍井區,0,1,0,8,1,5,30,4,1,1,5,4,5,7,4,4,10,5,5,2,16,6,2,7,3,4,C03,7,5,1,10,2,14,,6,6,1,22,9,C03,120.582394,24.177462,2
2022,12,15,11,59,臺中市,大里區,0,1,0,8,1,5,50,4,1,1,5,4,5,7,4,4,10,5,5,2,15,6,3,10,1,1,C03,7,9,1,10,2,12,,6,6,1,4,5,C03,120.691039,24.087474,2
2022,12,15,12,1,臺中市,梧棲區,0,1,0,8,1,5,50,4,1,1,5,4,5,7,3,1,10,5,5,2,16,26,3,10,1,1,B03,7,6,1,8,2,2,,26,26,1,5,1,B03,120.526695,24.222981,2
2022,12,15,12,4,臺中市,大雅區,0,0,0,8,,,50,,,,,,,,,,,,,,,25,,,,,B12,,,1,,2,,,25,,1,22,,B12,120.651344,24.20979,3
2022,12,15,12,4,臺中市,神岡區,0,0,0,8,,,60,,,,,,,,,,,,,,,7,,,,,A12,,,1,,2,,,7,,1,22,,A12,120.711128,24.261644,3
2022,12,15,12,8,臺中市,大里區,0,2,0,8,1,5,50,14,9,1,5,4,5,7,4,4,5,5,5,1,17,41,2,8,3,2,C03,7,9,1,10,2,11,,41,41,1,21,5,C03,120.705322,24.087729,2
2022,12,15,12,11,臺中市,北區,0,1,0,8,1,8,50,4,2,1,5,4,5,7,2,1,3,2,4,1,16,26,2,7,3,4,C03,7,5,1,10,2,11,,26,26,1,22,9,C03,120.676852,24.155758,2
2022,12,15,12,12,臺中市,潭子區,0,1,0,8,1,8,50,15,22,1,5,4,5,7,4,4,10,5,5,2,18,43,2,9,1,1,F01,7,9,8,20,2,15,,43,43,1,22,9,F01,120.705153,24.204675,2
2022,12,15,12,12,臺中市,沙鹿區,0,2,0,8,1,5,70,3,1,1,5,4,5,7,2,1,10,5,5,2,16,25,2,2,1,1,B03,7,5,1,8,2,2,,25,25,1,12,5,B03,120.581194,24.209758,2
2022,12,15,12,12,臺中市,清水區,0,2,0,8,1,5,30,4,1,1,5,4,5,7,4,4,10,5,5,2,15,6,2,9,1,1,C03,7,9,3,18,2,12,,6,6,1,19,5,C03,120.559705,24.266808,2
2022,12,15,12,13,臺中市,沙鹿區,0,0,0,8,,,60,,,,,,,,,,,,,,,42,,,,,C03,,,1,,2,,,42,,1,5,,C03,120.60816,24.246464,3
2022,12,15,12,13,臺中市,豐原區,0,0,0,8,,,30,,,,,,,,,,,,,,,5,,,,,B03,,,1,,1,,,5,5,1,22,,B03,120.72489,24.259138,3
2022,12,15,12,16,臺中市,太平區,0,1,0,8,1,5,50,3,1,1,5,4,5,7,1,1,10,5,5,2,16,8,3,10,1,1,C03,7,5,1,10,2,14,,8,6,1,22,8,C03,120.715866,24.127385,2
2022,12,15,12,18,臺中市,西區,0,1,0,8,1,5,50,4,1,1,5,4,5,7,4,4,10,5,5,2,16,19,3,10,1,1,B12,7,1,1,8,2,8,,19,19,1,22,9,B12,120.667898,24.142827,2
2022,12,15,12,18,臺中市,龍井區,0,0,0,8,,,50,,,,,,,,,,,,,,,23,,,,,C03,,,1,,1,,,23,,1,18,,C03,120.591289,24.181185,3
2022,12,15,12,18,臺中市,沙鹿區,0,0,0,8,,,70,,,,,,,,,,,,,,,23,,,,,B03,,,1,,2,,,23,,1,21,,B03,120.614916,24.244046,3
2022,12,15,12,20,臺中市,霧峰區,0,0,0,8,,,60,,,,,,,,,,,,,,,9,,,,,A05,,,1,,2,,,9,,1,22,,A05,120.691891,24.043653,3
2022,12,15,12,22,臺中市,沙鹿區,0,0,0,8,,,40,,,,,,,,,,,,,,,40,,,,,B03,,,1,,2,,,40,,1,18,,B03,120.574801,24.227178,3
2022,12,15,12,25,臺中市,太平區,0,1,0,8,1,8,50,5,1,1,5,4,5,7,2,1,10,5,5,2,16,26,2,9,1,1,C03,7,5,3,18,2,14,,26,26,1,22,8,C03,120.712988,24.143802,2
2022,12,15,12,30,臺中市,沙鹿區,0,1,0,8,1,5,50,14,7,1,5,4,5,7,4,4,9,5,4,2,2,23,3,10,1,1,C03,7,9,1,10,11,12,,23,23,2,20,7,C03,120.575752,24.225742,2
2022,12,15,12,32,臺中市,東區,0,0,0,8,1,5,50,4,2,1,5,4,5,7,3,1,10,5,5,2,17,23,3,10,1,1,B12,7,6,1,7,2,6,,23,23,1,10,8,B12,120.692312,24.149659,3
2022,12,15,12,42,臺中市,西屯區,0,0,0,8,,,40,,,,,,,,,,,,,,,23,,,,,C03,,,1,,1,,,23,,1,21,,C03,120.639559,24.15967,3
2022,12,15,12,42,臺中市,東勢區,0,2,0,8,1,5,50,4,1,1,5,4,5,7,1,1,10,5,5,2,17,25,2,9,1,1,C03,7,9,1,10,2,12,,44,25,1,22,8,C03,120.8291,24.26084,2
2022,12,15,12,43,臺中市,西屯區,0,0,0,8,,,30,,,,,,,,,,,,,,,23,,,,,B03,,,1,,1,,,23,,1,22,,B03,120.63879,24.179378,3
2022,12,15,12,53,臺中市,神岡區,0,2,0,8,1,5,50,3,1,1,5,4,5,7,1,1,5,5,5,2,17,42,2,9,3,4,C03,7,9,1,10,2,11,,42,42,1,22,9,C03,120.673208,24.253841,2
2022,12,15,12,55,臺中市,龍井區,0,0,0,8,,,30,,,,,,,,,,,,,,,42,,,,,B12,,,1,,2,,,42,,1,22,,B12,120.576517,24.183358,3
2022,12,15,13,8,臺中市,南區,0,1,0,7,1,5,50,11,22,1,5,4,5,7,4,4,1,5,5,2,13,23,3,10,1,1,B03,7,11,1,8,2,8,,23,23,1,21,8,B03,120.646175,24.111073,2
2022,12,15,13,10,臺中市,東區,0,0,0,,,,40,,,,,,,,,,,,,,,23,,,,,B03,,,1,,2,,,23,,1,21,,B03,120.69439,24.138567,3
2022,12,15,13,15,臺中市,東區,0,1,0,8,1,5,50,4,1,1,5,4,5,7,1,1,10,5,5,2,16,23,2,9,1,1,C03,7,9,1,10,2,11,,23,23,1,22,8,C03,120.68295,24.134424,2
2022,12,15,13,36,臺中市,東區,0,2,0,8,1,5,50,4,1,1,5,4,5,7,4,4,10,5,5,2,15,6,2,9,1,1,C03,7,9,1,10,2,12,,6,6,1,22,8,C03,120.703969,24.135645,2
2022,12,15,13,36,臺中市,豐原區,0,2,0,8,1,5,50,4,1,1,5,4,5,7,1,1,5,5,5,1,13,16,2,9,1,1,C03,7,9,1,10,2,11,,16,16,1,21,8,C03,120.722916,24.236316,2
2022,12,15,13,39,臺中市,太平區,0,0,0,8,,,30,,,,,,,,,,,,,,,23,,,,,B03,,,1,,2,,,23,,1,22,,B03,120.707175,24.125202,3
2022,12,15,13,52,臺中市,北屯區,0,0,0,8,,,40,,,,,,,,,,,,,,,12,,,,,B03,,,1,,2,,,12,,1,5,,B03,120.688738,24.173125,3
2022,12,15,14,0,臺中市,霧峰區,0,0,0,,,,50,,,,,,,,,,,,,,,9,,,,,B03,,,1,,2,,,9,,1,4,,B03,120.6963,24.054327,3
2022,12,15,14,5,臺中市,豐原區,0,0,0,8,,,60,,,,,,,,,,,,,,,6,,,,,B03,,,1,,2,,,6,6,1,22,,B03,120.747426,24.26664,3
2022,12,15,14,7,臺中市,和平區,0,0,0,6,,,50,,,,,,,,,,,,,,,67,,,,,,,,,,,,,67,,1,,,,121.248256,24.254688,4
2022,12,15,14,30,臺中市,西屯區,0,0,0,8,,,50,,,,,,,,,,,,,,,43,,,,,,,,,,,,,43,,1,,,,120.647135,24.168746,3
2022,12,15,14,32,臺中市,南屯區,0,0,0,8,1,5,50,4,2,1,5,4,5,7,2,1,1,2,5,2,13,16,3,10,1,1,B12,7,9,6,18,2,1,,16,16,1,12,4,B12,120.62267,24.140394,3
2022,12,15,14,33,臺中市,西屯區,0,0,0,8,,,50,,,,,,,,,,,,,,,7,,,,,A31,,,1,,2,,,7,,1,21,,A31,120.653028,24.166923,3
2022,12,15,14,39,臺中市,北區,0,0,0,8,1,5,50,14,7,1,5,4,5,7,4,4,9,4,4,2,12,7,3,10,1,1,B03,7,15,1,8,2,8,,7,7,1,5,5,B03,120.678611,24.171293,3
2022,12,15,14,47,臺中市,潭子區,0,0,0,8,,,50,,,,,,,,,,,,,,,23,,,,,B03,,,1,,2,,,23,,1,22,,B03,120.702037,24.200944,3
2022,12,15,14,47,臺中市,北屯區,0,2,0,8,1,5,40,4,1,1,5,4,5,7,2,1,10,5,5,2,13,13,2,9,1,1,C03,7,9,1,10,2,11,12,13,13,1,5,8,C03,120.68565,24.174368,2
2022,12,15,14,48,臺中市,西區,0,0,0,,,,50,,,,,,,,,,,,,,,23,,,,,B03,,,6,,2,,,23,,1,20,,B03,120.65746,24.152523,3
2022,12,15,14,48,臺中市,北區,0,2,0,8,1,5,50,14,8,1,5,4,5,7,4,4,5,4,4,1,16,7,2,9,3,4,C03,7,7,4,10,2,14,,7,7,1,22,9,C03,120.674097,24.163758,2
2022,12,15,14,49,臺中市,大里區,0,0,0,8,,,40,,,,,,,,,,,,,,,14,,,,,B03,,,1,,2,,,14,,1,22,,B03,120.691319,24.113356,3
2022,12,15,14,49,臺中市,清水區,0,0,0,8,1,5,70,14,7,1,5,4,5,7,1,1,1,4,4,1,13,23,3,10,1,1,B03,7,9,1,8,1,1,,23,23,1,5,1,B03,120.575202,24.278148,3
2022,12,15,14,51,臺中市,北區,0,0,0,,,,50,,,,,,,,,,,,,,,23,,,,,B03,,,1,,1,,,23,,1,21,,B03,120.669029,24.162616,3
2022,12,15,14,51,臺中市,北屯區,0,0,0,8,,,50,,,,,,,,,,,,,,,16,,,,,B03,,,1,,1,,,16,,1,5,,B03,120.738255,24.178976,3
2022,12,15,14,58,臺中市,后里區,0,0,0,8,1,5,50,4,2,1,5,4,5,7,1,1,4,4,5,1,16,19,3,10,1,1,B03,7,1,1,8,1,8,,19,19,1,4,8,B03,120.711438,24.304511,3
2022,12,15,15,6,臺中市,南屯區,0,0,0,,,,50,,,,,,,,,,,,,,,23,,,,,C03,,,1,,1,,,23,,1,22,,C03,120.640174,24.141468,3
2022,12,15,15,6,臺中市,大安區,0,0,0,8,,,50,,,,,,,,,,,,,,,23,,,,,B03,,,1,,2,,,23,23,1,19,,B03,120.58613,24.34633,3
2022,12,15,15,7,臺中市,北屯區,0,1,0,8,1,5,50,14,7,1,5,4,5,7,4,4,9,4,4,2,16,10,3,10,1,1,B03,7,11,1,8,2,8,,10,10,1,22,8,B03,120.724096,24.172351,2
2022,12,15,15,7,臺中市,太平區,0,0,0,8,,,50,,,,,,,,,,,,,,,12,,,,,B12,,,1,,2,,,12,,1,21,,B12,120.716484,24.127752,3
2022,12,15,15,9,臺中市,沙鹿區,0,0,0,8,,,50,,,,,,,,,,,,,,,12,,,,,B03,,,1,,2,,,12,,1,22,,B03,120.573777,24.22704,3
2022,12,15,15,10,臺中市,沙鹿區,0,1,0,8,1,5,50,4,1,1,5,4,5,3,4,4,10,5,5,2,16,6,3,10,1,1,B03,7,9,1,8,2,8,,14,6,1,22,9,B03,120.567774,24.230819,2
2022,12,15,15,13,臺中市,西屯區,0,0,0,8,,,40,,,,,,,,,,,,,,,42,,,,,C03,,,1,,1,,,42,,1,22,,C03,120.598482,24.181904,3
2022,12,15,15,16,臺中市,西屯區,0,1,0,8,1,5,30,4,1,1,5,4,5,7,4,4,10,5,5,2,17,6,3,10,3,4,B03,7,9,1,8,2,5,,6,6,1,22,9,B03,120.633639,24.196229,2
2022,12,15,15,18,臺中市,西屯區,0,0,0,8,,,50,,,,,,,,,,,,,,,16,,,,,B03,,,1,,1,,,16,,1,22,,B03,120.61557,24.189421,3
2022,12,15,15,20,臺中市,霧峰區,0,0,0,8,,,40,,,,,,,,,,,,,,,23,,,,,C03,,,1,,2,,,23,,1,18,,C03,120.700946,24.066745,3
2022,12,15,15,21,臺中市,北屯區,0,0,0,8,,,50,,,,,,,,,,,,,,,12,,,,,B11,,,1,,1,,,12,,1,22,,B11,120.705889,24.192484,3
2022,12,15,15,32,臺中市,西屯區,0,0,0,8,,,50,,,,,,,,,,,,,,,3,,,,,B03,,,1,,1,,,3,,1,22,,B03,120.613781,24.173396,3
2022,12,15,15,37,臺中市,大里區,0,2,0,8,1,5,50,4,1,1,5,4,5,7,4,4,10,5,5,2,15,6,2,8,1,1,C03,7,9,1,10,2,12,,6,6,1,18,8,C03,120.688116,24.086029,2
2022,12,15,15,48,臺中市,豐原區,0,1,0,8,1,5,50,14,9,1,5,4,5,7,4,4,5,5,5,1,17,23,2,9,1,1,C03,7,9,1,10,2,12,,23,23,1,22,8,C03,120.711772,24.254406,2
2022,12,15,15,49,臺中市,南區,0,0,0,8,,,50,,,,,,,,,,,,,,,17,,,,,C03,,,1,,2,,,17,,1,5,,C03,120.679916,24.12457,3
2022,12,15,15,50,臺中市,西屯區,0,1,0,8,1,5,30,11,9,1,5,4,5,7,4,4,10,5,5,2,18,42,2,9,3,4,C03,7,9,1,10,2,15,,42,42,1,22,9,C03,120.65976,24.197906,2
2022,12,15,15,58,臺中市,中區,0,0,0,8,,,50,,,,,,,,,,,,,,,26,,,,,B03,,,1,8,2,,,26,26,1,22,,B03,120.684921,24.137564,3
2022,12,15,15,58,臺中市,大里區,0,1,0,8,1,5,50,14,7,1,5,4,5,7,4,4,9,5,4,2,16,11,2,9,1,1,C03,7,11,1,10,2,12,,11,11,1,20,7,C03,120.692604,24.114908,2
2022,12,15,16,0,臺中市,大里區,0,2,0,8,1,5,50,14,9,1,5,4,5,7,4,4,5,5,4,2,12,17,3,10,1,1,B12,7,9,1,8,9,2,,17,17,2,22,4,B12,120.679611,24.095471,2
2022,12,15,16,5,臺中市,北屯區,0,2,0,8,1,5,30,4,1,1,5,4,5,7,4,4,10,5,5,2,15,6,2,9,1,1,C03,7,9,3,18,2,14,,6,6,1,21,8,C03,120.701456,24.184115,2
2022,12,15,16,7,臺中市,南屯區,0,1,0,8,2,5,40,14,8,1,5,4,5,7,4,4,1,4,1,2,13,42,2,9,1,1,C03,7,9,1,10,2,11,,42,42,1,20,5,C03,120.625731,24.156714,2
2022,12,15,16,7,臺中市,北屯區,0,0,0,8,,,40,,,,,,,,,,,,,,,42,,,,,B03,,,1,,1,,,42,,1,21,,B03,120.720707,24.168515,3