年,月,日,時,分,縣市,區,死,受傷,2-30,天候,光線,道路類別,速限,道路型態,事故位置,路面鋪裝,路面狀態,路面缺陷,障礙物,視距,號誌種類,號誌動作,分向設施,快車道或一般車道間,快慢車道間,路面邊線,事故類型及型態,主要肇因,受傷程度,主要傷處,保護裝備,行動電話,當事者區分,車輛用途,當事者行動狀態,駕駛資格情形,駕駛執照種類,飲酒情形,車輛撞擊部位最初,車輛撞擊部位其他,肇事因素個別,肇事因素主要,肇事逃逸,職業,旅次目的,車種,GPS緯度,GPS經度,事故類別
2022,12,16,4,29,臺中市,西屯區,0,1,0,8,3,5,50,3,1,1,5,4,5,7,4,4,5,4,5,2,3,51,2,9,3,5,H01,8,16,8,20,10,16,,51,51,1,22,8,H01,120.656903,24.163436,2
2022,12,16,5,29,臺中市,北屯區,0,0,0,8,,,50,,,,,,,,,,,,,,,23,,,,,B03,,,1,,2,,,23,,1,22,,B03,120.681481,24.172481,3
2022,12,16,5,32,臺中市,東區,0,1,0,8,3,5,50,3,9,1,5,4,5,7,1,1,5,4,5,2,13,23,2,9,1,4,C03,7,9,1,10,2,11,,23,23,1,21,8,C03,120.702876,24.125403,2
2022,12,16,6,16,臺中市,大雅區,0,1,0,8,1,5,50,14,9,1,5,4,5,7,1,1,5,4,4,1,12,23,3,10,1,1,B03,7,9,1,8,2,1,,23,23,1,22,9,B03,120.650615,24.227402,2
2022,12,16,6,32,臺中市,豐原區,0,0,0,8,,,50,,,,,,,,,,,,,,,16,,,,,B03,,,1,,2,,,16,,1,21,,B03,120.70444,24.249941,3
2022,12,16,6,35,臺中市,西區,0,1,0,8,1,5,50,4,1,1,5,4,5,7,4,4,10,5,5,2,12,23,3,10,3,4,B03,7,9,1,8,2,2,,23,23,1,22,5,B03,120.674129,24.147149,2
2022,12,16,6,40,臺中市,西屯區,0,1,0,8,1,5,30,4,1,1,5,4,5,7,4,4,10,5,5,2,16,6,2,9,1,1,F01,7,5,8,20,2,16,,6,6,1,4,8,F01,120.618676,24.1754,2
2022,12,16,6,45,臺中市,西屯區,0,1,0,8,1,5,50,14,9,1,5,4,5,7,4,4,5,4,5,2,18,42,2,9,3,4,C03,7,9,1,10,2,14,,42,42,1,22,8,C03,120.654605,24.164424,2
2022,12,16,6,50,臺中市,龍井區,0,1,0,4,2,5,30,3,9,1,4,4,5,6,4,4,10,5,5,1,16,6,3,10,1,1,B03,7,5,1,8,2,8,,6,23,1,19,8,B03,120.578496,24.181793,2
2022,12,16,7,4,臺中市,大肚區,0,0,0,8,,,50,,,,,,,,,,,,,,,23,,,,,B03,,,1,,2,,,23,,1,22,,B03,120.581213,24.168397,3
2022,12,16,7,5,臺中市,大雅區,0,1,0,7,1,5,30,4,1,1,5,4,5,7,4,4,10,5,5,1,15,6,3,10,1,1,B03,7,9,1,8,2,7,,6,6,1,22,8,B03,120.66818,24.225103,2
2022,12,16,7,10,臺中市,烏日區,0,1,0,8,1,5,50,3,1,1,5,4,5,7,4,4,5,4,4,2,17,23,3,10,1,1,B03,7,14,1,8,2,2,,44,23,1,21,8,B03,120.634712,24.105173,2
2022,12,16,7,11,臺中市,北屯區,0,1,0,8,1,5,50,4,1,1,5,4,5,7,1,1,10,5,5,2,18,13,2,8,1,1,C03,7,9,1,10,2,12,,13,13,1,22,8,C03,120.688516,24.180206,2
2022,12,16,7,20,臺中市,東區,0,2,0,8,1,5,40,3,1,1,5,4,5,7,1,1,10,5,5,2,12,23,2,8,1,1,C03,7,9,1,10,2,11,,23,23,1,5,8,C03,120.691192,24.132024,2
2022,12,16,7,20,臺中市,南屯區,0,0,0,8,,,50,,,,,,,,,,,,,,,5,,,,,B03,,,1,,2,,,5,5,1,22,,B03,120.615004,24.151544,3
2022,12,16,7,23,臺中市,龍井區,0,0,0,8,,,60,,,,,,,,,,,,,,,7,,,,,B03,,,1,,2,,,7,,1,9,,B03,120.53553,24.220126,3
2022,12,16,7,28,臺中市,南區,0,1,0,7,1,5,50,5,1,1,5,4,5,7,4,4,10,5,5,2,15,6,2,9,1,1,C03,7,9,1,10,2,12,,6,6,1,21,8,C03,120.667271,24.12385,2
2022,12,16,7,28,臺中市,大里區,0,2,0,8,1,5,30,3,1,1,5,4,5,7,4,4,10,5,5,2,16,6,2,9,3,4,F02,7,5,8,20,2,16,,6,6,1,22,8,F02,120.729481,24.093639,2
2022,12,16,7,29,臺中市,太平區,0,1,0,8,2,5,50,14,9,1,5,4,5,7,4,4,9,5,5,2,13,23,2,9,1,1,C03,7,9,1,10,2,11,,23,23,1,22,8,C03,120.702508,24.155497,2
2022,12,16,7,30,臺中市,沙鹿區,0,1,0,8,1,5,50,3,1,1,5,4,5,7,4,4,1,3,4,2,17,9,3,10,1,1,B12,7,6,1,8,2,15,,9,9,1,4,8,B12,120.57013,24.218184,2
2022,12,16,7,32,臺中市,北屯區,0,0,0,8,,,50,,,,,,,,,,,,,,,6,,,,,B03,,,1,,2,,,6,6,1,5,,B03,120.663674,24.199574,3
2022,12,16,7,34,臺中市,大里區,0,1,0,8,1,5,40,4,9,1,5,4,5,7,1,1,5,5,5,1,16,23,2,9,1,1,C03,7,9,1,10,2,14,,23,23,1,5,8,C03,120.667356,24.096351,2
2022,12,16,7,35,臺中市,清水區,0,0,0,8,,,60,,,,,,,,,,,,,,,16,,,,,B03,,,1,,1,,,16,16,1,21,,B03,120.595673,24.303976,3
2022,12,16,7,36,臺中市,南屯區,0,0,0,,,,50,,,,,,,,,,,,,,,23,,,,,B03,,,1,,1,,,23,,1,4,,B03,120.621036,24.140044,3
2022,12,16,7,36,臺中市,大甲區,0,2,0,7,1,5,50,3,1,1,5,4,5,7,4,4,10,5,5,2,16,6,2,8,1,1,C03,7,5,1,10,2,11,,6,6,1,18,8,C03,120.616053,24.350052,2
2022,12,16,7,36,臺中市,豐原區,0,0,0,8,,,60,,,,,,,,,,,,,,,16,,,,,B03,,,1,,2,,,16,,1,4,,B03,120.703086,24.252047,3
2022,12,16,7,37,臺中市,西屯區,0,2,0,7,1,5,40,14,16,1,5,4,5,7,4,4,1,5,5,2,13,23,2,8,1,1,B12,7,9,1,8,2,5,,23,23,1,23,1,B12,120.636597,24.184902,2
2022,12,16,7,38,臺中市,北屯區,0,1,0,8,1,5,50,14,9,1,5,4,5,7,4,4,1,4,5,2,13,23,2,9,1,1,C03,7,9,1,10,2,11,14,23,23,1,5,8,C03,120.738358,24.178815,2
2022,12,16,7,39,臺中市,潭子區,0,2,0,8,1,5,50,14,9,1,5,4,5,7,4,4,9,4,4,1,17,16,2,9,1,1,C03,7,9,1,10,2,11,,16,16,1,22,8,C03,120.689511,24.218923,2
2022,12,16,7,42,臺中市,太平區,0,1,0,8,1,5,40,4,1,1,5,4,5,7,1,1,10,5,5,2,12,3,2,8,1,1,C03,7,15,1,10,2,14,12,3,3,1,22,8,C03,120.722361,24.112685,2
2022,12,16,7,44,臺中市,大甲區,0,1,0,7,1,5,30,4,1,1,4,4,5,7,4,4,10,5,5,2,15,6,3,10,1,1,B03,7,9,1,8,2,2,,6,6,1,20,8,B03,120.640996,24.405733,2
2022,12,16,7,45,臺中市,清水區,0,2,0,8,1,5,40,14,7,1,5,4,5,7,4,4,5,5,4,2,12,19,2,9,1,1,C03,7,1,1,10,2,14,,19,19,1,5,1,C03,120.54984,24.26986,2
2022,12,16,7,47,臺中市,烏日區,0,1,0,8,1,5,40,3,9,1,5,4,5,7,4,4,4,5,5,1,16,9,3,10,1,1,B03,7,6,1,8,2,6,,9,9,1,23,1,B03,120.643866,24.083346,2
2022,12,16,7,48,臺中市,大里區,0,0,0,8,,,50,,,,,,,,,,,,,,,9,,,,,B03,,,1,,1,,,9,,1,21,,B03,120.674555,24.097735,3
2022,12,16,7,49,臺中市,西屯區,0,1,0,8,1,5,50,15,9,1,5,4,5,7,4,4,9,5,5,2,17,16,2,9,1,4,C03,7,9,1,10,2,11,,16,16,1,22,8,C03,120.639595,24.179512,2
2022,12,16,7,50,臺中市,潭子區,0,0,0,8,,,40,,,,,,,,,,,,,,,6,,,,,C03,,,1,,2,,,6,,1,22,,C03,120.706244,24.215202,3
2022,12,16,7,50,臺中市,西屯區,0,0,0,8,,,1,,,,,,,,,,,,,,,12,,,,,B03,,,1,,1,,,44,12,1,22,,B03,120.650415,24.164332,3
2022,12,16,7,52,臺中市,北屯區,0,2,0,8,1,5,50,15,22,1,5,4,5,7,4,4,10,5,5,2,13,23,2,8,1,1,C03,7,9,1,10,2,11,,23,23,1,21,8,C03,120.722452,24.162296,2
2022,12,16,7,53,臺中市,大肚區,0,2,0,8,1,5,30,3,9,1,5,4,5,7,4,4,10,5,5,1,16,8,2,3,2,1,F03,7,5,8,20,2,16,,8,8,1,21,8,F03,120.570949,24.129674,2
2022,12,16,7,54,臺中市,潭子區,0,1,0,8,1,5,50,4,1,1,5,4,5,7,1,1,1,4,4,1,17,6,3,10,1,1,B03,7,5,1,8,2,2,,6,6,1,22,8,B03,120.705022,24.207144,2
2022,12,16,7,54,臺中市,太平區,0,0,0,8,,,50,,,,,,,,,,,,,,,7,,,,,F03,,,,,,16,,7,7,1,,,F03,120.71669,24.131489,3
2022,12,16,7,54,臺中市,龍井區,0,0,0,8,,,40,,,,,,,,,,,,,,,23,,,,,B03,,,1,,1,,,23,,1,22,,B03,120.592983,24.18288,3
2022,12,16,7,56,臺中市,潭子區,0,1,0,8,1,5,30,3,1,1,5,4,5,7,4,4,9,5,5,1,17,6,3,10,1,1,B03,7,6,1,8,2,4,,6,6,1,22,8,B03,120.698749,24.20603,2
2022,12,16,7,59,臺中市,南區,0,0,0,8,,,50,,,,,,,,,,,,,,,6,,,,,B03,,,1,,1,,,6,,1,22,,B03,120.660214,24.113181,3
2022,12,16,7,59,臺中市,南區,0,1,0,8,1,5,50,4,2,1,5,4,5,7,2,1,3,5,5,2,12,16,3,10,1,1,C03,7,9,1,10,2,14,,16,16,1,21,8,C03,120.670047,24.126452,2
2022,12,16,8,0,臺中市,潭子區,0,0,0,8,,,30,,,,,,,,,,,,,,,42,,,,,B03,,,1,,2,,,42,,1,22,,B03,120.706115,24.215336,3
2022,12,16,8,0,臺中市,南區,0,0,0,,,,50,,,,,,,,,,,,,,,7,,,,,B12,,,1,,2,,,7,,1,5,,B12,120.64913,24.121874,3
2022,12,16,8,0,臺中市,龍井區,0,1,0,8,1,5,50,14,9,1,5,4,5,7,4,4,5,5,5,2,12,6,2,8,1,1,C03,7,15,1,10,2,13,,6,6,1,21,1,C03,120.59,24.18,2
2022,12,16,8,1,臺中市,豐原區,0,1,0,8,1,5,30,14,9,1,5,4,5,7,4,4,10,5,5,2,17,19,3,10,1,1,B12,7,1,1,8,2,8,,19,19,1,22,8,B12,120.719978,24.264845,2
2022,12,16,8,3,臺中市,南屯區,0,2,0,8,1,5,50,4,1,1,5,4,5,7,1,1,10,5,5,2,16,6,2,1,1,1,B02,7,5,1,8,2,2,,6,6,1,5,8,B02,120.626161,24.140505,2
2022,12,16,8,4,臺中市,西屯區,0,0,0,8,,,40,,,,,,,,,,,,,,,23,,,,,B03,,,1,,2,,,23,,1,21,,B03,120.633299,24.172966,3
2022,12,16,8,5,臺中市,西屯區,0,2,0,8,1,5,30,14,9,1,5,4,5,7,4,4,10,5,5,2,16,6,3,10,3,4,B03,7,5,1,8,2,8,,6,6,1,22,8,B03,120.639423,24.17093,2
2022,12,16,8,7,臺中市,沙鹿區,0,1,0,8,1,5,30,12,9,1,5,4,5,3,4,4,10,5,5,2,16,5,3,10,1,1,B03,7,9,1,8,2,4,,5,5,1,22,9,B03,120.560654,24.231465,2
2022,12,16,8,11,臺中市,豐原區,0,0,0,8,1,5,50,3,2,1,5,4,5,7,4,4,5,5,4,2,16,10,3,10,1,1,B03,7,11,1,8,2,8,,10,10,1,21,8,B03,120.717712,24.242372,3
2022,12,16,8,13,臺中市,西區,0,0,0,8,,,50,,,,,,,,,,,,,,,6,,,,,C03,,,1,,2,,,6,,1,21,,C03,120.67364,24.150956,3
2022,12,16,8,13,臺中市,太平區,0,0,0,8,,,50,,,,,,,,,,,,,,,16,,,,,B03,,,1,,1,1,,16,16,1,22,,B03,120.721396,24.142479,3
2022,12,16,8,15,臺中市,豐原區,0,0,0,,,,60,,,,,,,,,,,,,,,23,,,,,B03,,,1,,9,,,23,,1,22,,B03,120.709538,24.249925,3
2022,12,16,8,16,臺中市,豐原區,0,1,0,8,1,5,30,14,9,1,5,4,5,7,4,4,10,5,5,1,17,19,3,10,1,1,C03,7,1,1,10,2,14,,19,19,1,4,1,C03,120.730177,24.26803,2
2022,12,16,8,17,臺中市,東區,0,0,0,8,,,50,,,,,,,,,,,,,,,67,,,,,,,,,,,,,67,,1,,,,120.687271,24.136178,3
2022,12,16,8,17,臺中市,大里區,0,1,0,8,1,5,50,5,2,1,5,4,5,7,2,1,5,4,4,1,12,9,3,10,1,1,C03,7,6,1,10,2,12,,9,9,1,5,8,C03,120.690013,24.109903,2
2022,12,16,8,20,臺中市,大雅區,0,2,0,8,1,5,30,11,9,1,5,4,5,7,4,4,10,4,5,1,17,12,3,10,1,1,B12,7,2,1,8,2,3,,12,12,1,22,9,B12,120.672145,24.210944,2
2022,12,16,8,20,臺中市,烏日區,0,0,0,8,,,60,,,,,,,,,,,,,,,23,,,,,B03,,,1,,2,,,23,,1,21,,B03,120.647836,24.079097,3
2022,12,16,8,21,臺中市,潭子區,0,0,0,8,,,30,,,,,,,,,,,,,,,6,,,,,B03,,,3,,2,,,14,,1,22,,B03,120.710244,24.203625,3
2022,12,16,8,28,臺中市,西區,0,1,0,8,1,5,50,4,1,1,5,4,5,7,1,1,5,5,5,2,12,9,3,10,3,4,B03,7,6,1,8,2,2,,9,9,1,21,8,B03,120.669414,24.138753,2
2022,12,16,8,32,臺中市,西區,0,1,0,8,1,5,50,14,9,1,5,4,5,7,4,4,5,4,5,2,17,6,3,10,1,1,B03,7,15,1,8,2,1,,6,6,1,19,7,B03,120.656559,24.146828,2
2022,12,16,8,34,臺中市,太平區,0,0,0,8,,,50,,,,,,,,,,,,,,,12,,,,,C04,,,1,,2,,,12,,1,22,,C04,120.704422,24.111286,3
2022,12,16,8,35,臺中市,后里區,0,1,0,8,2,5,50,4,1,1,5,4,5,7,4,4,5,5,5,1,13,16,2,9,1,1,C03,7,9,1,10,2,11,,16,16,1,22,8,C03,120.718613,24.295831,2
2022,12,16,8,36,臺中市,豐原區,0,0,0,8,,,30,,,,,,,,,,,,,,,12,,,,,B03,,,1,,2,,,12,,1,22,,B03,120.732711,24.237075,3
2022,12,16,8,40,臺中市,大雅區,0,1,0,8,1,5,50,3,1,1,5,4,5,6,4,4,3,4,4,1,16,10,3,10,1,1,B11,7,11,1,8,2,5,,10,10,1,22,8,B11,120.64967,24.214486,2
2022,12,16,8,45,臺中市,西區,0,1,0,8,1,5,50,4,1,1,5,4,5,7,2,1,10,5,5,2,17,43,2,9,1,1,C03,7,9,1,10,2,15,,43,43,1,20,8,C03,120.669801,24.150724,2
2022,12,16,8,48,臺中市,北區,0,0,0,8,,,50,,,,,,,,,,,,,,,12,,,,,B03,,,1,,2,,,12,,1,22,,B03,120.670651,24.160981,3
2022,12,16,8,50,臺中市,西屯區,0,0,0,8,,,50,,,,,,,,,,,,,,,7,,,,,A11,,,1,,2,,,7,,1,22,,A11,120.635799,24.171101,3
2022,12,16,8,58,臺中市,北區,0,2,0,8,1,5,40,14,8,1,5,4,5,7,4,4,3,4,4,2,12,19,2,9,3,4,C04,7,1,1,11,2,15,,19,19,1,5,8,C04,120.694207,24.154664,2
2022,12,16,9,0,臺中市,南屯區,0,0,0,,,,50,,,,,,,,,,,,,,,23,,,,,B03,,,1,,1,,,23,,1,4,,B03,120.623479,24.135648,3
2022,12,16,9,2,臺中市,南區,0,0,0,8,,,50,,,,,,,,,,,,,,,17,,,,,A41,,,1,,2,,,17,,1,10,,A41,120.657348,24.13381,3
2022,12,16,9,6,臺中市,南區,0,1,0,8,1,5,40,4,2,1,5,4,5,7,4,4,5,5,4,2,16,8,2,8,1,1,F01,7,5,8,20,2,16,,8,8,1,5,8,F01,120.683173,24.13011,2
2022,12,16,9,6,臺中市,大里區,0,3,0,8,1,5,50,14,8,1,5,4,5,7,4,4,3,4,4,2,2,23,2,9,1,1,C03,7,9,1,10,2,11,,23,23,1,22,8,C03,120.690421,24.123435,2
2022,12,16,9,8,臺中市,北屯區,0,1,0,8,1,5,50,14,7,1,5,4,5,7,4,4,5,5,5,1,17,26,3,10,1,1,B03,7,5,1,8,2,8,,26,26,1,5,8,B03,120.751748,24.1918,2
2022,12,16,9,10,臺中市,北屯區,0,0,0,8,,,50,,,,,,,,,,,,,,,26,,,,,B03,,,1,,1,,,26,,1,5,,B03,120.671673,24.173958,3
2022,12,16,9,10,臺中市,梧棲區,0,1,0,8,1,5,40,14,9,1,5,4,5,7,4,4,10,5,5,1,17,42,3,10,1,1,B12,7,15,1,7,2,5,,42,42,1,10,8,B12,120.542622,24.227016,2
2022,12,16,9,13,臺中市,新社區,0,0,0,8,,,30,,,,,,,,,,,,,,,6,,,,,B03,,,1,,2,,,6,,1,22,,B03,120.797827,24.226619,3
2022,12,16,9,16,臺中市,霧峰區,0,2,0,8,1,5,50,14,7,1,5,4,5,7,4,4,5,4,4,2,17,26,3,10,3,4,B12,7,11,1,8,3,4,,26,26,1,21,5,B12,120.715876,24.071627,2
2022,12,16,9,18,臺中市,北屯區,0,0,0,8,,,60,,,,,,,,,,,,,,,42,,,,,B03,,,1,,1,,,42,,1,21,,B03,120.727523,24.160937,3
2022,12,16,9,20,臺中市,神岡區,0,0,0,8,,,50,,,,,,,,,,,,,,,66,,,,,,,,,,,,,66,,1,,,,120.698518,24.235655,3
2022,12,16,9,23,臺中市,西區,0,1,0,8,1,5,50,3,2,1,5,4,5,7,4,4,1,4,4,1,16,38,3,10,1,1,B03,7,14,1,8,2,7,,38,38,1,21,8,B03,120.668879,24.142798,2
2022,12,16,9,25,臺中市,北屯區,0,1,0,8,1,5,50,4,1,1,5,4,5,7,3,1,10,5,5,2,15,6,2,9,1,1,C03,7,9,1,10,2,14,,6,6,1,22,8,C03,120.689691,24.190263,2
2022,12,16,9,26,臺中市,西屯區,0,0,0,8,,,50,,,,,,,,,,,,,,,42,,,,,A12,,,1,,2,,,42,,1,21,,A12,120.646855,24.195498,3
2022,12,16,9,27,臺中市,北區,0,0,0,8,,,50,,,,,,,,,,,,,,,23,,,,,B03,,,1,,2,,,23,,1,22,,B03,120.675528,24.168903,3
2022,12,16,9,27,臺中市,南屯區,0,1,0,8,1,5,40,3,1,1,5,4,5,7,1,1,1,2,1,2,13,23,2,9,1,1,C03,7,12,1,10,2,11,14,23,23,1,18,8,C03,120.59763,24.155351,2
2022,12,16,9,27,臺中市,大里區,0,2,0,8,1,5,50,14,9,1,5,4,5,7,4,4,5,5,5,1,17,16,2,8,3,4,C03,7,9,1,10,2,15,,16,16,1,22,8,C03,120.679166,24.082716,2
2022,12,16,9,30,臺中市,神岡區,0,0,0,8,,,50,,,,,,,,,,,,,,,42,,,,,C03,,,1,,1,,,42,,1,12,,C03,120.656585,24.251336,3
2022,12,16,9,33,臺中市,烏日區,0,1,0,8,1,5,50,14,9,1,5,4,5,7,4,4,5,4,5,1,16,26,3,10,1,1,B03,7,5,1,8,2,6,,26,26,1,21,7,B03,120.643538,24.07772,2
2022,12,16,9,38,臺中市,南區,0,0,0,,,,50,,,,,,,,,,,,,,,6,,,,,B03,,,1,,2,,,6,,1,21,,B03,120.660719,24.125173,3
2022,12,16,9,40,臺中市,東區,0,1,0,8,1,5,50,5,2,1,5,4,5,7,4,4,9,5,5,2,24,23,2,9,1,1,C03,7,9,4,11,2,11,,23,23,1,21,8,C03,120.70102,24.144201,2
2022,12,16,9,42,臺中市,北區,0,0,0,,,,50,,,,,,,,,,,,,,,7,,,,,B03,,,1,,1,,,7,,1,5,,B03,120.680948,24.159108,3
2022,12,16,9,46,臺中市,北屯區,0,0,0,8,,,50,,,,,,,,,,,,,,,12,,,,,B12,,,1,8,1,,,12,12,1,21,,B12,120.68343,24.171339,3
2022,12,16,9,47,臺中市,北區,0,0,0,8,,,50,,,,,,,,,,,,,,,23,,,,,B03,,,1,,1,,,23,,1,22,,B03,120.671235,24.168913,3
2022,12,16,9,47,臺中市,東區,0,0,0,8,,,50,,,,,,,,,,,,,,,19,,,,,B03,,,1,,2,,,19,,1,22,,B03,120.692591,24.132442,3
2022,12,16,9,51,臺中市,太平區,0,1,0,8,1,5,50,4,1,1,5,4,5,7,4,4,10,5,5,2,14,12,3,10,1,1,B12,7,2,1,8,2,3,,12,12,1,22,8,B12,120.722161,24.156108,2
2022,12,16,9,55,臺中市,豐原區,0,2,0,8,1,5,50,4,2,1,5,4,5,7,1,1,4,4,4,2,1,23,3,10,1,1,F03,7,5,8,20,2,16,,23,23,1,22,5,F03,120.715499,24.251358,2
2022,12,16,9,56,臺中市,石岡區,0,0,0,8,,,30,,,,,,,,,,,,,,,23,,,,,B12,,,1,,2,,,23,,1,22,,B12,120.805308,24.274534,3
2022,12,16,9,59,臺中市,東區,0,2,0,8,1,5,50,4,1,1,5,4,5,7,2,1,10,5,5,2,15,25,2,8,1,1,C03,7,9,1,10,2,12,,25,25,1,5,8,C03,120.696485,24.138879,2
2022,12,16,10,1,臺中市,北屯區,0,1,0,8,1,5,50,4,1,1,5,4,5,7,4,4,10,5,5,2,15,6,2,9,1,1,C03,7,9,1,10,2,11,12,6,6,1,5,8,C03,120.695347,24.172275,2
2022,12,16,10,2,臺中市,北屯區,0,1,0,8,1,5,50,4,1,1,5,4,5,7,1,1,10,5,5,2,15,25,2,9,1,1,C03,7,9,1,10,2,11,,25,25,1,5,8,C03,120.675798,24.20073,2
2022,12,16,10,10,臺中市,烏日區,0,1,0,8,3,5,30,3,1,1,5,4,5,7,4,4,5,5,5,2,10,23,2,9,1,1,C03,7,9,1,8,2,11,,23,23,1,21,8,C03,120.605896,24.118271,2
2022,12,16,10,11,臺中市,和平區,0,0,0,8,,,40,,,,,,,,,,,,,,,23,3,10,1,1,C03,7,9,1,10,2,11,,23,23,1,4,9,C03,120.975711,24.174623,3
2022,12,16,10,17,臺中市,東勢區,0,1,0,8,1,5,50,14,9,1,5,4,5,7,4,4,5,5,5,1,5,23,3,10,1,1,B03,7,9,1,8,2,2,,23,23,1,9,8,B03,120.84494,24.24406,2
2022,12,16,10,19,臺中市,北屯區,0,0,0,8,,,50,,,,,,,,,,,,,,,43,,,,,B03,,,1,,2,,,43,,1,21,,B03,120.668672,24.178276,3
2022,12,16,10,21,臺中市,北屯區,0,0,0,8,,,50,,,,,,,,,,,,,,,19,,,,,A12,,,1,,1,,,19,,1,22,,A12,120.690301,24.170363,3
2022,12,16,10,26,臺中市,大里區,0,0,0,8,,,40,,,,,,,,,,,,,,,23,,,,,C03,,,1,,2,,,23,23,1,21,,C03,120.695604,24.088022,3
2022,12,16,10,33,臺中市,后里區,0,0,0,8,1,5,30,14,9,1,5,4,5,7,4,4,5,5,5,2,14,12,3,10,1,1,A12,7,2,1,7,2,3,,12,12,1,4,8,A12,120.721822,24.296057,3
2022,12,16,10,34,臺中市,南屯區,0,0,0,8,,,50,,,,,,,,,,,,,,,27,,,,,B01,,,1,,1,,,27,27,1,22,,B01,120.646376,24.126642,3
2022,12,16,10,35,臺中市,北屯區,0,0,0,8,,,40,,,,,,,,,,,,,,,16,,,,,B12,,,1,,1,,,16,,1,5,,B12,120.686225,24.201393,3
2022,12,16,10,36,臺中市,潭子區,0,1,0,8,1,5,50,4,1,1,5,4,5,7,1,1,1,4,4,1,17,17,2,8,1,1,C03,7,9,1,10,2,12,,17,17,1,22,8,C03,120.705022,24.207144,2
2022,12,16,10,43,臺中市,東區,0,2,0,7,1,5,50,4,1,1,5,4,5,7,2,1,10,5,5,2,15,25,2,9,1,1,C03,7,9,1,10,2,14,,25,25,1,21,8,C03,120.689666,24.142943,2
2022,12,16,10,45,臺中市,潭子區,0,1,0,8,1,5,50,11,9,1,5,4,5,7,4,4,5,5,5,2,20,43,2,9,1,1,C03,7,9,1,10,2,14,,43,43,1,22,8,C03,120.713192,24.205737,2
2022,12,16,10,46,臺中市,西區,0,2,0,8,1,5,50,4,2,1,5,4,5,7,1,1,5,4,4,2,17,23,2,9,1,1,C03,7,14,1,10,2,11,12,23,23,1,5,8,C03,120.67287,24.135799,2
2022,12,16,10,50,臺中市,西屯區,0,0,0,8,,,50,,,,,,,,,,,,,,,7,,,,,B03,,,1,,1,,,7,,1,22,,B03,120.654224,24.201691,3
2022,12,16,10,51,臺中市,北屯區,0,1,0,8,1,5,40,14,8,1,5,4,5,7,4,4,1,5,1,2,13,23,2,9,1,1,C03,7,9,1,10,2,11,12,23,23,1,5,8,C03,120.727181,24.160995,2
2022,12,16,10,51,臺中市,烏日區,0,1,0,8,1,5,50,3,1,1,5,4,5,7,4,4,5,5,5,2,17,26,3,10,1,1,C03,7,5,6,18,2,15,,26,26,1,21,8,C03,120.60728,24.110265,2
2022,12,16,10,52,臺中市,神岡區,0,0,0,8,,,50,,,,,,,,,,,,,,,17,,,,,B03,,,1,,11,,,17,,1,21,,B03,120.69903,24.248618,3
2022,12,16,10,53,臺中市,梧棲區,0,0,0,8,,,60,,,,,,,,,,,,,,,16,,,,,B03,,,1,,2,,,16,,1,5,,B03,120.556859,24.242505,3
2022,12,16,10,57,臺中市,東區,0,0,0,,,,40,,,,,,,,,,,,,,,23,,,,,C03,,,1,,2,,,23,,1,21,,C03,120.694811,24.142578,3
2022,12,16,10,58,臺中市,北區,0,1,0,8,1,5,50,14,7,1,5,4,5,7,4,4,9,4,5,2,13,16,2,9,3,4,C03,7,9,1,10,2,11,,16,16,1,5,8,C03,120.681648,24.154816,2
2022,12,16,10,58,臺中市,沙鹿區,0,0,0,8,,,60,,,,,,,,,,,,,,,23,,,,,B03,,,1,,2,,,23,,1,4,,B03,120.578477,24.223393,3
2022,12,16,11,0,臺中市,南區,0,0,0,8,,,30,,,,,,,,,,,,,,,12,,,,,B03,,,1,7,9,,,12,12,1,21,,B03,120.654628,24.117272,3
2022,12,16,11,0,臺中市,清水區,0,1,0,8,1,5,50,4,2,1,5,4,5,7,2,1,5,5,5,1,16,26,2,8,1,1,C03,7,6,1,10,2,13,,26,26,1,21,8,C03,120.577132,24.275718,2
2022,12,16,11,4,臺中市,西區,0,0,0,8,,,50,,,,,,,,,,,,,,,23,,,,,B12,,,1,8,2,,,23,23,1,22,,B12,120.673858,24.134921,3
2022,12,16,11,8,臺中市,北屯區,0,2,0,8,1,5,50,14,9,1,5,4,5,7,4,4,9,5,5,2,17,23,2,9,1,1,C03,7,9,1,10,2,12,,23,23,1,21,8,C03,120.731365,24.173199,2
2022,12,16,11,9,臺中市,北區,0,0,0,8,,,50,,,,,,,,,,,,,,,12,,,,,C03,,,1,,2,,,12,,1,22,,C03,120.670231,24.166961,3
2022,12,16,11,15,臺中市,大里區,0,1,0,8,1,5,50,4,1,1,5,4,5,7,1,1,10,5,5,2,16,9,3,10,3,4,B12,7,6,1,8,2,2,,9,9,1,22,8,B12,120.697128,24.084338,2
2022,12,16,11,15,臺中市,豐原區,0,1,0,8,1,5,30,4,1,1,5,4,5,7,4,4,8,3,4,1,12,6,2,9,1,1,C03,7,5,1,10,2,12,,6,6,1,22,5,C03,120.72864,24.244231,2
2022,12,16,11,20,臺中市,南區,0,0,0,8,,,50,,,,,,,,,,,,,,,7,,,,,B03,,,1,,2,,,7,,1,22,,B03,120.660841,24.123411,3
2022,12,16,11,23,臺中市,霧峰區,0,1,0,8,1,5,30,14,9,1,5,4,5,7,4,4,10,5,5,1,17,12,3,10,3,4,A12,7,2,1,7,2,15,,12,12,1,21,5,A12,120.673321,24.075529,2