年,月,日,時,分,縣市,區,死,受傷,2-30,天候,光線,道路類別,速限,道路型態,事故位置,路面鋪裝,路面狀態,路面缺陷,障礙物,視距,號誌種類,號誌動作,分向設施,快車道或一般車道間,快慢車道間,路面邊線,事故類型及型態,主要肇因,受傷程度,主要傷處,保護裝備,行動電話,當事者區分,車輛用途,當事者行動狀態,駕駛資格情形,駕駛執照種類,飲酒情形,車輛撞擊部位最初,車輛撞擊部位其他,肇事因素個別,肇事因素主要,肇事逃逸,職業,旅次目的,車種,GPS緯度,GPS經度,事故類別
2022,12,16,11,29,臺中市,大甲區,0,0,0,,,,40,,,,,,,,,,,,,,,18,,,,,B03,,,1,,2,,,18,18,1,22,,B03,120.618315,24.347742,3
2022,12,16,11,30,臺中市,霧峰區,0,1,0,8,1,5,50,4,1,1,5,4,5,7,1,1,10,5,5,2,9,12,3,10,3,4,B03,7,2,1,8,2,3,,12,12,1,22,8,B03,120.69881,24.064495,2
2022,12,16,11,35,臺中市,北區,0,0,0,8,,,50,,,,,,,,,,,,,,,23,,,,,B12,,,1,,2,,,23,,1,22,,B12,120.672565,24.168787,3
2022,12,16,11,35,臺中市,烏日區,0,0,0,8,,,80,,,,,,,,,,,,,,,42,,,,,A41,,,1,,2,,,42,,1,21,,A41,120.616521,24.107356,3
2022,12,16,11,36,臺中市,大甲區,0,1,0,8,1,5,50,3,1,1,5,4,5,7,4,4,10,5,5,2,16,26,3,10,1,1,B03,7,9,1,8,2,2,,26,26,1,22,9,B03,120.626065,24.350147,2
2022,12,16,11,39,臺中市,霧峰區,0,0,0,8,,,30,,,,,,,,,,,,,,,42,,,,,B11,,,1,,2,,,42,,1,21,,B11,120.677303,24.047292,3
2022,12,16,11,42,臺中市,大甲區,0,0,0,8,,,50,,,,,,,,,,,,,,,23,,,,,B03,,,1,,2,,,23,23,1,22,,B03,120.622836,24.344174,3
2022,12,16,11,46,臺中市,西屯區,0,0,0,8,,,50,,,,,,,,,,,,,,,23,,,,,B03,,,1,,2,,,23,,1,21,,B03,120.63594,24.16048,3
2022,12,16,11,50,臺中市,大里區,0,1,0,8,1,5,50,14,9,1,5,4,5,7,4,4,1,4,4,1,14,12,3,10,1,1,A41,7,2,1,8,2,7,,12,12,1,4,8,A41,120.678681,24.113168,2
2022,12,16,11,58,臺中市,北屯區,0,1,0,8,1,5,40,14,8,1,5,4,5,7,2,1,3,2,4,2,13,16,2,8,1,1,C03,7,9,1,10,2,11,,16,16,1,22,8,C03,120.689365,24.162788,2
2022,12,16,12,0,臺中市,神岡區,0,0,0,8,,,50,,,,,,,,,,,,,,,17,,,,,B03,,,1,,2,,,17,,1,12,,B03,120.69806,24.248542,3
2022,12,16,12,1,臺中市,清水區,0,0,0,8,1,5,40,14,13,1,5,4,5,7,4,4,1,4,4,1,14,12,,,,,B03,,,1,,2,,,12,,1,5,,B03,120.566565,24.268398,3
2022,12,16,12,2,臺中市,豐原區,0,0,0,8,,,50,,,,,,,,,,,,,,,6,,,,,C03,,,1,,2,,,6,6,1,22,,C03,120.703258,24.251619,4
2022,12,16,12,3,臺中市,北屯區,0,2,0,8,1,5,50,3,1,1,5,4,5,7,1,1,10,5,5,2,17,26,2,9,3,4,C02,7,9,1,9,2,11,,44,26,1,5,8,C02,120.73823,24.176344,2
2022,12,16,12,4,臺中市,后里區,0,1,0,8,1,5,50,14,9,1,5,4,5,7,4,4,5,3,5,1,13,23,3,10,1,1,A12,7,9,1,7,2,1,,23,23,1,4,8,A12,120.708616,24.326444,2
2022,12,16,12,5,臺中市,北區,0,2,0,8,1,5,50,4,1,1,5,4,5,7,1,1,10,5,5,2,11,6,2,9,3,4,C03,7,5,1,10,2,12,,6,6,1,5,8,C03,120.678686,24.159138,2
2022,12,16,12,6,臺中市,潭子區,0,1,0,8,1,5,60,14,8,1,5,4,5,7,4,4,1,4,4,1,17,6,3,10,1,1,B12,7,8,1,8,2,6,,6,6,1,22,8,B12,120.70549,24.213983,2
2022,12,16,12,9,臺中市,西區,0,3,0,8,1,5,50,4,1,1,5,4,5,7,1,1,5,2,4,1,13,23,2,9,1,1,C03,7,9,1,10,2,11,,23,23,1,21,8,C03,120.67556,24.141676,2
2022,12,16,12,11,臺中市,南屯區,0,0,0,8,,,40,,,,,,,,,,,,,,,40,,,,,B03,,,1,,1,,,40,,1,5,,B03,120.636801,24.15418,3
2022,12,16,12,19,臺中市,西區,0,0,0,,,,50,,,,,,,,,,,,,,,23,,,,,B03,,,1,,1,,,44,23,1,20,,B03,120.669801,24.150724,3
2022,12,16,12,20,臺中市,豐原區,0,0,0,8,,,50,,,,,,,,,,,,,,,12,,,,,B03,,,1,,2,,,12,,1,22,,B03,120.722278,24.237278,3
2022,12,16,12,21,臺中市,霧峰區,0,0,0,8,1,5,50,14,13,1,5,4,5,7,4,4,5,5,5,1,17,17,,,,,C03,,,1,,11,,,17,,1,18,,C03,120.714115,24.075615,3
2022,12,16,12,23,臺中市,西區,0,2,0,8,3,5,50,4,1,1,5,4,5,7,4,4,10,5,5,2,16,6,2,9,3,4,C03,7,9,1,10,2,12,,6,6,1,21,8,C03,120.660948,24.148448,2
2022,12,16,12,24,臺中市,和平區,0,0,0,8,1,2,30,11,9,1,5,4,5,1,4,4,10,5,5,1,11,23,,,,,,,,,,,,,23,,1,,,,121.255434,24.242026,3
2022,12,16,12,25,臺中市,清水區,0,1,0,8,1,5,30,12,9,1,5,4,5,7,4,4,10,5,5,2,9,19,3,10,1,1,B03,7,1,1,8,2,15,,19,19,1,10,1,B03,120.580373,24.271563,2
2022,12,16,12,25,臺中市,神岡區,0,0,0,8,,,60,,,,,,,,,,,,,,,19,,,,,B03,,,1,,2,,,19,,1,21,,B03,120.708738,24.259266,3
2022,12,16,12,27,臺中市,南屯區,0,0,0,8,,,40,,,,,,,,,,,,,,,12,,,,,B03,,,1,,2,,,12,,1,22,,B03,120.612135,24.13738,3
2022,12,16,12,27,臺中市,北屯區,0,0,0,8,,,50,,,,,,,,,,,,,,,23,,,,,B03,,,1,,2,,,23,,1,5,,B03,120.698993,24.183758,3
2022,12,16,12,30,臺中市,沙鹿區,0,0,0,8,,,50,,,,,,,,,,,,,,,23,,,,,B03,,,1,,11,,,23,,2,2,,B03,120.569722,24.236388,3
2022,12,16,12,33,臺中市,清水區,0,1,0,8,1,5,30,14,9,1,5,4,5,7,4,4,10,5,5,1,14,12,3,10,1,1,B11,7,2,1,3,2,3,,12,12,1,5,1,B11,120.572734,24.30939,2
2022,12,16,12,39,臺中市,南區,0,1,0,8,1,5,30,4,1,1,5,4,5,7,4,4,10,5,5,2,15,6,3,10,1,1,B03,7,9,1,8,2,8,,6,6,1,5,8,B03,120.662285,24.128018,2
2022,12,16,12,40,臺中市,南區,0,0,0,8,,,30,,,,,,,,,,,,,,,23,,,,,B03,,,1,,2,,,23,,1,22,,B03,120.655095,24.111515,3
2022,12,16,12,40,臺中市,北屯區,0,2,0,8,1,5,50,4,1,1,5,4,5,7,1,1,10,5,5,2,16,6,3,10,1,1,B03,7,5,1,8,2,1,,6,6,1,5,8,B03,120.694565,24.165796,2
2022,12,16,12,41,臺中市,大里區,0,1,0,8,1,5,30,4,1,1,5,4,5,7,4,4,10,5,5,2,15,6,3,10,1,1,B01,7,9,1,2,2,5,,6,6,1,22,8,B01,120.702465,24.083023,2
2022,12,16,12,43,臺中市,大甲區,0,3,0,8,1,5,30,3,2,1,5,4,5,7,4,4,5,5,4,1,16,42,2,9,1,1,B03,7,9,1,8,2,1,,42,42,1,22,9,B03,120.629176,24.344446,2
2022,12,16,12,49,臺中市,大里區,0,1,0,8,1,5,30,4,1,1,5,4,5,7,4,4,10,5,5,2,15,6,3,10,3,4,B12,7,9,1,8,2,1,,6,6,1,22,8,B12,120.706155,24.084251,2
2022,12,16,12,58,臺中市,北屯區,0,0,0,8,,,60,,,,,,,,,,,,,,,7,,,,,A12,,,1,3,2,,,44,7,1,21,,A12,120.722471,24.162332,3
2022,12,16,13,0,臺中市,梧棲區,0,0,0,8,,,50,,,,,,,,,,,,,,,12,,,,,B12,,,1,,1,,,12,,1,9,,B12,120.537416,24.25468,4
2022,12,16,13,1,臺中市,北屯區,0,0,0,8,,,80,,,,,,,,,,,,,,,16,,,,,B12,,,1,,2,,,16,,1,21,,B12,120.662863,24.200877,3
2022,12,16,13,4,臺中市,霧峰區,0,1,0,8,1,5,50,5,1,1,5,4,5,7,1,1,10,5,5,2,17,23,2,7,1,1,C03,7,5,1,10,2,14,,23,23,1,18,5,C03,120.715211,24.073363,2
2022,12,16,13,5,臺中市,南區,0,0,0,,,,50,,,,,,,,,,,,,,,19,,,,,B03,,,1,,2,,,19,,1,21,,B03,120.674142,24.124613,3
2022,12,16,13,9,臺中市,北屯區,0,1,0,8,1,5,50,4,1,1,5,4,5,7,2,1,10,5,5,2,16,6,3,10,1,1,A11,7,5,1,3,2,8,,6,6,1,5,8,A11,120.690303,24.176648,2
2022,12,16,13,14,臺中市,大肚區,0,0,0,8,,,40,,,,,,,,,,,,,,,23,,,,,A12,,,4,,2,,,23,,1,7,,A12,120.552085,24.133158,3
2022,12,16,13,15,臺中市,神岡區,0,0,0,8,,,30,,,,,,,,,,,,,,,12,,,,,B12,,,1,,2,,,12,,1,22,,B12,120.695693,24.245038,3
2022,12,16,13,20,臺中市,北屯區,0,0,0,8,,,30,,,,,,,,,,,,,,,6,,,,,B03,,,1,,1,,,6,,1,21,,B03,120.667744,24.191749,3
2022,12,16,13,22,臺中市,霧峰區,0,1,0,8,1,5,30,3,1,1,5,4,5,7,4,4,10,5,5,2,16,6,3,10,1,1,B03,7,5,1,8,2,4,,6,6,1,22,8,B03,120.664525,24.039738,2
2022,12,16,13,24,臺中市,北屯區,0,0,0,8,1,5,50,15,7,1,5,4,5,7,4,4,1,4,5,2,12,2,,,,,B03,,,1,,2,,,44,2,1,22,,B03,120.663753,24.185526,3
2022,12,16,13,27,臺中市,東區,0,1,0,8,1,5,50,4,1,1,5,4,5,7,4,4,10,5,5,2,15,6,3,10,1,1,B03,7,9,1,7,2,8,,6,6,1,5,8,B03,120.703969,24.135645,2
2022,12,16,13,28,臺中市,潭子區,0,1,0,8,1,5,50,4,1,1,5,4,5,7,1,1,10,5,5,2,16,6,3,10,1,1,B11,7,6,1,8,2,5,,6,6,1,7,8,B11,120.673934,24.209107,2
2022,12,16,13,30,臺中市,東區,0,0,0,8,,,50,,,,,,,,,,,,,,,23,,,,,B03,,,1,,2,,,23,,1,22,,B03,120.697448,24.14502,3
2022,12,16,13,31,臺中市,東區,0,1,0,8,1,5,50,14,9,1,5,4,5,7,2,1,3,4,5,2,17,42,3,10,1,1,B03,7,9,1,8,2,2,,42,42,1,21,8,B03,120.685886,24.135538,2
2022,12,16,13,31,臺中市,大里區,0,0,0,8,1,5,60,3,2,1,5,4,5,7,1,1,1,4,1,1,12,23,3,10,1,1,B03,7,9,1,6,4,1,,23,23,1,22,8,B03,120.676141,24.085596,3
2022,12,16,13,37,臺中市,大里區,0,2,0,8,1,5,50,14,9,1,5,4,5,7,4,4,5,5,5,1,16,23,2,8,3,4,C03,7,9,1,10,2,11,,23,23,1,22,8,C03,120.694451,24.090961,2
2022,12,16,13,45,臺中市,西屯區,0,0,0,8,,,80,,,,,,,,,,,,,,,7,,,,,B03,,,1,,1,,,7,,1,22,,B03,120.634948,24.179291,3
2022,12,16,13,46,臺中市,南屯區,0,1,0,8,1,5,50,4,1,1,5,4,5,7,1,1,5,4,4,2,12,19,3,10,3,4,B03,7,1,1,8,2,5,,19,19,1,22,9,B03,120.626871,24.116357,2
2022,12,16,13,47,臺中市,西屯區,0,0,0,8,,,80,,,,,,,,,,,,,,,42,,,,,B12,,,1,,1,,,42,,1,22,,B12,120.663051,24.200908,3
2022,12,16,13,50,臺中市,西區,0,0,0,8,,,50,,,,,,,,,,,,,,,67,,,,,,,,,,,,,67,,1,,,,120.65777,24.15806,3
2022,12,16,13,51,臺中市,北區,0,0,0,,,,50,,,,,,,,,,,,,,,23,,,,,B01,,,1,,2,,,23,,1,5,,B01,120.675515,24.170355,3
2022,12,16,13,53,臺中市,大里區,0,0,0,8,,,50,,,,,,,,,,,,,,,26,,,,,A12,,,1,,2,,,26,,1,21,,A12,120.698496,24.080404,3
2022,12,16,14,5,臺中市,南區,0,1,0,8,1,5,50,14,9,1,5,4,5,7,2,1,2,4,5,2,13,16,2,8,1,1,C03,7,9,1,10,2,11,,16,16,1,18,8,C03,120.67903,24.121545,2
2022,12,16,14,5,臺中市,北屯區,0,1,0,8,1,5,50,14,9,1,5,4,5,7,4,4,1,4,5,2,12,7,2,8,1,1,C03,7,7,1,10,2,14,,7,7,1,5,8,C03,120.69866,24.183146,2
2022,12,16,14,13,臺中市,龍井區,0,2,0,8,1,5,50,3,1,1,5,4,5,7,4,4,10,5,5,2,16,6,2,8,1,1,C03,7,5,1,10,2,12,,6,6,1,18,8,C03,120.587888,24.181076,2
2022,12,16,14,20,臺中市,南屯區,0,0,0,,,,50,,,,,,,,,,,,,,,7,,,,,B03,,,1,,1,,,7,,1,22,,B03,120.620518,24.152376,3
2022,12,16,14,20,臺中市,豐原區,0,1,0,8,1,5,50,5,2,1,5,4,5,7,4,4,4,5,4,2,17,7,2,9,1,1,C03,7,10,1,10,2,13,,7,7,1,20,5,C03,120.717138,24.248344,2
2022,12,16,14,22,臺中市,南屯區,0,0,0,8,,,80,,,,,,,,,,,,,,,7,,,,,A12,,,1,,1,,,7,7,1,22,,A12,120.623326,24.149858,3
2022,12,16,14,23,臺中市,北區,0,0,0,8,,,50,,,,,,,,,,,,,,,12,,,,,B03,,,1,,2,,,12,,1,22,,B03,120.67024,24.16433,3
2022,12,16,14,25,臺中市,大里區,0,0,0,8,,,60,,,,,,,,,,,,,,,42,,,,,B03,,,1,,2,,,42,,1,5,,B03,120.679343,24.114985,3
2022,12,16,14,33,臺中市,南屯區,0,0,0,8,,,50,,,,,,,,,,,,,,,7,,,,,B03,,,1,,1,,,7,,1,22,,B03,120.614876,24.153539,3
2022,12,16,14,39,臺中市,太平區,0,3,0,8,1,5,30,11,9,1,5,4,5,7,4,4,4,5,5,1,16,26,2,7,1,1,C03,7,6,2,18,2,14,,26,26,1,22,8,C03,120.818405,24.072569,2
2022,12,16,14,41,臺中市,龍井區,0,1,0,8,1,5,30,14,9,1,5,4,5,7,4,4,10,5,5,1,16,8,3,10,1,1,B03,7,5,1,8,2,1,,8,8,1,2,8,B03,120.583497,24.185068,2
2022,12,16,14,42,臺中市,北屯區,0,1,0,8,1,5,40,3,1,1,5,4,5,7,4,4,1,4,4,2,16,6,3,10,1,1,B03,7,6,1,8,2,4,,6,6,1,20,8,B03,120.665045,24.184374,2
2022,12,16,14,49,臺中市,北區,0,0,0,7,1,5,50,14,7,1,5,4,5,7,4,4,8,3,4,2,12,42,,,,,B12,,,1,,1,,,42,,1,22,,B12,120.672897,24.167869,3
2022,12,16,14,50,臺中市,東區,0,0,0,,,,50,,,,,,,,,,,,,,,19,,,,,B03,,,1,,2,,,44,,1,21,,B03,120.695229,24.137948,3
2022,12,16,14,52,臺中市,太平區,0,1,0,8,1,5,30,11,9,1,5,4,5,7,4,4,5,4,5,1,29,42,2,7,1,1,C03,7,9,1,10,2,14,11,42,42,1,22,8,C03,120.814839,24.09398,2
2022,12,16,14,55,臺中市,沙鹿區,0,1,0,8,1,5,50,3,2,1,5,4,5,7,4,4,8,3,4,1,17,6,3,10,3,4,C03,7,5,1,10,2,15,,6,6,1,22,8,C03,120.579436,24.223988,2
2022,12,16,14,55,臺中市,沙鹿區,0,1,0,8,1,5,50,14,9,1,5,4,5,7,1,1,1,3,4,1,12,23,2,9,1,1,C03,7,9,3,18,2,11,,23,23,1,22,8,C03,120.565723,24.250008,2
2022,12,16,14,57,臺中市,烏日區,0,0,0,8,,,50,,,,,,,,,,,,,,,7,,,,,A11,,,1,,2,,,7,,1,10,,A11,120.617638,24.102908,3
2022,12,16,14,58,臺中市,北區,0,0,0,,,,50,,,,,,,,,,,,,,,7,,,,,B03,,,1,,2,,,7,,1,21,,B03,120.67601,24.172443,3
2022,12,16,15,0,臺中市,大雅區,0,0,0,8,,,30,,,,,,,,,,,,,,,43,,,,,,,,,,,,,43,,2,,,,120.647059,24.223657,3
2022,12,16,15,6,臺中市,北屯區,0,1,0,8,1,5,50,14,9,1,5,4,5,7,4,4,5,4,5,2,12,17,3,10,1,1,B03,7,9,1,1,9,2,,17,17,1,10,8,B03,120.732386,24.177006,2
2022,12,16,15,7,臺中市,潭子區,0,0,0,8,,,50,,,,,,,,,,,,,,,6,,,,,B03,,,1,,2,,,6,,1,22,,B03,120.70833,24.231262,3
2022,12,16,15,13,臺中市,南屯區,0,0,0,8,,,30,,,,,,,,,,,,,,,4,,,,,B12,,,1,,1,,,4,4,1,22,,B12,120.63391,24.122799,3
2022,12,16,15,13,臺中市,龍井區,0,0,0,8,,,60,,,,,,,,,,,,,,,42,,,,,B03,,,1,,2,,,42,,1,2,,B03,120.573697,24.185521,3
2022,12,16,15,15,臺中市,大里區,0,1,0,8,1,5,50,5,2,1,5,4,5,7,4,4,5,4,4,1,16,6,3,10,3,4,B03,7,6,1,8,2,5,,6,6,1,22,9,B03,120.667059,24.096685,2
2022,12,16,15,20,臺中市,西屯區,0,0,0,8,,,50,,,,,,,,,,,,,,,19,,,,,A02,,,1,,2,,,19,,1,22,,A02,120.604583,24.183532,3
2022,12,16,15,26,臺中市,南屯區,0,0,0,,,,50,,,,,,,,,,,,,,,23,,,,,B03,,,1,,1,,,23,23,1,22,,B03,120.651239,24.140059,3
2022,12,16,15,28,臺中市,西屯區,0,1,0,8,1,5,50,3,1,1,5,4,5,7,1,1,5,3,4,2,16,19,2,7,1,1,C03,7,1,1,10,2,14,,19,19,1,22,9,C03,120.655535,24.174051,2
2022,12,16,15,30,臺中市,南屯區,0,0,0,8,,,50,,,,,,,,,,,,,,,23,,,,,B03,,,1,,1,,,23,,1,22,,B03,120.620586,24.115626,3
2022,12,16,15,30,臺中市,西屯區,0,1,0,8,1,5,40,14,7,1,5,4,5,7,4,4,4,5,4,2,13,7,2,8,1,1,C03,7,9,1,10,1,11,,44,7,1,22,8,C03,120.634478,24.164683,2
2022,12,16,15,30,臺中市,大里區,0,2,0,8,1,5,60,4,1,1,5,4,5,7,1,1,10,5,5,2,13,16,2,8,1,1,C03,7,9,1,10,2,11,,16,16,1,12,5,C03,120.67133,24.102365,2
2022,12,16,15,34,臺中市,南屯區,0,0,0,8,,,50,,,,,,,,,,,,,,,12,,,,,B12,,,1,,2,,,12,,1,5,,B12,120.63677,24.120205,3
2022,12,16,15,37,臺中市,北屯區,0,2,0,8,1,5,50,5,2,1,5,4,5,7,1,1,5,4,4,2,16,8,3,10,1,1,C02,7,9,4,9,2,12,,23,8,1,22,8,C02,120.711869,24.182278,2
2022,12,16,15,38,臺中市,潭子區,0,1,0,8,1,5,60,14,9,1,5,4,5,7,4,4,1,4,4,1,17,26,2,9,1,1,C03,7,7,3,18,2,14,,26,26,1,22,8,C03,120.686616,24.20911,2
2022,12,16,15,41,臺中市,潭子區,0,0,0,8,,,50,,,,,,,,,,,,,,,12,,,,,B03,,,1,,2,,,12,,1,22,,B03,120.704461,24.208359,3
2022,12,16,15,48,臺中市,東區,0,1,0,8,1,5,50,5,1,1,5,4,5,7,2,1,5,4,4,2,7,12,3,10,1,1,B01,7,2,1,4,2,4,,12,12,1,10,5,B01,120.692483,24.151715,2
2022,12,16,15,49,臺中市,北屯區,0,1,0,8,1,5,50,4,1,1,5,4,5,7,2,1,10,5,5,2,12,17,2,9,1,1,C03,7,9,1,10,2,12,,17,17,1,4,8,C03,120.669561,24.177301,2
2022,12,16,15,55,臺中市,大雅區,0,0,0,8,1,5,50,5,1,1,5,4,5,7,1,1,10,5,5,2,17,23,,,,,C03,,,1,,2,,,23,,1,22,,C03,120.629962,24.241187,3
2022,12,16,15,59,臺中市,沙鹿區,0,2,0,8,1,5,30,14,9,1,5,4,5,7,4,4,10,5,5,2,17,5,2,9,3,4,C03,7,9,1,10,2,11,,5,5,1,22,8,C03,120.569077,24.233652,2
2022,12,16,16,0,臺中市,烏日區,0,1,0,8,1,5,50,14,9,1,5,4,5,7,4,4,1,4,5,2,12,3,2,7,1,1,C03,7,9,1,10,2,14,,44,17,1,21,8,C03,120.63838,24.221173,2
2022,12,16,16,1,臺中市,大里區,0,3,0,8,1,5,50,4,1,1,5,4,5,7,1,1,1,4,5,1,17,6,2,8,3,4,C03,7,6,1,10,2,12,,6,6,1,18,8,C03,120.69158,24.091818,2
2022,12,16,16,5,臺中市,烏日區,0,0,0,8,,,50,,,,,,,,,,,,,,,18,,,,,C03,,,1,,2,,,18,,1,22,,C03,120.607205,24.125662,3
2022,12,16,16,8,臺中市,烏日區,0,1,0,8,1,5,30,4,1,1,5,4,5,7,4,4,10,5,5,2,15,6,2,9,1,1,C03,7,9,1,10,2,12,,6,6,1,4,8,C03,120.636786,24.071013,2
2022,12,16,16,10,臺中市,北區,0,0,0,,,,50,,,,,,,,,,,,,,,19,,,,,B11,,,1,,2,,,19,,1,21,,B11,120.673881,24.173019,3
2022,12,16,16,10,臺中市,北屯區,0,0,0,8,,,50,,,,,,,,,,,,,,,43,,,,,C03,,,1,,1,,,43,43,1,22,,C03,120.671037,24.174379,3
2022,12,16,16,11,臺中市,南區,0,3,0,8,1,5,50,3,2,1,5,4,5,7,4,4,1,4,5,2,16,23,2,9,1,1,C03,7,9,1,10,2,11,,43,23,1,22,8,C03,120.679572,24.120986,2
2022,12,16,16,14,臺中市,大里區,0,0,0,8,,,50,,,,,,,,,,,,,,,23,,,,,C03,,,1,,2,,,23,,1,18,,C03,120.692394,24.091319,3
2022,12,16,16,16,臺中市,西屯區,0,0,0,8,,,50,,,,,,,,,,,,,,,42,,,,,B03,,,5,,4,,,42,,1,22,,B03,120.639873,24.157503,3
2022,12,16,16,20,臺中市,大雅區,0,0,0,8,,,50,,,,,,,,,,,,,,,17,,,,,B12,,,1,,9,,,17,,2,22,,B12,120.66762,24.215748,3
2022,12,16,16,20,臺中市,神岡區,0,0,0,8,,,50,,,,,,,,,,,,,,,19,,,,,F02,,,1,,1,,,19,19,1,12,,F02,120.658287,24.251956,3
2022,12,16,16,27,臺中市,大雅區,0,1,0,7,1,5,50,3,2,1,5,4,5,7,3,1,5,5,5,1,13,16,2,8,1,1,F01,7,9,8,20,2,16,,16,16,1,15,9,F01,120.650714,24.218258,2
2022,12,16,16,30,臺中市,南區,0,0,0,8,,,50,,,,,,,,,,,,,,,7,,,,,A02,,,1,,2,,,7,,1,5,,A02,120.68367,24.132778,3
2022,12,16,16,30,臺中市,豐原區,0,1,0,8,1,5,50,14,9,1,5,4,5,7,1,1,3,4,5,1,17,23,2,9,1,1,C03,7,9,1,10,2,14,,23,23,1,22,8,C03,120.726709,24.247364,2
2022,12,16,16,33,臺中市,西屯區,0,0,0,8,,,50,,,,,,,,,,,,,,,43,,,,,B12,,,1,,2,,,43,,1,22,,B12,120.620631,24.186934,3
2022,12,16,16,33,臺中市,霧峰區,0,0,0,8,1,5,80,10,7,1,5,4,5,7,4,4,1,3,5,1,13,23,,,,,B03,,,1,,2,,,23,,1,5,,B03,120.690148,24.064903,3
2022,12,16,16,38,臺中市,和平區,0,0,0,8,1,5,40,11,9,1,5,4,5,7,4,4,5,5,5,1,17,23,3,10,1,1,B12,7,9,1,8,2,5,,23,23,1,22,6,B12,121.25961,24.268991,3
2022,12,16,16,40,臺中市,烏日區,0,0,0,8,,,30,,,,,,,,,,,,,,,12,,,,,B03,,,1,,2,,,12,,1,21,,B03,120.60573,24.118983,3
2022,12,16,16,45,臺中市,大里區,0,2,0,8,1,5,50,3,2,1,5,4,5,7,4,4,5,4,4,1,17,19,3,10,3,4,B12,7,1,1,8,2,1,,19,19,1,12,8,B12,120.717015,24.094385,2
2022,12,16,16,46,臺中市,梧棲區,0,1,0,7,1,5,60,4,1,1,5,4,5,7,1,1,10,5,5,2,16,9,3,10,1,1,B03,7,6,1,8,2,5,,9,9,1,12,8,B03,120.536344,24.249771,2
2022,12,16,16,50,臺中市,南屯區,0,0,0,,,,40,,,,,,,,,,,,,,,23,,,,,B03,,,1,,2,,,23,,1,4,,B03,120.637492,24.138663,3
2022,12,16,17,0,臺中市,沙鹿區,0,0,0,8,1,5,60,14,9,1,5,4,5,7,4,4,1,3,4,1,12,7,,,,,B03,,,1,,2,,,7,,1,22,,B03,120.568953,24.209734,3
2022,12,16,17,0,臺中市,新社區,0,0,0,8,,,50,,,,,,,,,,,,,,,17,,,,,B03,,,1,,2,,,17,,1,22,,B03,120.807052,24.255391,3
2022,12,16,17,6,臺中市,北屯區,0,1,0,8,1,5,50,4,1,1,5,4,5,7,1,1,5,5,5,2,18,23,2,9,1,1,C03,7,9,1,10,2,14,,23,23,1,22,8,C03,120.69338,24.180048,2
2022,12,16,17,7,臺中市,北屯區,0,0,0,8,,,50,,,,,,,,,,,,,,,25,,,,,C03,,,6,,1,,,25,,1,5,,C03,120.694735,24.165581,3
2022,12,16,17,9,臺中市,大雅區,0,1,0,8,2,5,30,3,2,1,5,4,5,7,4,4,10,5,5,2,16,6,3,10,1,1,B03,7,6,1,8,2,8,,6,6,1,22,9,B03,120.623083,24.213158,2
2022,12,16,17,10,臺中市,北屯區,0,0,0,8,,,50,,,,,,,,,,,,,,,12,,,,,B03,,,1,,1,,,12,,1,22,,B03,120.719018,24.185844,3
2022,12,16,17,10,臺中市,豐原區,0,0,0,8,,,30,,,,,,,,,,,,,,,23,,,,,C03,,,1,,2,,,23,23,1,22,,C03,120.730631,24.267661,3
2022,12,16,17,11,臺中市,東勢區,0,1,0,8,3,5,40,14,9,1,5,4,5,7,2,1,5,5,5,1,13,23,2,9,3,4,C03,7,9,1,10,2,11,,23,23,1,22,8,C03,120.839575,24.205251,2
2022,12,16,17,11,臺中市,神岡區,0,1,0,8,1,5,30,15,9,1,5,4,5,7,4,4,10,5,5,2,17,5,3,10,1,1,B03,7,15,1,8,2,4,,5,5,1,22,8,B03,120.70486,24.271936,2
2022,12,16,17,14,臺中市,豐原區,0,0,0,8,,,50,,,,,,,,,,,,,,,6,,,,,B03,,,1,,2,,,6,6,1,22,,B03,120.74766,24.266563,3
2022,12,16,17,15,臺中市,南區,0,2,0,7,2,5,50,4,1,1,5,4,5,7,1,1,10,5,5,2,15,25,2,9,1,1,C03,7,9,1,10,2,12,,25,25,1,22,9,C03,120.65569,24.120373,2
2022,12,16,17,15,臺中市,大肚區,0,0,0,8,,,50,,,,,,,,,,,,,,,23,,,,,B03,,,1,,2,,,23,,1,2,,B03,120.578386,24.167157,3
2022,12,16,17,15,臺中市,神岡區,0,1,0,8,3,5,30,3,1,1,5,4,5,7,4,4,10,5,5,2,16,6,3,10,1,1,B03,7,5,1,8,2,8,,6,6,1,22,9,B03,120.65353,24.272289,2
2022,12,16,17,20,臺中市,潭子區,0,2,0,8,3,5,50,4,1,1,5,4,5,7,1,1,3,4,5,2,16,6,3,10,1,1,B03,7,5,1,8,2,1,,6,6,1,22,9,B03,120.709638,24.20076,2
2022,12,16,17,20,臺中市,石岡區,0,1,0,8,1,5,50,14,9,1,5,4,5,7,4,4,5,5,5,1,17,26,3,10,3,4,C03,7,11,1,10,2,11,,26,26,1,22,8,C03,120.815462,24.258701,2
2022,12,16,17,21,臺中市,南區,0,0,0,8,,,50,,,,,,,,,,,,,,,16,,,,,B03,,,1,10,2,,,16,16,1,21,,B03,120.679502,24.121082,3
2022,12,16,17,22,臺中市,太平區,0,0,0,8,,,50,,,,,,,,,,,,,,,23,,,,,C03,,,4,,9,,,23,,1,4,,C03,120.7174,24.130536,3