年,月,日,時,分,縣市,區,死,受傷,2-30,天候,光線,道路類別,速限,道路型態,事故位置,路面鋪裝,路面狀態,路面缺陷,障礙物,視距,號誌種類,號誌動作,分向設施,快車道或一般車道間,快慢車道間,路面邊線,事故類型及型態,主要肇因,受傷程度,主要傷處,保護裝備,行動電話,當事者區分,車輛用途,當事者行動狀態,駕駛資格情形,駕駛執照種類,飲酒情形,車輛撞擊部位最初,車輛撞擊部位其他,肇事因素個別,肇事因素主要,肇事逃逸,職業,旅次目的,車種,GPS緯度,GPS經度,事故類別
2022,12,16,17,23,臺中市,潭子區,0,0,0,8,,,50,,,,,,,,,,,,,,,23,,,,,B03,,,1,,2,,,23,,1,22,,B03,120.709377,24.200346,3
2022,12,16,17,23,臺中市,西區,0,1,0,8,2,5,50,5,1,1,5,4,5,7,1,1,10,5,5,2,16,9,3,10,1,1,B03,7,6,1,8,2,2,,9,9,1,22,8,B03,120.668787,24.132192,2
2022,12,16,17,23,臺中市,西屯區,0,1,0,8,3,5,50,14,9,1,5,4,5,7,4,4,5,4,5,2,17,23,3,10,3,4,B03,7,9,1,8,1,1,,23,23,1,22,9,B03,120.608092,24.158295,2
2022,12,16,17,25,臺中市,東區,0,1,0,8,3,5,50,3,2,1,5,4,5,7,3,1,5,5,5,2,13,23,2,9,1,1,C03,7,9,3,18,2,11,,23,23,1,20,5,C03,120.6932,24.133666,2
2022,12,16,17,26,臺中市,大里區,0,1,0,8,1,5,50,14,9,1,5,4,5,7,4,4,5,5,5,1,18,42,2,9,3,4,C03,7,9,1,10,2,12,,42,42,1,18,8,C03,120.69891,24.089591,2
2022,12,16,17,28,臺中市,大雅區,0,0,0,8,,,50,,,,,,,,,,,,,,,7,,,,,A41,,,1,,2,,,7,,1,22,,A41,120.639931,24.231114,3
2022,12,16,17,29,臺中市,大里區,0,0,0,8,,,50,,,,,,,,,,,,,,,23,,,,,B03,,,1,,2,,,23,,1,3,,B03,120.690929,24.092404,3
2022,12,16,17,30,臺中市,北區,0,0,0,,,,50,,,,,,,,,,,,,,,23,,,,,B03,,,1,,2,,,23,,1,21,,B03,120.674507,24.162862,3
2022,12,16,17,32,臺中市,潭子區,0,1,0,8,1,5,50,14,9,1,5,4,5,7,4,4,1,5,5,2,12,7,3,10,1,1,B03,7,7,1,8,2,7,4,7,7,1,21,8,B03,120.712238,24.213791,2
2022,12,16,17,34,臺中市,太平區,0,0,0,8,,,50,,,,,,,,,,,,,,,12,,,,,B03,,,1,,2,,,12,,1,21,,B03,120.719221,24.118035,3
2022,12,16,17,35,臺中市,霧峰區,0,0,0,8,3,5,30,4,1,1,5,4,5,7,4,4,10,5,5,2,15,6,,,,,B03,,,1,,2,,,6,,1,11,,B03,120.676159,24.038041,3
2022,12,16,17,35,臺中市,清水區,0,0,0,8,,,50,,,,,,,,,,,,,,,23,,,,,B03,,,1,,11,,,23,,1,5,,B03,120.572466,24.261761,3
2022,12,16,17,38,臺中市,北屯區,0,0,0,8,,,50,,,,,,,,,,,,,,,23,,,,,C03,,,1,,1,,,23,,1,22,,C03,120.685277,24.175204,3
2022,12,16,17,38,臺中市,清水區,0,2,0,8,3,5,30,4,1,1,5,4,1,7,1,1,10,5,5,2,16,6,2,9,1,1,C03,7,5,1,10,2,11,,6,6,1,21,8,C03,120.552533,24.294823,2
2022,12,16,17,38,臺中市,清水區,0,0,0,8,,,90,,,,,,,,,,,,,,,16,,,,,B03,,,1,,1,,,16,,1,5,,B03,120.544411,24.268998,3
2022,12,16,17,40,臺中市,西屯區,0,1,0,8,3,5,50,3,2,1,5,4,5,7,1,1,5,4,5,2,17,23,2,9,1,1,C03,7,9,1,10,2,11,,23,23,1,22,9,C03,120.598159,24.162982,2
2022,12,16,17,41,臺中市,北區,0,0,0,8,,,50,,,,,,,,,,,,,,,15,,,,,B03,,,1,,1,,,15,,1,22,,B03,120.672675,24.164963,3
2022,12,16,17,41,臺中市,神岡區,0,2,0,8,3,5,30,15,9,1,5,4,5,7,4,4,10,5,5,1,3,23,2,8,1,1,C03,7,9,1,10,2,11,,23,23,1,22,8,C03,120.698592,24.274359,2
2022,12,16,17,43,臺中市,東區,0,1,0,8,3,5,50,3,1,1,5,4,5,7,2,1,10,5,5,2,17,23,2,9,1,1,C03,7,9,1,10,2,11,,23,23,1,4,8,C03,120.69033,24.129038,2
2022,12,16,17,43,臺中市,龍井區,0,2,0,8,3,5,50,14,9,1,5,4,5,7,4,4,5,5,5,1,1,67,2,9,1,5,H01,8,16,8,20,10,16,,67,67,1,19,8,H01,120.582403,24.177454,2
2022,12,16,17,45,臺中市,北區,0,0,0,8,,,40,,,,,,,,,,,,,,,7,,,,,B03,,,1,,2,,,7,,1,22,,B03,120.674172,24.164672,3
2022,12,16,17,50,臺中市,豐原區,0,0,0,8,,,60,,,,,,,,,,,,,,,17,,,,,B03,,,1,,2,,,17,,1,22,,B03,120.73063,24.267593,3
2022,12,16,17,51,臺中市,大里區,0,0,0,8,,,50,,,,,,,,,,,,,,,23,,,,,C03,,,8,,10,,,38,23,1,22,,C03,120.697521,24.096764,3
2022,12,16,17,51,臺中市,大甲區,0,1,0,6,3,5,50,3,1,1,4,4,5,7,4,4,10,5,5,2,17,14,2,9,1,1,C03,7,9,1,10,2,14,,14,14,1,5,8,C03,120.61896,24.34804,2
2022,12,16,17,52,臺中市,大里區,0,0,0,8,,,50,,,,,,,,,,,,,,,23,,,,,B12,,,1,,2,,,23,,1,12,,B12,120.699073,24.089538,3
2022,12,16,17,53,臺中市,北屯區,0,0,0,8,,,40,,,,,,,,,,,,,,,12,,,,,B03,,,1,,1,,,12,,1,22,,B03,120.660986,24.190556,3
2022,12,16,17,55,臺中市,沙鹿區,0,1,0,8,3,5,50,14,9,1,5,4,5,7,4,4,4,3,5,1,8,23,3,10,1,1,B03,7,9,1,8,2,2,,23,23,1,3,8,B03,120.560274,24.234581,2
2022,12,16,17,56,臺中市,中區,0,0,0,8,,,50,,,,,,,,,,,,,,,17,,,,,A02,,,1,,2,,,17,,1,21,,A02,120.678757,24.141681,3
2022,12,16,17,56,臺中市,烏日區,0,0,0,8,,,30,,,,,,,,,,,,,,,7,,,,,B01,,,1,,2,,,7,,1,10,,B01,120.616205,24.113008,3
2022,12,16,17,57,臺中市,東區,0,2,0,8,3,5,50,4,1,1,5,4,5,7,4,4,10,5,5,2,15,6,2,8,1,1,C03,7,9,1,10,2,11,,6,6,1,5,1,C03,120.693075,24.143335,2
2022,12,16,17,59,臺中市,西屯區,0,2,0,8,1,5,50,14,8,1,5,4,5,7,4,4,9,4,4,2,11,26,2,9,1,1,C03,7,5,3,18,2,15,,26,26,1,22,8,C03,120.635095,24.178332,2
2022,12,16,18,0,臺中市,南區,0,0,0,,,,50,,,,,,,,,,,,,,,23,,,,,B03,,,1,,2,,,23,,1,22,,B03,120.656966,24.108945,3
2022,12,16,18,2,臺中市,北屯區,0,0,0,8,,,50,,,,,,,,,,,,,,,43,,,,,B12,,,1,,9,,,43,,1,22,,B12,120.69707,24.17042,3
2022,12,16,18,3,臺中市,南區,0,1,0,7,3,5,50,14,8,1,5,4,5,7,4,4,3,4,4,2,12,42,3,10,1,1,B03,7,9,1,8,11,15,,42,42,1,22,9,B03,120.666541,24.113933,2
2022,12,16,18,5,臺中市,大里區,0,2,0,8,3,5,50,4,1,1,5,4,5,7,1,1,10,5,5,2,13,23,2,9,1,1,C03,7,9,1,10,2,11,,23,23,1,18,2,C03,120.687891,24.094591,2
2022,12,16,18,6,臺中市,豐原區,0,0,0,8,,,40,,,,,,,,,,,,,,,16,,,,,C03,,,1,,2,,,16,16,1,22,,C03,120.721313,24.238577,3
2022,12,16,18,7,臺中市,霧峰區,0,0,0,8,,,40,,,,,,,,,,,,,,,7,,,,,B03,,,1,,2,,,7,,1,3,,B03,120.663019,24.072322,3
2022,12,16,18,9,臺中市,北屯區,0,0,0,8,,,30,,,,,,,,,,,,,,,16,,,,,C03,,,1,,1,,,16,,1,5,,C03,120.664706,24.200776,3
2022,12,16,18,9,臺中市,龍井區,0,0,0,8,,,30,,,,,,,,,,,,,,,12,,,,,B03,,,1,,2,,,12,,1,9,,B03,120.522941,24.200196,3
2022,12,16,18,10,臺中市,霧峰區,0,0,0,8,3,5,40,14,9,1,5,4,5,7,4,4,1,4,5,1,13,23,,,,,B03,,,1,,2,,,23,,1,10,,B03,120.662459,24.068809,3
2022,12,16,18,11,臺中市,西屯區,0,1,0,8,3,5,40,14,8,1,5,4,5,7,4,4,1,4,1,2,13,23,3,10,1,1,B12,7,9,1,8,1,1,,23,23,1,22,8,B12,120.639733,24.169075,2
2022,12,16,18,12,臺中市,西屯區,0,0,0,8,,,50,,,,,,,,,,,,,,,10,,,,,B03,,,1,,2,,,10,,1,22,,B03,120.637855,24.163108,3
2022,12,16,18,13,臺中市,南屯區,0,0,0,,,,50,,,,,,,,,,,,,,,6,,,,,C03,,,1,,2,,,6,,1,22,,C03,120.611568,24.138461,3
2022,12,16,18,13,臺中市,北屯區,0,2,0,8,3,5,50,4,2,1,5,4,5,7,1,1,5,4,5,2,16,8,2,8,1,1,C03,7,5,1,10,2,12,,8,8,1,22,8,C03,120.72472,24.176146,2
2022,12,16,18,13,臺中市,大里區,0,0,0,8,,,50,,,,,,,,,,,,,,,23,,,,,B03,,,1,,2,,,23,,1,22,,B03,120.696156,24.099948,3
2022,12,16,18,14,臺中市,西屯區,0,0,0,8,,,40,,,,,,,,,,,,,,,17,,,,,B03,,,1,,2,,,17,,1,22,,B03,120.615946,24.182604,3
2022,12,16,18,14,臺中市,太平區,0,0,0,,,,40,,,,,,,,,,,,,,,16,,,,,B03,,,1,,2,,,16,,1,4,,B03,120.723976,24.142059,3
2022,12,16,18,16,臺中市,西屯區,0,2,0,8,1,5,40,14,8,1,5,4,5,7,4,4,8,4,4,1,16,6,3,10,1,4,B03,7,6,1,8,2,2,,6,6,1,4,8,B03,120.64474,24.183525,2
2022,12,16,18,18,臺中市,北屯區,0,1,0,8,3,5,50,3,2,1,5,4,5,7,4,4,5,4,5,2,16,6,3,10,1,1,C03,7,5,1,10,2,12,,6,6,1,22,8,C03,120.705851,24.172942,2
2022,12,16,18,21,臺中市,北屯區,0,1,0,8,3,5,50,4,1,1,5,4,5,7,1,1,5,5,5,2,12,6,3,10,1,1,B03,7,6,1,8,2,5,,6,6,1,22,8,B03,120.676286,24.201206,2
2022,12,16,18,21,臺中市,梧棲區,0,0,0,,,,90,,,,,,,,,,,,,,,16,,,,,B03,,,1,,2,,,16,,1,4,,B03,120.541285,24.261645,3
2022,12,16,18,23,臺中市,西屯區,0,3,0,8,3,5,50,4,1,1,5,4,5,7,2,1,10,5,5,2,16,6,2,9,1,1,C03,7,5,1,10,2,12,,6,6,1,22,8,C03,120.657579,24.167814,2
2022,12,16,18,24,臺中市,北屯區,0,1,0,8,3,5,50,14,9,1,5,4,5,7,4,4,5,2,5,2,18,42,2,9,1,1,C03,7,9,1,10,2,14,,42,42,1,18,8,C03,120.716526,24.175168,2
2022,12,16,18,25,臺中市,霧峰區,0,0,0,8,,,30,,,,,,,,,,,,,,,23,,,,,B03,,,1,,2,,,23,,1,3,,B03,120.697568,24.062666,3
2022,12,16,18,26,臺中市,西屯區,0,2,0,8,3,5,1,14,20,1,5,4,5,7,4,4,10,5,5,2,1,26,2,9,1,1,C03,7,9,1,10,2,11,,26,26,1,22,8,C03,120.610756,24.19234,2
2022,12,16,18,28,臺中市,南區,0,1,0,8,3,5,50,5,1,1,5,4,5,7,2,1,1,4,4,2,12,7,2,9,1,1,C03,7,7,3,18,2,14,,7,7,1,5,5,C03,120.660121,24.124408,2
2022,12,16,18,30,臺中市,南屯區,0,0,0,,,,50,,,,,,,,,,,,,,,23,,,,,C03,,,1,,2,,,23,,1,22,,C03,120.615196,24.147986,3
2022,12,16,18,30,臺中市,清水區,0,0,0,8,,,50,,,,,,,,,,,,,,,23,,,,,B03,,,1,,2,,,23,,1,5,,B03,120.56453,24.297805,3
2022,12,16,18,31,臺中市,潭子區,0,0,0,8,,,60,,,,,,,,,,,,,,,16,,,,,B03,,,1,,2,,,16,,1,22,,B03,120.688163,24.215925,3
2022,12,16,18,31,臺中市,西屯區,0,2,0,8,3,5,40,4,1,1,5,4,5,7,1,1,9,4,1,2,13,23,2,9,1,1,C03,7,9,1,10,1,11,,23,23,1,12,8,C03,120.632545,24.170095,2
2022,12,16,18,33,臺中市,西屯區,0,0,0,8,,,50,,,,,,,,,,,,,,,23,,,,,B03,,,1,,1,,,23,,1,22,,B03,120.635585,24.168081,3
2022,12,16,18,33,臺中市,大甲區,0,1,0,8,3,5,60,14,8,1,5,4,5,7,4,4,1,4,4,1,17,42,2,9,1,1,C03,7,9,1,10,2,14,,42,42,1,5,8,C03,120.61826,24.35339,2
2022,12,16,18,35,臺中市,沙鹿區,0,1,0,7,3,5,50,3,2,1,5,4,5,7,1,1,3,3,4,1,17,25,3,10,3,4,B03,7,5,1,8,2,1,,25,25,1,22,8,B03,120.561744,24.208394,2
2022,12,16,18,37,臺中市,東區,0,1,0,8,3,5,50,5,1,1,5,4,5,7,1,1,9,4,4,2,12,42,2,9,1,1,C03,7,7,1,10,2,14,,42,42,1,5,1,C03,120.693452,24.133073,2
2022,12,16,18,39,臺中市,東區,0,0,0,,,,50,,,,,,,,,,,,,,,23,,,,,B03,,,1,,2,,,23,,1,22,,B03,120.709725,24.149513,3
2022,12,16,18,40,臺中市,潭子區,0,1,0,8,3,5,50,4,2,1,5,4,5,7,1,1,5,5,5,1,13,23,3,10,1,1,B03,7,9,1,8,2,5,,23,23,1,22,9,B03,120.710253,24.208559,2
2022,12,16,18,41,臺中市,豐原區,0,0,0,8,,,60,,,,,,,,,,,,,,,16,,,,,B03,,,1,,2,,,16,,1,22,,B03,120.702982,24.24011,3
2022,12,16,18,43,臺中市,大雅區,0,1,0,8,3,5,50,4,1,1,5,4,5,7,1,1,1,4,5,1,3,15,3,10,1,1,B03,7,5,1,8,2,8,,15,15,1,22,9,B03,120.948396,24.221218,2
2022,12,16,18,44,臺中市,南區,0,0,0,8,,,50,,,,,,,,,,,,,,,7,,,,,B01,,,1,,2,,,7,,1,10,,B01,120.652004,24.112582,3
2022,12,16,18,45,臺中市,沙鹿區,0,1,0,8,3,5,60,4,1,1,5,4,5,7,1,1,10,5,5,2,16,26,3,10,1,1,B03,7,6,1,8,2,6,,26,26,1,19,9,B03,120.564691,24.23969,2
2022,12,16,18,45,臺中市,梧棲區,0,0,0,,,,30,,,,,,,,,,,,,,,6,,,,,B03,,,1,,2,,,6,,1,5,,B03,120.546371,24.24515,3
2022,12,16,18,46,臺中市,西屯區,0,0,0,8,,,50,,,,,,,,,,,,,,,16,,,,,B03,,,1,,1,,,16,,1,22,,B03,120.647018,24.20073,3
2022,12,16,18,47,臺中市,西屯區,0,0,0,8,,,50,,,,,,,,,,,,,,,23,,,,,C01,,,1,,2,,,23,,1,4,,C01,120.631916,24.170243,3
2022,12,16,18,54,臺中市,北屯區,0,0,0,8,,,50,,,,,,,,,,,,,,,16,,,,,B03,,,1,,1,,,16,,1,4,,B03,120.686018,24.180736,3
2022,12,16,18,54,臺中市,北屯區,0,1,0,8,3,5,50,14,9,1,5,4,5,7,4,4,1,4,5,2,12,17,3,10,1,1,B03,7,4,1,8,2,2,,17,17,1,22,8,B03,120.684531,24.172525,2
2022,12,16,18,55,臺中市,西屯區,0,0,0,8,,,50,,,,,,,,,,,,,,,42,,,,,B03,,,1,,1,,,42,42,1,22,,B03,120.638228,24.181468,3
2022,12,16,18,56,臺中市,大里區,0,1,0,8,1,5,50,4,1,1,5,4,5,7,1,1,10,5,5,2,13,23,2,9,1,1,C03,7,9,1,10,2,11,,23,23,1,4,8,C03,120.69577,24.087915,2
2022,12,16,18,57,臺中市,西區,0,1,0,8,3,5,50,4,1,1,5,4,5,7,1,1,10,5,5,2,12,17,3,10,1,1,B03,7,9,1,8,2,2,,17,17,1,22,9,B03,120.660186,24.146726,2
2022,12,16,19,0,臺中市,大肚區,0,0,0,8,,,50,,,,,,,,,,,,,,,23,,,,,A11,,,1,,2,,,23,,1,2,,A11,120.579063,24.168665,3
2022,12,16,19,0,臺中市,東勢區,0,1,0,8,3,5,50,14,9,1,5,4,5,7,4,4,5,5,5,1,17,23,2,9,3,4,C03,7,9,1,10,2,11,,23,23,1,22,8,C03,120.829369,24.256902,2
2022,12,16,19,1,臺中市,大里區,0,0,0,8,,,40,,,,,,,,,,,,,,,23,,,,,B03,,,1,,2,,,23,,1,3,,B03,120.691223,24.091811,3
2022,12,16,19,9,臺中市,大雅區,0,1,0,8,1,5,60,3,1,1,5,4,5,7,1,1,3,4,4,1,12,6,3,10,1,1,B03,7,6,1,8,2,8,,6,6,1,22,9,B03,120.64139,24.229973,2
2022,12,16,19,12,臺中市,西區,0,1,0,8,3,5,50,4,1,1,5,4,5,7,2,1,10,5,5,2,16,6,3,10,1,1,B03,7,6,1,8,2,5,,6,6,1,22,8,B03,120.674219,24.14843,2
2022,12,16,19,17,臺中市,太平區,0,1,0,8,2,5,40,14,8,1,5,4,5,7,4,4,5,5,4,2,16,19,3,10,1,1,C03,7,1,1,10,2,11,,19,19,1,4,5,C03,120.713221,24.159691,2
2022,12,16,19,18,臺中市,北屯區,0,1,0,8,3,5,50,4,1,1,5,4,5,7,4,4,10,5,5,2,15,6,3,10,1,1,B03,7,9,1,8,2,1,,6,6,1,21,8,B03,120.725371,24.165362,2
2022,12,16,19,20,臺中市,西屯區,0,0,0,8,,,50,,,,,,,,,,,,,,,23,,,,,B03,,,1,,1,,,23,,1,22,,B03,120.63834,24.203176,3
2022,12,16,19,21,臺中市,豐原區,0,0,0,8,,,60,,,,,,,,,,,,,,,16,,,,,B03,,,1,,2,,,16,,1,21,,B03,120.721285,24.236511,3
2022,12,16,19,23,臺中市,沙鹿區,0,1,0,7,3,5,50,4,2,1,5,4,3,7,1,3,8,3,5,1,17,6,3,10,3,4,B03,7,9,1,8,2,2,,6,6,1,22,8,B03,120.57363,24.224724,2
2022,12,16,19,24,臺中市,潭子區,0,1,0,8,3,5,50,14,9,1,5,4,5,7,4,4,5,5,5,2,17,4,2,9,1,1,C03,7,9,1,10,2,15,,4,4,1,22,8,C03,120.69203,24.225027,2
2022,12,16,19,25,臺中市,梧棲區,0,1,0,8,3,5,50,4,1,1,5,4,5,7,4,4,10,5,5,2,14,12,3,10,1,1,B03,7,2,1,8,2,3,,12,12,1,9,8,B03,120.540156,24.251758,2
2022,12,16,19,26,臺中市,烏日區,0,2,0,8,3,5,50,14,8,1,5,4,5,7,4,4,1,4,4,2,17,23,2,7,1,1,C03,7,14,1,10,2,15,,38,23,1,5,8,C03,120.637876,24.113043,2
2022,12,16,19,28,臺中市,北區,0,0,0,8,,,50,,,,,,,,,,,,,,,23,,,,,B03,,,1,,1,,,23,,1,22,,B03,120.675137,24.146067,3
2022,12,16,19,30,臺中市,中區,0,1,0,8,1,5,40,3,1,1,5,4,5,7,1,1,10,5,5,2,17,16,2,9,1,1,C03,7,9,1,10,2,12,,16,16,1,22,9,C03,120.679556,24.1479,2
2022,12,16,19,53,臺中市,南屯區,0,0,0,8,,,50,,,,,,,,,,,,,,,16,,,,,B03,,,1,,2,,,16,16,1,22,,B03,120.652882,24.133852,3
2022,12,16,19,57,臺中市,西區,0,1,0,8,1,5,50,14,9,1,5,4,5,7,4,4,10,5,5,2,17,23,3,10,1,1,B01,7,9,1,4,2,2,,23,23,1,22,9,B01,120.667867,24.14438,2
2022,12,16,19,58,臺中市,北屯區,0,0,0,8,,,50,,,,,,,,,,,,,,,23,,,,,B03,,,1,,1,,,23,,1,22,,B03,120.68847,24.201012,3
2022,12,16,19,59,臺中市,南屯區,0,0,0,8,,,50,,,,,,,,,,,,,,,17,,,,,B03,,,1,,2,,,17,,1,5,,B03,120.648693,24.148825,3
2022,12,16,20,3,臺中市,北屯區,0,1,0,8,3,5,80,14,9,1,5,4,5,7,4,4,2,3,5,1,13,16,3,10,1,1,B03,7,9,1,8,2,1,,16,16,1,22,8,B03,120.715036,24.160478,2
2022,12,16,20,5,臺中市,太平區,0,1,0,8,3,5,50,4,1,1,5,4,5,7,1,1,10,5,5,2,17,42,3,10,1,1,C03,7,9,1,10,2,15,,42,42,1,19,8,C03,120.717918,24.1288,2
2022,12,16,20,7,臺中市,神岡區,0,1,0,8,3,5,50,4,1,1,5,4,5,7,1,1,10,5,5,2,16,6,3,10,1,1,B03,7,5,1,8,2,2,,6,6,1,22,9,B03,120.696083,24.25186,2
2022,12,16,20,10,臺中市,北區,0,1,0,8,3,5,50,3,9,1,5,4,5,7,4,4,5,4,5,2,12,19,2,8,1,1,C03,7,1,1,10,2,14,,19,19,1,21,8,C03,120.687169,24.148841,2
2022,12,16,20,12,臺中市,大肚區,0,1,0,8,3,5,50,14,9,1,5,4,5,7,4,4,5,4,5,1,27,67,,,,,,,,,,,,,67,67,1,,,,120.571471,24.155817,2
2022,12,16,20,14,臺中市,西屯區,0,0,0,8,,,40,,,,,,,,,,,,,,,23,,,,,B03,,,1,,1,,,23,,1,22,,B03,120.655731,24.165004,3
2022,12,16,20,15,臺中市,大雅區,0,1,0,8,3,5,50,4,1,1,5,4,5,7,4,4,5,5,5,1,1,23,3,10,1,1,B03,7,11,1,8,2,8,,23,23,1,22,9,B03,120.647802,24.227777,2
2022,12,16,20,15,臺中市,霧峰區,0,1,0,8,1,5,50,14,7,1,5,4,5,7,4,4,5,4,4,1,13,23,2,9,3,4,C03,7,9,1,10,2,11,,23,23,1,18,8,C03,120.698996,24.069813,2
2022,12,16,20,18,臺中市,南屯區,0,0,0,,,,40,,,,,,,,,,,,,,,7,,,,,C03,,,1,,1,,,7,,1,4,,C03,120.622822,24.146415,3
2022,12,16,20,20,臺中市,大里區,0,1,0,8,3,5,50,3,1,1,5,4,5,7,3,1,10,5,5,2,16,9,3,10,1,1,B12,7,6,1,8,2,6,,9,9,1,5,5,B12,120.679611,24.095471,2
2022,12,16,20,21,臺中市,南區,0,1,0,8,3,5,50,14,13,1,5,4,5,7,4,4,9,4,4,2,12,7,3,10,1,1,B03,7,7,1,8,2,5,,7,7,1,5,1,B03,120.664844,24.124464,2
2022,12,16,20,35,臺中市,西區,0,0,0,8,,,60,,,,,,,,,,,,,,,23,,,,,B03,,,1,,2,,,23,,1,22,,B03,120.66202,24.156156,3
2022,12,16,20,35,臺中市,大里區,0,1,0,8,3,5,50,14,9,1,5,4,5,7,4,4,9,5,5,2,13,23,2,8,1,1,C03,7,9,1,10,2,11,,23,23,1,5,8,C03,120.702955,24.09159,2
2022,12,16,20,41,臺中市,北屯區,0,0,0,8,,,50,,,,,,,,,,,,,,,17,,,,,B03,,,1,,1,,,17,,1,21,,B03,120.669492,24.177193,3
2022,12,16,20,41,臺中市,西屯區,0,0,0,8,,,50,,,,,,,,,,,,,,,16,,,,,C03,,,1,,2,,,16,,1,22,,C03,120.653455,24.160685,3
2022,12,16,20,42,臺中市,南區,0,1,0,7,3,5,50,4,2,1,5,4,5,7,1,1,10,5,5,2,13,23,2,3,1,1,C03,7,9,1,10,2,11,,23,23,1,22,9,C03,120.654958,24.11542,2
2022,12,16,20,47,臺中市,東區,0,0,0,,,,50,,,,,,,,,,,,,,,12,,,,,B12,,,1,,1,,,12,,1,22,,B12,120.710991,24.145613,3
2022,12,16,20,49,臺中市,南屯區,0,1,0,8,1,5,50,4,1,1,5,4,5,7,2,1,5,2,5,2,17,23,3,10,3,4,B03,7,6,1,8,2,15,,42,23,1,22,9,B03,120.646423,24.137475,2
2022,12,16,20,50,臺中市,西區,0,0,0,8,3,5,50,4,1,1,5,4,5,7,4,4,10,5,5,2,29,43,,,,,B03,,,1,,1,,,43,,1,22,,B03,120.662646,24.13515,3
2022,12,16,20,50,臺中市,后里區,0,0,0,8,,,50,,,,,,,,,,,,,,,6,,,,,B12,,,1,,2,,,6,,1,21,,B12,120.725708,24.318421,3
2022,12,16,20,51,臺中市,東區,0,1,0,8,3,5,50,3,1,1,5,4,5,7,4,4,5,4,4,2,16,10,3,10,1,1,B03,7,11,1,8,2,4,,10,10,1,3,5,B03,120.701082,24.131964,2
2022,12,16,20,59,臺中市,中區,0,1,0,8,3,5,50,5,1,1,5,4,5,7,1,1,10,5,5,2,15,25,3,10,1,1,B03,7,9,1,8,2,2,,25,25,1,21,8,B03,120.681796,24.144577,2
2022,12,16,21,2,臺中市,龍井區,0,0,0,8,,,40,,,,,,,,,,,,,,,6,,,,,C03,,,1,,2,,,6,,1,2,,C03,120.54782,24.192538,3
2022,12,16,21,15,臺中市,烏日區,0,0,0,8,3,5,50,5,1,1,5,4,5,7,2,1,5,2,5,1,13,23,3,10,3,4,B12,7,12,1,8,2,1,,23,23,1,21,9,B12,120.650258,24.106926,3
2022,12,16,21,16,臺中市,西屯區,0,0,0,8,,,50,,,,,,,,,,,,,,,12,,,,,B01,,,1,,1,,,12,12,1,22,,B01,120.646462,24.178825,3
2022,12,16,21,18,臺中市,大肚區,0,2,0,8,3,5,70,4,1,1,5,4,5,7,1,1,10,5,5,2,16,42,3,10,1,1,B03,7,6,1,8,2,2,,42,42,1,1,8,B03,120.549346,24.148538,2
2022,12,16,21,28,臺中市,清水區,0,0,0,8,,,50,,,,,,,,,,,,,,,23,,,,,B03,,,1,,2,,,23,,1,5,,B03,120.561465,24.267409,3
2022,12,16,21,33,臺中市,豐原區,0,0,0,8,,,40,,,,,,,,,,,,,,,12,,,,,B03,,,1,,2,,,12,12,1,22,,B03,120.721284,24.27074,3
2022,12,16,21,42,臺中市,潭子區,0,0,0,8,,,50,,,,,,,,,,,,,,,17,,,,,B03,,,1,,9,,,17,,1,22,,B03,120.705931,24.202545,3
2022,12,16,21,42,臺中市,北屯區,0,1,0,8,3,5,50,4,1,1,5,4,5,7,1,1,5,4,5,2,16,6,3,10,1,1,B02,7,5,1,8,2,6,,6,6,1,22,8,B02,120.727365,24.176586,2
2022,12,16,21,45,臺中市,西區,0,1,0,8,3,5,50,3,1,1,5,4,5,7,4,4,10,5,5,2,17,6,3,10,3,4,B12,7,6,1,2,2,1,,6,6,1,22,5,B12,120.657373,24.145561,2
2022,12,16,22,1,臺中市,南區,0,1,0,8,3,5,50,3,1,1,5,4,5,7,4,4,9,4,4,2,12,23,2,9,1,1,C03,7,9,2,18,2,11,12,23,23,1,5,1,C03,120.655263,24.123906,2
2022,12,16,22,11,臺中市,西屯區,0,1,0,8,3,5,50,14,8,1,5,4,5,7,4,4,1,4,4,2,16,9,2,8,1,1,B03,7,6,1,8,2,2,,9,9,1,22,8,B03,120.642103,24.164589,2
2022,12,16,22,11,臺中市,烏日區,0,0,0,8,3,5,50,14,7,1,5,4,5,7,4,4,5,5,4,1,13,16,3,10,3,4,B03,7,12,1,8,2,1,,16,16,1,21,9,B03,120.60728,24.11057,3
2022,12,16,22,12,臺中市,北屯區,0,0,0,8,,,80,,,,,,,,,,,,,,,7,,,,,B03,,,1,,1,,,7,,1,21,,B03,120.718328,24.160111,3
2022,12,16,22,13,臺中市,南屯區,0,1,0,8,3,5,50,4,1,1,5,4,5,7,2,1,1,2,5,2,12,17,2,9,1,1,C03,7,9,3,18,2,14,,17,17,1,4,8,C03,120.60681,24.147967,2
2022,12,16,22,17,臺中市,西區,0,0,0,8,,,50,,,,,,,,,,,,,,,8,,,,,B03,,,1,,1,,,8,,1,21,,B03,120.668876,24.13389,3