年,月,日,時,分,縣市,區,死,受傷,2-30,天候,光線,道路類別,速限,道路型態,事故位置,路面鋪裝,路面狀態,路面缺陷,障礙物,視距,號誌種類,號誌動作,分向設施,快車道或一般車道間,快慢車道間,路面邊線,事故類型及型態,主要肇因,受傷程度,主要傷處,保護裝備,行動電話,當事者區分,車輛用途,當事者行動狀態,駕駛資格情形,駕駛執照種類,飲酒情形,車輛撞擊部位最初,車輛撞擊部位其他,肇事因素個別,肇事因素主要,肇事逃逸,職業,旅次目的,車種,GPS緯度,GPS經度,事故類別
2022,12,18,9,33,臺中市,大雅區,0,0,0,8,,,50,,,,,,,,,,,,,,,23,,,,,B03,,,1,,2,,,23,23,1,22,,B03,120.645686,24.227865,3
2022,12,18,9,35,臺中市,太平區,0,1,0,8,1,5,50,4,1,1,5,4,5,7,1,1,10,5,5,2,15,25,2,9,1,1,C03,7,9,1,10,2,14,,25,25,1,21,8,C03,120.724712,24.141932,2
2022,12,18,9,40,臺中市,大雅區,0,1,0,8,1,5,30,4,1,1,5,4,5,7,3,1,10,5,5,1,15,6,3,10,1,1,B03,7,9,1,8,2,2,,6,6,1,22,8,B03,120.66269,24.220257,2
2022,12,18,9,42,臺中市,東區,0,2,0,8,1,5,50,4,1,1,5,4,5,7,4,4,10,5,5,2,15,6,2,8,1,1,C03,7,9,1,10,2,11,,6,6,1,5,8,C03,120.691001,24.140726,2
2022,12,18,9,44,臺中市,神岡區,0,0,0,8,,,30,,,,,,,,,,,,,,,17,,,,,B03,,,1,,1,,,17,,1,22,,B03,120.646758,24.250291,3
2022,12,18,9,50,臺中市,東勢區,0,0,0,8,,,40,,,,,,,,,,,,,,,23,,,,,C03,,,1,,1,,,23,,1,21,,C03,120.830296,24.253055,3
2022,12,18,9,51,臺中市,北屯區,0,0,0,8,,,50,,,,,,,,,,,,,,,12,,,,,B03,,,1,,1,,,12,,1,22,,B03,120.708555,24.193675,3
2022,12,18,9,56,臺中市,新社區,0,0,0,8,,,1,,,,,,,,,,,,,,,12,,,,,B12,,,1,,2,,,12,,1,22,,B12,120.795931,24.218131,3
2022,12,18,10,6,臺中市,北屯區,0,0,0,8,,,50,,,,,,,,,,,,,,,6,,,,,C03,,,1,10,2,,,6,6,1,21,,C03,120.701197,24.185868,3
2022,12,18,10,10,臺中市,東區,0,1,0,8,1,5,50,5,4,1,5,4,5,7,1,1,1,4,4,2,13,23,3,10,1,1,B03,7,6,1,10,2,5,,23,23,1,21,8,B03,120.690822,24.132,2
2022,12,18,10,10,臺中市,大里區,0,1,0,8,1,5,50,14,9,1,5,4,5,7,3,1,5,4,5,1,17,40,3,10,3,4,B03,7,15,1,8,2,4,,40,40,1,22,9,B03,120.688768,24.108161,2
2022,12,18,10,10,臺中市,梧棲區,0,0,0,8,,,40,,,,,,,,,,,,,,,23,,,,,B03,,,1,,2,,,23,,1,22,,B03,120.54615,24.246563,3
2022,12,18,10,27,臺中市,豐原區,0,0,0,8,,,50,,,,,,,,,,,,,,,23,,,,,C03,,,1,,2,,,23,,1,22,,C03,120.723806,24.253913,3
2022,12,18,10,30,臺中市,大雅區,0,0,0,8,,,30,,,,,,,,,,,,,,,12,,,,,B03,,,1,,2,,,12,,1,22,,B03,120.654978,24.211132,3
2022,12,18,10,30,臺中市,北屯區,0,0,0,8,,,50,,,,,,,,,,,,,,,23,,,,,B03,,,1,,2,,,23,,1,22,,B03,120.701055,24.182151,3
2022,12,18,10,37,臺中市,潭子區,0,0,0,6,,,50,,,,,,,,,,,,,,,23,,,,,B03,,,1,,2,,,23,,1,22,,B03,120.703268,24.199704,3
2022,12,18,10,41,臺中市,北屯區,0,2,0,8,1,5,50,14,9,1,5,4,5,7,4,4,5,2,5,2,17,23,2,9,1,1,C03,7,9,4,11,2,15,,23,23,1,22,8,C03,120.679021,24.187606,2
2022,12,18,10,48,臺中市,后里區,0,0,0,8,1,5,30,3,1,1,5,4,3,5,4,4,10,5,5,2,16,4,,,,,C03,,,1,,2,,,4,,1,22,,C03,120.709464,24.312429,3
2022,12,18,11,6,臺中市,北屯區,0,1,0,8,1,5,50,4,1,1,5,4,5,7,1,1,10,5,5,2,15,25,2,8,1,1,C03,7,9,1,10,2,11,,25,25,1,22,8,C03,120.658978,24.184756,2
2022,12,18,11,8,臺中市,清水區,0,0,0,8,,,50,,,,,,,,,,,,,,,23,,,,,B03,,,1,,2,,,23,,1,5,,B03,120.57527,24.279435,3
2022,12,18,11,11,臺中市,西屯區,0,2,0,8,1,5,50,4,1,1,5,4,5,7,2,1,10,5,5,2,16,26,2,8,1,1,C03,7,5,1,10,2,11,,26,26,1,8,1,C03,120.639636,24.184775,2
2022,12,18,11,12,臺中市,烏日區,0,0,0,8,,,50,,,,,,,,,,,,,,,23,,,,,B03,,,1,,2,,,23,,1,21,,B03,120.594136,24.112068,3
2022,12,18,11,15,臺中市,大甲區,0,0,0,8,,,70,,,,,,,,,,,,,,,23,,,,,B03,,,1,,1,,,23,,1,21,,B03,120.648701,24.377318,3
2022,12,18,11,19,臺中市,烏日區,0,2,0,8,1,5,70,4,1,1,5,4,5,7,2,1,10,5,5,2,13,16,2,9,1,1,C03,7,9,3,18,2,11,14,16,16,1,19,8,C03,120.603904,24.109671,2
2022,12,18,11,21,臺中市,東區,0,0,0,,,,40,,,,,,,,,,,,,,,42,,,,,A12,,,1,,2,,,42,,1,5,,A12,120.696398,24.136953,3
2022,12,18,11,23,臺中市,西區,0,0,0,,,,50,,,,,,,,,,,,,,,7,,,,,B03,,,1,,2,,,7,,1,5,,B03,120.667664,24.130893,3
2022,12,18,11,23,臺中市,神岡區,0,2,0,8,1,5,30,14,9,1,5,4,5,7,4,4,10,5,5,2,17,42,3,10,1,1,C03,7,15,1,10,2,11,,42,42,1,22,8,C03,120.682235,24.243755,2
2022,12,18,11,27,臺中市,東勢區,0,2,0,8,1,5,60,4,1,1,5,4,5,7,1,1,10,5,5,2,17,25,2,2,3,4,B12,7,5,1,8,2,4,,25,25,1,10,8,B12,120.82216,24.261731,2
2022,12,18,11,29,臺中市,西屯區,0,0,0,8,,,40,,,,,,,,,,,,,,,16,,,,,B03,,,1,,1,,,16,,1,22,,B03,120.634948,24.179291,3
2022,12,18,11,32,臺中市,烏日區,0,2,0,8,1,5,50,4,2,1,5,4,5,7,4,4,5,5,5,2,11,4,2,9,1,1,C03,7,9,1,10,2,11,14,4,4,1,21,8,C03,120.625264,24.108198,2
2022,12,18,11,32,臺中市,外埔區,0,0,0,8,,,30,,,,,,,,,,,,,,,67,,,,,,,,,,,,,67,,1,,,,120.639425,24.344465,3
2022,12,18,11,34,臺中市,北屯區,0,1,0,8,1,5,30,4,1,1,5,4,5,7,4,4,10,5,5,2,15,6,2,9,1,1,C03,7,9,3,18,2,14,,6,6,1,22,8,C03,120.678987,24.194121,2
2022,12,18,11,35,臺中市,北屯區,0,0,0,8,,,50,,,,,,,,,,,,,,,19,,,,,B03,,,1,,1,,,19,,1,22,,B03,120.686913,24.186681,3
2022,12,18,11,44,臺中市,東區,0,0,0,,,,50,,,,,,,,,,,,,,,10,,,,,B03,,,1,,2,,,10,,1,22,,B03,120.685088,24.135313,3
2022,12,18,11,45,臺中市,潭子區,0,1,0,8,1,5,80,14,16,1,5,4,5,7,4,4,3,4,5,1,17,30,3,10,1,1,B12,7,9,1,8,11,15,,30,30,1,22,8,B12,120.704501,24.20948,2
2022,12,18,11,49,臺中市,北區,0,0,0,8,,,50,,,,,,,,,,,,,,,23,,,,,B03,,,1,,1,,,23,,1,21,,B03,120.680349,24.155745,3
2022,12,18,12,0,臺中市,西區,0,0,0,8,,,50,,,,,,,,,,,,,,,12,,,,,B03,,,1,,1,,,12,,1,4,,B03,120.668818,24.150847,3
2022,12,18,12,0,臺中市,東區,0,0,0,8,1,5,40,15,20,1,5,4,5,7,4,4,10,5,5,2,17,23,3,10,1,1,C03,7,9,1,10,2,11,,23,23,1,22,8,C03,120.687764,24.138337,3
2022,12,18,12,3,臺中市,西屯區,0,0,0,8,,,50,,,,,,,,,,,,,,,42,,,,,B03,,,1,,1,,,42,,1,21,,B03,120.643761,24.171598,3
2022,12,18,12,5,臺中市,北屯區,0,1,0,8,1,5,50,3,1,1,5,4,5,7,4,4,3,4,5,2,12,7,3,10,1,1,B12,7,8,1,8,2,2,,7,7,1,22,8,B12,120.693716,24.164203,2
2022,12,18,12,10,臺中市,梧棲區,0,1,0,8,1,5,70,3,2,1,5,4,5,7,1,1,3,4,3,1,17,23,3,10,3,4,B03,7,8,1,7,2,4,2,23,23,1,22,8,B03,120.547783,24.245944,2
2022,12,18,12,10,臺中市,豐原區,0,0,0,8,,,50,,,,,,,,,,,,,,,16,,,,,C03,,,4,,2,,,16,,1,19,,C03,120.721327,24.258102,3
2022,12,18,12,11,臺中市,北屯區,0,1,0,8,1,5,50,14,9,1,5,4,5,7,4,4,9,5,5,2,16,19,3,10,1,1,B03,7,1,1,7,2,8,,19,19,1,21,8,B03,120.698438,24.184701,2
2022,12,18,12,14,臺中市,大雅區,0,1,0,8,1,8,30,14,9,1,5,4,5,7,4,4,10,5,5,2,11,23,2,9,2,1,C03,7,9,1,10,2,11,,23,23,1,22,9,C03,120.644881,24.242585,2
2022,12,18,12,14,臺中市,神岡區,0,0,0,8,,,50,,,,,,,,,,,,,,,16,,,,,B12,,,6,,2,,,16,,1,22,,B12,120.694557,24.248422,3
2022,12,18,12,15,臺中市,東區,0,2,0,8,1,5,50,4,1,1,5,4,5,7,2,1,10,5,5,2,15,19,2,8,1,1,F01,7,1,8,20,2,16,,19,19,1,5,8,F01,120.689298,24.140058,2
2022,12,18,12,15,臺中市,太平區,0,1,0,8,1,5,50,14,9,1,5,4,5,7,4,4,5,4,5,2,17,26,2,7,1,1,C03,7,11,1,10,2,11,,26,26,1,21,8,C03,120.71139,24.126712,2
2022,12,18,12,15,臺中市,神岡區,0,0,0,8,,,50,,,,,,,,,,,,,,,12,,,,,B03,,,1,,1,,,12,,1,22,,B03,120.659148,24.257063,3
2022,12,18,12,20,臺中市,大里區,0,0,0,8,,,50,,,,,,,,,,,,,,,23,,,,,B03,,,1,,2,,,23,,1,20,,B03,120.683059,24.098764,3
2022,12,18,12,29,臺中市,豐原區,0,1,0,8,1,5,50,3,1,1,5,4,5,7,1,1,10,5,5,2,13,23,3,10,1,1,B03,7,9,1,8,2,1,,23,23,1,22,8,B03,120.7204,24.265583,2
2022,12,18,12,30,臺中市,大里區,0,1,0,8,1,5,50,4,7,1,5,4,5,7,2,1,5,4,4,1,13,23,3,10,1,1,B03,7,9,1,8,2,1,,23,23,1,5,8,B03,120.689796,24.107858,2
2022,12,18,12,32,臺中市,南屯區,0,0,0,8,1,5,50,4,1,1,5,4,5,7,2,1,10,5,5,2,16,6,3,10,1,1,B03,7,6,1,8,1,5,,6,6,1,20,7,B03,120.637184,24.15155,4
2022,12,18,12,36,臺中市,大里區,0,1,0,8,1,5,25,4,2,1,5,4,5,7,1,1,5,5,5,1,16,17,3,10,3,4,C03,7,9,1,10,2,14,,17,17,1,22,9,C03,120.696706,24.111166,2
2022,12,18,12,39,臺中市,豐原區,0,0,0,,,,30,,,,,,,,,,,,,,,12,,,,,B12,,,1,,2,,,12,,1,22,,B12,120.718262,24.255619,3
2022,12,18,12,43,臺中市,烏日區,0,1,0,8,1,5,70,4,2,1,5,4,5,7,1,1,1,4,4,1,13,16,3,10,1,1,A04,7,9,1,2,2,5,,16,16,1,10,8,A04,120.603904,24.109671,2
2022,12,18,12,45,臺中市,龍井區,0,0,0,8,,,30,,,,,,,,,,,,,,,23,,,,,C03,,,1,,1,,,23,,1,9,,C03,120.549391,24.18568,3
2022,12,18,12,47,臺中市,沙鹿區,0,1,0,8,1,5,50,4,1,1,5,4,5,7,1,1,10,5,5,2,3,12,3,10,1,1,B03,7,2,1,8,2,3,,12,12,1,22,8,B03,120.560305,24.24016,2
2022,12,18,12,48,臺中市,西區,0,1,0,8,1,5,50,4,1,1,5,4,5,7,1,1,10,5,5,2,17,25,3,10,1,1,C03,7,5,1,10,1,12,,25,25,1,21,8,C03,120.657241,24.141563,2
2022,12,18,12,50,臺中市,大雅區,0,3,0,8,1,5,30,4,2,1,5,4,5,7,4,4,10,5,5,2,16,6,2,7,1,1,C03,7,9,1,10,2,12,,6,6,1,22,9,C03,120.653951,24.218094,2
2022,12,18,12,57,臺中市,西區,0,1,0,8,1,5,50,14,9,1,5,4,5,7,4,4,5,5,5,2,2,23,3,10,1,1,C03,7,9,1,10,2,11,,23,23,1,21,8,C03,120.660289,24.147115,2
2022,12,18,12,57,臺中市,北區,0,0,0,,,,50,,,,,,,,,,,,,,,23,,,,,B03,,,1,,2,,,23,,1,5,,B03,120.683568,24.15343,3
2022,12,18,13,0,臺中市,北屯區,0,0,0,8,,,50,,,,,,,,,,,,,,,18,,,,,B03,,,1,,2,,,18,,1,22,,B03,120.729285,24.157848,3
2022,12,18,13,4,臺中市,北屯區,0,1,0,8,1,5,30,3,1,1,5,4,5,7,4,4,10,5,5,2,16,6,3,10,1,1,C03,7,5,1,10,2,11,,6,6,1,22,8,C03,120.740833,24.179722,2
2022,12,18,13,15,臺中市,南區,0,0,0,8,,,,,,,,,,,,,,,,,,67,,,,,,,,,,,,,67,,1,,,,120.65598,24.124376,3
2022,12,18,13,15,臺中市,和平區,0,0,0,8,1,3,30,11,9,1,5,4,5,7,4,4,10,5,5,1,13,42,3,10,1,1,B03,7,14,1,14,2,1,,42,42,1,4,8,B03,121.338447,24.377916,3
2022,12,18,13,18,臺中市,西屯區,0,1,0,8,1,5,40,4,2,1,5,4,5,7,1,1,5,5,4,2,16,42,2,9,3,4,C03,7,9,1,10,2,14,,42,42,1,22,8,C03,120.666975,24.175095,2
2022,12,18,13,33,臺中市,后里區,0,0,0,8,1,5,50,4,2,1,5,4,5,7,2,1,1,4,5,1,13,16,,,,,B03,,,1,,2,,,16,,1,22,,B03,120.724295,24.316407,3
2022,12,18,13,40,臺中市,北區,0,0,0,8,,,50,,,,,,,,,,,,,,,23,,,,,B03,,,1,,2,,,23,,1,5,,B03,120.692364,24.160851,3
2022,12,18,13,42,臺中市,西屯區,0,0,0,8,,,50,,,,,,,,,,,,,,,43,,,,,C03,,,1,,2,,,43,,1,22,,C03,120.645436,24.157034,3
2022,12,18,13,43,臺中市,北屯區,0,0,0,8,,,30,,,,,,,,,,,,,,,16,,,,,C03,,,1,,2,,,16,,1,22,,C03,120.670758,24.200848,3
2022,12,18,13,47,臺中市,沙鹿區,0,0,0,8,,,40,,,,,,,,,,,,,,,42,,,,,B03,,,1,,2,,,42,,1,22,,B03,120.56272,24.233473,3
2022,12,18,13,47,臺中市,新社區,0,0,0,8,,,50,,,,,,,,,,,,,,,23,,,,,B03,,,1,,2,,,42,23,1,5,,B03,120.789563,24.207065,3
2022,12,18,14,0,臺中市,潭子區,0,0,0,8,,,60,,,,,,,,,,,,,,,23,,,,,B03,,,1,,2,,,23,,1,22,,B03,120.704985,24.208077,3
2022,12,18,14,7,臺中市,烏日區,0,0,0,8,,,50,,,,,,,,,,,,,,,,,,,,,,,,,,,,,,1,,,,120.628707,24.101969,3
2022,12,18,14,8,臺中市,西屯區,0,1,0,8,1,5,50,14,9,1,5,4,5,7,4,4,5,4,5,2,13,23,2,9,3,4,C03,7,9,1,10,1,12,,23,23,1,22,8,C03,120.644341,24.171663,2
2022,12,18,14,14,臺中市,東區,0,0,0,,,,50,,,,,,,,,,,,,,,23,,,,,B03,,,1,,2,,,23,,1,5,,B03,120.695465,24.141985,3
2022,12,18,14,20,臺中市,西屯區,0,0,0,8,,,50,,,,,,,,,,,,,,,23,,,,,B03,,,6,,2,,,23,,1,22,,B03,120.639826,24.158256,3
2022,12,18,14,20,臺中市,沙鹿區,0,0,0,8,,,50,,,,,,,,,,,,,,,16,,,,,C03,,,1,,2,,,16,,1,4,,C03,120.570678,24.216538,3
2022,12,18,14,23,臺中市,大雅區,0,0,0,8,,,50,,,,,,,,,,,,,,,12,,,,,B03,,,1,,2,,,12,,1,22,,B03,120.651289,24.227756,3
2022,12,18,14,26,臺中市,大肚區,0,0,0,8,,,40,,,,,,,,,,,,,,,19,,,,,B03,,,1,,2,,,19,,1,21,,B03,120.550018,24.139563,3
2022,12,18,14,28,臺中市,南區,0,0,0,8,,,40,,,,,,,,,,,,,,,42,,,,,B12,,,1,8,11,,,42,42,1,5,,B12,120.701711,24.14188,3
2022,12,18,14,35,臺中市,神岡區,0,0,0,8,,,50,,,,,,,,,,,,,,,26,,,,,B03,,,1,,2,,,26,,1,21,,B03,120.655083,24.258698,3
2022,12,18,14,40,臺中市,西區,0,0,0,,,,50,,,,,,,,,,,,,,,12,,,,,B03,,,1,,1,,,12,,1,5,,B03,120.668732,24.150243,3
2022,12,18,14,41,臺中市,南屯區,0,0,0,8,,,40,,,,,,,,,,,,,,,23,,,,,B03,,,1,,2,,,23,,1,22,,B03,120.648783,24.153618,3
2022,12,18,14,41,臺中市,西屯區,0,1,0,8,1,5,50,3,1,1,5,4,5,7,2,1,10,5,5,2,16,26,2,9,1,1,C03,7,9,1,10,2,12,,26,26,1,21,8,C03,120.646548,24.175085,2
2022,12,18,14,48,臺中市,后里區,0,0,0,8,1,5,50,14,9,1,5,4,5,7,4,4,5,5,5,1,12,40,,,,,B03,,,1,,1,,,40,,1,9,,B03,120.725032,24.30897,3
2022,12,18,14,55,臺中市,霧峰區,0,2,0,8,1,5,30,14,9,1,5,4,5,7,4,4,10,5,5,2,16,19,2,9,3,4,C03,7,1,1,10,2,13,,19,19,1,21,8,C03,120.663591,24.062247,2
2022,12,18,15,0,臺中市,西區,0,0,0,,,,50,,,,,,,,,,,,,,,12,,,,,B03,,,1,,1,,,12,,1,21,,B03,120.661687,24.139281,3
2022,12,18,15,5,臺中市,和平區,0,1,0,8,1,8,20,14,9,1,5,4,5,7,4,4,4,1,5,1,13,16,2,8,1,1,C03,7,9,1,10,2,11,,16,16,1,22,8,C03,120.888933,24.173871,2
2022,12,18,15,8,臺中市,神岡區,0,2,0,8,1,5,30,15,9,1,5,4,5,7,4,4,10,5,5,1,17,6,3,10,1,1,B03,7,5,1,8,2,1,,6,6,1,22,8,B03,120.677325,24.247265,2
2022,12,18,15,12,臺中市,南屯區,0,0,0,8,,,40,,,,,,,,,,,,,,,12,,,,,B03,,,1,,1,,,12,,1,22,,B03,120.637225,24.134052,3
2022,12,18,15,15,臺中市,中區,0,0,0,8,,,50,,,,,,,,,,,,,,,12,,,,,B03,,,1,,2,,,12,,1,5,,B03,120.683513,24.140458,3
2022,12,18,15,18,臺中市,西屯區,0,0,0,8,,,50,,,,,,,,,,,,,,,43,,,,,B03,,,1,,2,,,43,,1,21,,B03,120.620528,24.183686,3
2022,12,18,15,19,臺中市,西區,0,1,0,8,1,5,50,3,1,1,5,4,5,7,4,4,1,5,5,2,16,44,3,10,1,1,B03,7,6,1,8,2,2,,44,44,1,21,8,B03,120.657373,24.145561,2
2022,12,18,15,19,臺中市,新社區,0,2,0,8,1,5,50,3,1,1,5,4,5,7,4,4,10,5,5,2,17,6,3,10,1,1,B03,7,5,1,8,2,1,,6,6,1,22,8,B03,120.816342,24.178709,2
2022,12,18,15,20,臺中市,東區,0,0,0,8,,,50,,,,,,,,,,,,,,,23,,,,,C03,,,1,,2,,,23,,1,22,,C03,120.687943,24.136529,3
2022,12,18,15,29,臺中市,西屯區,0,0,0,8,,,50,,,,,,,,,,,,,,,23,,,,,B03,,,1,,2,,,23,,1,22,,B03,120.643368,24.170205,3
2022,12,18,15,32,臺中市,西屯區,0,1,0,8,1,5,50,4,1,1,5,4,5,7,4,4,10,5,5,2,17,42,2,9,3,4,C03,7,9,1,10,2,15,,42,42,1,22,9,C03,120.666059,24.171128,2
2022,12,18,15,36,臺中市,東區,0,1,0,8,1,5,50,4,1,1,5,4,5,7,2,1,5,5,5,2,16,6,3,10,1,1,B03,7,5,1,8,2,8,,6,6,1,3,5,B03,120.683564,24.133208,2
2022,12,18,15,40,臺中市,北區,0,0,0,,,,50,,,,,,,,,,,,,,,12,,,,,B03,,,1,,2,,,12,,1,22,,B03,120.683809,24.146278,3
2022,12,18,15,40,臺中市,霧峰區,0,0,0,8,,,30,,,,,,,,,,,,,,,42,,,,,B03,,,1,,2,,,42,,1,4,,B03,120.701333,24.066681,3
2022,12,18,15,42,臺中市,烏日區,0,1,0,8,1,5,40,15,7,1,5,4,5,7,4,4,5,5,4,1,16,19,3,10,1,1,B03,7,1,6,8,2,1,,19,19,1,21,8,B03,120.651325,24.093942,2
2022,12,18,15,43,臺中市,北屯區,0,0,0,8,,,50,,,,,,,,,,,,,,,19,,,,,B03,,,1,,2,,,19,,1,21,,B03,120.708276,24.180206,3
2022,12,18,15,45,臺中市,西區,0,1,0,8,1,5,50,14,9,1,5,4,5,7,4,4,4,4,5,2,13,23,2,9,1,1,C03,7,9,1,10,1,11,,23,23,1,5,5,C03,120.662914,24.151007,2
2022,12,18,15,45,臺中市,南區,0,1,0,8,1,5,50,11,9,1,5,4,3,5,4,4,9,5,5,2,11,26,3,10,1,1,B03,7,13,1,8,11,15,,38,26,1,22,8,B03,120.659036,24.123344,2
2022,12,18,15,46,臺中市,南屯區,0,0,0,8,,,50,,,,,,,,,,,,,,,42,,,,,B03,,,1,,1,,,42,,1,22,,B03,120.612672,24.13851,3
2022,12,18,15,48,臺中市,梧棲區,0,0,0,8,,,70,,,,,,,,,,,,,,,12,,,,,B12,,,1,,1,,,12,,1,11,,B12,120.556974,24.253519,3
2022,12,18,15,50,臺中市,沙鹿區,0,0,0,8,,,50,,,,,,,,,,,,,,,23,,,,,B03,,,1,,2,,,23,,1,5,,B03,120.571286,24.19833,3
2022,12,18,15,55,臺中市,中區,0,0,0,8,,,50,,,,,,,,,,,,,,,42,,,,,B03,,,1,8,1,,,42,42,1,5,,B03,120.681464,24.144027,3
2022,12,18,16,0,臺中市,西區,0,3,0,8,1,5,30,4,1,1,5,4,5,7,4,4,10,5,5,2,15,6,2,9,1,1,C03,7,9,1,10,1,11,,6,6,1,21,8,C03,120.65809,24.155924,2
2022,12,18,16,0,臺中市,大里區,0,2,0,8,1,5,50,3,1,1,5,4,5,7,4,4,10,5,5,2,16,6,3,10,1,1,B03,7,5,1,8,2,8,,6,6,1,12,8,B03,120.700881,24.085977,2
2022,12,18,16,4,臺中市,北屯區,0,2,0,8,2,5,50,3,9,1,5,4,5,7,1,1,5,5,5,1,13,23,2,9,1,1,C03,7,9,4,14,7,11,,23,23,1,21,8,C03,120.709748,24.175741,2
2022,12,18,16,8,臺中市,大雅區,0,2,0,8,1,5,50,4,1,1,5,4,5,7,4,4,10,4,5,1,15,6,3,10,1,1,B03,7,9,1,8,2,4,,14,6,1,22,9,B03,120.657126,24.225169,2
2022,12,18,16,10,臺中市,潭子區,0,1,0,8,1,5,60,3,7,1,5,4,5,7,1,1,3,4,4,1,17,16,3,10,1,1,C03,7,9,1,10,2,14,,44,17,1,22,8,C03,120.702483,24.192116,2
2022,12,18,16,11,臺中市,潭子區,0,1,0,8,1,5,50,14,9,1,5,4,5,7,4,4,5,2,5,2,11,26,3,10,1,1,B03,7,5,1,8,2,6,,26,26,1,22,8,B03,120.705386,24.207089,2
2022,12,18,16,11,臺中市,東區,0,0,0,8,,,50,,,,,,,,,,,,,,,23,,,,,B12,,,1,,2,,,23,,1,5,,B12,120.703343,24.12707,3
2022,12,18,16,18,臺中市,西屯區,0,0,0,8,,,50,,,,,,,,,,,,,,,19,,,,,C03,,,3,,2,,,19,,1,19,,C03,120.649933,24.163668,3
2022,12,18,16,22,臺中市,烏日區,0,2,0,8,1,5,50,4,1,1,5,4,5,7,2,1,1,2,5,2,12,9,3,10,1,1,B03,7,6,1,8,2,5,,9,9,1,21,8,B03,120.61423,24.106683,2
2022,12,18,16,24,臺中市,沙鹿區,0,0,0,8,,,50,,,,,,,,,,,,,,,6,,,,,C03,,,1,,2,,,6,,1,4,,C03,120.559848,24.238099,3
2022,12,18,16,27,臺中市,太平區,0,0,0,8,,,50,,,,,,,,,,,,,,,43,,,,,B03,,,1,,9,,,43,,1,21,,B03,120.724842,24.133977,3
2022,12,18,16,30,臺中市,大里區,0,1,0,8,2,5,50,4,1,1,5,4,5,7,1,1,10,5,5,2,16,25,2,9,1,1,C03,7,9,1,10,2,12,,25,25,1,5,8,C03,120.689556,24.107936,2
2022,12,18,16,31,臺中市,豐原區,0,1,0,7,1,5,50,3,2,1,5,4,5,7,1,1,1,3,4,2,18,14,2,9,1,1,C03,7,9,1,10,2,11,,14,14,1,4,8,C03,120.712975,24.241988,2
2022,12,18,16,32,臺中市,西區,0,0,0,8,,,50,,,,,,,,,,,,,,,23,,,,,C03,,,1,,1,,,23,,1,21,,C03,120.670485,24.133675,3
2022,12,18,16,38,臺中市,北屯區,0,0,0,8,,,50,,,,,,,,,,,,,,,26,,,,,B03,,,1,,1,,,26,,1,21,,B03,120.698206,24.173146,3
2022,12,18,16,38,臺中市,大甲區,0,1,0,8,1,5,50,4,1,1,5,4,5,7,4,4,10,5,5,2,3,51,2,1,1,1,H01,8,16,8,20,10,16,,51,51,1,22,8,H01,120.624641,24.343838,2
2022,12,18,16,40,臺中市,南區,0,0,0,8,,,40,,,,,,,,,,,,,,,12,,,,,B03,,,1,,2,,,12,,1,22,,B03,120.654248,24.112556,3
2022,12,18,16,45,臺中市,北屯區,0,0,0,8,,,50,,,,,,,,,,,,,,,23,,,,,C03,,,1,,1,,,23,,1,21,,C03,120.709981,24.175526,3
2022,12,18,16,45,臺中市,大甲區,0,2,0,8,1,5,50,3,2,1,5,4,5,7,4,4,5,5,5,2,17,43,2,9,1,1,C03,7,5,1,10,2,14,,43,43,1,4,8,C03,120.640361,24.363925,2
2022,12,18,16,50,臺中市,大里區,0,2,0,8,1,5,40,4,1,1,5,4,5,7,4,4,10,5,5,2,16,23,2,9,1,1,C03,7,9,1,10,2,11,,23,23,1,4,8,C03,120.703442,24.09526,2
2022,12,18,16,51,臺中市,烏日區,0,0,0,8,,,30,,,,,,,,,,,,,,,6,,,,,B12,,,1,,2,,,6,,1,21,,B12,120.638828,24.070817,3
2022,12,18,16,55,臺中市,西屯區,0,1,0,8,3,5,50,3,1,1,5,4,5,7,1,1,10,5,5,2,17,6,3,10,1,1,B03,7,6,1,8,2,2,,6,6,1,21,8,B03,120.615275,24.182968,2
2022,12,18,16,55,臺中市,大肚區,0,0,0,8,,,50,,,,,,,,,,,,,,,7,,,,,B03,,,1,,2,,,7,,1,20,,B03,120.556811,24.128045,3
2022,12,18,16,57,臺中市,西屯區,0,0,0,8,,,30,,,,,,,,,,,,,,,17,,,,,B03,,,1,,1,,,17,,1,22,,B03,120.646784,24.182758,3
2022,12,18,17,7,臺中市,西屯區,0,0,0,8,,,50,,,,,,,,,,,,,,,19,,,,,B03,,,1,,1,,,19,,1,22,,B03,120.643853,24.16342,3
2022,12,18,17,10,臺中市,西屯區,0,1,0,8,1,5,50,3,2,1,5,4,5,7,4,4,1,4,4,2,18,42,2,9,1,1,C03,7,6,1,10,2,12,,42,42,1,22,8,C03,120.650297,24.163835,2
2022,12,18,17,10,臺中市,烏日區,0,1,0,8,3,5,50,4,1,1,5,4,5,7,1,2,10,5,5,2,16,25,2,8,1,1,C03,7,5,1,10,2,11,,25,25,1,21,8,C03,120.646453,24.093237,2