年,月,日,時,分,縣市,區,死,受傷,2-30,天候,光線,道路類別,速限,道路型態,事故位置,路面鋪裝,路面狀態,路面缺陷,障礙物,視距,號誌種類,號誌動作,分向設施,快車道或一般車道間,快慢車道間,路面邊線,事故類型及型態,主要肇因,受傷程度,主要傷處,保護裝備,行動電話,當事者區分,車輛用途,當事者行動狀態,駕駛資格情形,駕駛執照種類,飲酒情形,車輛撞擊部位最初,車輛撞擊部位其他,肇事因素個別,肇事因素主要,肇事逃逸,職業,旅次目的,車種,GPS緯度,GPS經度,事故類別
2022,12,18,17,10,臺中市,沙鹿區,0,1,0,8,2,5,50,14,7,1,5,4,5,7,4,4,5,4,4,2,17,19,3,10,1,1,B03,7,1,1,2,2,4,,19,19,1,10,5,B03,120.561223,24.231863,2
2022,12,18,17,14,臺中市,中區,0,0,0,8,,,50,,,,,,,,,,,,,,,16,,,,,B03,,,1,8,1,,,16,16,1,5,,B03,120.682905,24.140778,3
2022,12,18,17,15,臺中市,潭子區,0,1,0,8,2,5,30,14,9,1,5,4,5,7,4,4,10,5,5,2,17,40,3,10,1,1,B03,7,14,1,8,2,2,,40,40,1,22,8,B03,120.708962,24.214107,2
2022,12,18,17,15,臺中市,大里區,0,1,0,8,3,5,50,4,1,1,5,4,5,7,1,1,10,5,5,2,16,6,3,10,1,1,B03,7,5,1,8,2,2,,6,6,1,12,8,B03,120.699976,24.093992,2
2022,12,18,17,15,臺中市,梧棲區,0,2,0,8,1,5,40,4,1,1,5,4,5,7,4,4,10,5,5,2,15,6,2,9,3,4,C03,7,9,1,10,2,12,,6,6,1,18,8,C03,120.557888,24.241852,2
2022,12,18,17,19,臺中市,北區,0,0,0,8,,,50,,,,,,,,,,,,,,,16,,,,,C03,,,1,,1,,,16,,1,22,,C03,120.692251,24.161431,3
2022,12,18,17,21,臺中市,西區,0,0,0,8,,,50,,,,,,,,,,,,,,,17,,,,,B03,,,1,,1,,,17,,1,21,,B03,120.663431,24.157374,3
2022,12,18,17,21,臺中市,烏日區,0,0,0,8,,,50,,,,,,,,,,,,,,,26,,,,,B03,,,1,,2,,,26,26,1,21,,B03,120.61927,24.110347,3
2022,12,18,17,25,臺中市,北屯區,0,2,0,8,2,5,50,14,7,1,5,4,5,7,4,4,1,4,4,2,13,23,3,10,1,1,B12,7,9,6,18,6,1,,23,23,1,9,8,B12,120.686,24.1792,2
2022,12,18,17,26,臺中市,西屯區,0,0,0,8,,,50,,,,,,,,,,,,,,,23,,,,,B03,,,1,,1,,,23,,1,21,,B03,120.624821,24.178173,3
2022,12,18,17,28,臺中市,大肚區,0,0,0,8,,,40,,,,,,,,,,,,,,,23,,,,,B03,,,1,,9,,,23,,2,21,,B03,120.546616,24.153703,3
2022,12,18,17,34,臺中市,東區,0,0,0,,,,50,,,,,,,,,,,,,,,6,,,,,B03,,,1,,2,,,6,,1,22,,B03,120.685897,24.135723,3
2022,12,18,17,34,臺中市,北屯區,0,0,0,8,,,50,,,,,,,,,,,,,,,7,,,,,B03,,,1,,11,,,7,,1,23,,B03,120.698401,24.17407,3
2022,12,18,17,39,臺中市,烏日區,0,0,0,,,,30,,,,,,,,,,,,,,,23,,,,,B03,,,1,,2,,,23,23,1,21,,B03,120.642872,24.074427,3
2022,12,18,17,40,臺中市,豐原區,0,1,0,8,3,5,50,14,9,1,5,4,3,5,4,4,5,5,5,2,12,19,3,10,1,1,B03,7,1,1,8,2,5,,19,19,1,22,8,B03,120.716978,24.249125,2
2022,12,18,17,41,臺中市,西屯區,0,2,0,8,3,5,50,14,9,1,5,4,5,7,4,4,1,4,5,2,17,16,2,9,3,4,C03,7,9,1,10,1,11,,16,16,1,22,9,C03,120.644268,24.171377,2
2022,12,18,17,45,臺中市,梧棲區,0,1,0,8,3,5,50,14,8,1,5,4,5,7,4,4,1,4,4,2,18,42,2,9,1,1,C03,7,9,1,10,2,14,,42,42,1,11,1,C03,120.52899,24.251389,2
2022,12,18,17,46,臺中市,南屯區,0,0,0,8,,,50,,,,,,,,,,,,,,,26,,,,,B03,,,1,,1,,,26,,1,22,,B03,120.638429,24.14717,3
2022,12,18,17,49,臺中市,南屯區,0,0,0,,,,50,,,,,,,,,,,,,,,23,,,,,B03,,,1,,1,,,23,,1,22,,B03,120.610658,24.138572,3
2022,12,18,17,49,臺中市,北屯區,0,0,0,8,,,50,,,,,,,,,,,,,,,42,,,,,B03,,,1,,1,,,42,,1,21,,B03,120.679624,24.172847,3
2022,12,18,17,50,臺中市,潭子區,0,1,0,8,3,5,30,3,9,1,5,4,5,7,4,4,10,4,5,2,13,23,3,10,1,1,C02,7,9,1,9,2,11,,23,23,1,22,8,C02,120.706913,24.208091,2
2022,12,18,17,52,臺中市,南屯區,0,0,0,8,,,80,,,,,,,,,,,,,,,30,,,,,B12,,,1,,11,,,30,,1,22,,B12,120.623416,24.150641,3
2022,12,18,17,56,臺中市,東勢區,0,0,0,8,,,50,,,,,,,,,,,,,,,17,,,,,B03,,,1,,2,,,17,,1,9,,B03,120.83332,24.24684,3
2022,12,18,18,6,臺中市,大雅區,0,0,0,8,,,30,,,,,,,,,,,,,,,23,,,,,B12,,,1,,2,,,23,,1,22,,B12,120.651571,24.209908,3
2022,12,18,18,8,臺中市,南屯區,0,0,0,8,,,50,,,,,,,,,,,,,,,16,,,,,B03,,,1,,1,,,16,,1,22,,B03,120.646323,24.129542,3
2022,12,18,18,8,臺中市,南屯區,0,0,0,8,,,50,,,,,,,,,,,,,,,23,,,,,B12,,,1,,1,,,23,,1,4,,B12,120.646269,24.130311,3
2022,12,18,18,9,臺中市,中區,0,0,0,8,,,50,,,,,,,,,,,,,,,17,,,,,B03,,,1,,1,,,17,,1,21,,B03,120.676619,24.14238,3
2022,12,18,18,10,臺中市,清水區,0,2,0,8,4,5,30,4,1,1,5,4,5,7,4,4,10,5,5,2,15,6,2,9,1,1,B12,7,9,1,8,2,1,,6,6,1,22,8,B12,120.551445,24.275081,2
2022,12,18,18,11,臺中市,烏日區,0,0,0,8,,,50,,,,,,,,,,,,,,,1,,,,,B12,,,1,,2,,,1,,1,21,,B12,120.623483,24.106331,3
2022,12,18,18,13,臺中市,北區,0,0,0,8,3,5,50,14,7,1,5,4,5,7,4,4,8,3,4,2,12,23,,,,,B03,,,1,,1,,,23,,1,22,,B03,120.672822,24.160732,3
2022,12,18,18,15,臺中市,烏日區,0,0,0,8,,,50,,,,,,,,,,,,,,,7,,,,,B01,,,1,,2,,,7,,1,21,,B01,120.615846,24.113915,3
2022,12,18,18,17,臺中市,龍井區,0,0,0,8,,,50,,,,,,,,,,,,,,,23,,,,,B12,,,1,,2,,,23,,1,9,,B12,120.511296,24.194361,3
2022,12,18,18,20,臺中市,北區,0,0,0,,,,50,,,,,,,,,,,,,,,23,,,,,B03,,,1,,11,,,23,,1,22,,B03,120.673784,24.163851,3
2022,12,18,18,25,臺中市,大甲區,0,1,0,8,3,5,50,3,1,1,5,4,5,7,3,1,10,5,5,2,16,6,3,10,1,1,B03,7,5,1,6,2,2,,6,6,1,4,8,B03,120.616493,24.346646,2
2022,12,18,18,26,臺中市,西屯區,0,2,0,8,1,5,50,3,1,1,5,4,5,7,4,4,1,4,5,2,16,6,3,10,1,1,B03,7,6,1,8,2,5,,6,6,1,22,8,B03,120.626986,24.17739,2
2022,12,18,18,30,臺中市,東區,0,0,0,,,,,,,,,,,,,,,,,,,67,,,,,,,,,,,,,67,,1,,,,120.692994,24.140405,3
2022,12,18,18,30,臺中市,沙鹿區,0,1,0,8,3,5,40,14,8,1,5,4,5,7,4,4,1,4,1,1,13,16,2,9,1,1,C03,7,9,1,10,2,11,,16,16,1,4,5,C03,120.572113,24.232797,2
2022,12,18,18,48,臺中市,大雅區,0,1,0,8,3,5,50,4,1,1,5,4,5,7,2,1,10,4,5,1,16,26,2,9,1,1,C03,7,9,1,10,2,14,,26,26,1,22,9,C03,120.649223,24.216178,2
2022,12,18,18,50,臺中市,太平區,0,1,0,8,1,5,50,4,1,1,5,4,5,7,4,4,5,5,5,2,16,23,3,10,1,1,B03,7,5,1,8,2,8,,23,23,1,21,8,B03,120.719333,24.120832,2
2022,12,18,18,54,臺中市,南區,0,0,0,8,,,50,,,,,,,,,,,,,,,23,,,,,A02,,,1,,2,,,23,,1,5,,A02,120.684136,24.122781,3
2022,12,18,18,56,臺中市,豐原區,0,0,0,8,,,50,,,,,,,,,,,,,,,10,,,,,B03,,,1,,2,,,10,10,1,21,,B03,120.731296,24.258175,3
2022,12,18,18,58,臺中市,大甲區,0,2,0,8,3,5,50,3,1,1,5,4,5,7,1,1,10,5,5,2,15,6,3,10,1,1,B03,7,11,1,2,2,2,,6,6,1,22,9,B03,120.627351,24.350718,2
2022,12,18,19,0,臺中市,大里區,0,0,0,8,,,50,,,,,,,,,,,,,,,4,,,,,B03,,,3,,9,,,4,4,2,22,,B03,120.695365,24.08152,3
2022,12,18,19,12,臺中市,西屯區,0,2,0,8,3,5,30,4,1,1,5,4,5,7,4,4,10,5,5,2,15,6,2,9,1,1,C02,7,9,1,10,2,11,,6,6,1,21,8,C02,120.659948,24.162651,2
2022,12,18,19,14,臺中市,沙鹿區,0,0,0,8,,,30,,,,,,,,,,,,,,,23,,,,,B12,,,1,,2,,,23,,1,22,,B12,120.558198,24.217594,3
2022,12,18,19,23,臺中市,北屯區,0,1,0,8,3,5,50,14,9,1,5,4,5,7,4,4,5,4,5,1,18,43,2,9,1,1,C03,7,9,1,10,2,14,,43,43,1,21,8,C03,120.691436,24.170488,2
2022,12,18,19,23,臺中市,清水區,0,0,0,8,,,50,,,,,,,,,,,,,,,6,,,,,B03,,,3,,2,,,6,6,1,21,,B03,120.541699,24.267234,3
2022,12,18,19,26,臺中市,南屯區,0,0,0,8,,,50,,,,,,,,,,,,,,,7,,,,,B03,,,1,,1,,,7,,1,22,,B03,120.624483,24.14928,3
2022,12,18,19,33,臺中市,西屯區,0,0,0,8,,,50,,,,,,,,,,,,,,,42,,,,,B03,,,1,,1,,,42,,1,22,,B03,120.6261,24.184575,3
2022,12,18,19,38,臺中市,北屯區,0,1,0,8,3,5,50,4,2,1,5,4,5,7,1,1,1,4,4,2,3,23,3,10,1,1,B01,7,5,1,4,2,1,,23,23,1,10,4,B01,120.685974,24.180162,2
2022,12,18,19,40,臺中市,沙鹿區,0,0,0,8,,,50,,,,,,,,,,,,,,,19,,,,,B03,,,1,,2,,,19,,1,20,,B03,120.565021,24.241838,3
2022,12,18,19,40,臺中市,豐原區,0,0,0,8,1,5,50,14,9,1,5,4,5,7,4,4,4,3,5,1,13,16,3,10,1,1,F03,7,9,8,20,8,16,,16,16,1,12,5,F03,120.72033,24.265263,3
2022,12,18,19,45,臺中市,西區,0,0,0,8,,,50,,,,,,,,,,,,,,,19,,,,,C03,,,1,10,1,,,19,19,1,22,,C03,120.655135,24.150315,3
2022,12,18,19,59,臺中市,龍井區,0,0,0,8,,,60,,,,,,,,,,,,,,,42,,,,,B03,,,1,,2,,,42,,1,19,,B03,120.519256,24.197233,3
2022,12,18,20,0,臺中市,北區,0,1,0,8,3,5,40,14,8,1,5,4,5,7,4,4,1,4,4,2,13,16,2,8,1,1,C03,7,9,1,10,2,14,,16,16,1,22,8,C03,120.67561,24.149738,2
2022,12,18,20,0,臺中市,霧峰區,0,2,0,8,3,5,60,3,1,1,5,4,5,7,3,1,10,5,5,2,16,6,3,10,1,1,B03,7,5,1,8,2,5,,6,6,1,20,8,B03,120.695785,24.052625,2
2022,12,18,20,1,臺中市,北屯區,0,0,0,8,,,50,,,,,,,,,,,,,,,23,,,,,B12,,,1,,1,,,23,,1,9,,B12,120.72,24.1801,3
2022,12,18,20,3,臺中市,大雅區,0,0,0,8,,,50,,,,,,,,,,,,,,,19,,,,,B03,,,1,,2,,,19,,1,22,,B03,120.624957,24.238877,3
2022,12,18,20,3,臺中市,西區,0,1,0,8,3,5,50,3,1,1,5,4,5,7,4,4,9,5,5,2,16,6,3,10,1,1,B03,7,6,1,8,1,5,,6,6,1,5,8,B03,120.66544,24.134238,2
2022,12,18,20,15,臺中市,大雅區,0,1,0,8,3,5,50,4,1,1,5,4,5,7,2,1,10,4,5,1,18,23,2,9,1,1,C03,7,6,1,10,2,12,,23,23,1,22,9,C03,120.654629,24.226482,2
2022,12,18,20,17,臺中市,北區,0,0,0,8,3,5,50,3,1,1,5,4,5,7,2,1,10,5,5,2,12,23,,,,,C03,,,1,,1,,,23,,1,22,,C03,120.686945,24.153576,3
2022,12,18,20,18,臺中市,豐原區,0,0,0,8,,,40,,,,,,,,,,,,,,,19,,,,,B03,,,1,,2,,,19,,1,22,,B03,120.726666,24.24553,3
2022,12,18,20,20,臺中市,西屯區,0,0,0,8,,,50,,,,,,,,,,,,,,,23,,,,,C03,,,1,,1,,,23,,2,18,,C03,120.642021,24.178249,3
2022,12,18,20,23,臺中市,北區,0,0,0,,,,50,,,,,,,,,,,,,,,12,,,,,B01,,,1,,11,,,12,,1,22,,B01,120.686792,24.154219,3
2022,12,18,20,26,臺中市,潭子區,0,0,0,8,,,50,,,,,,,,,,,,,,,23,,,,,B03,,,1,,2,,,23,,1,22,,B03,120.705344,24.216625,3
2022,12,18,20,30,臺中市,西區,0,1,0,8,3,5,50,14,7,1,5,4,5,7,1,1,3,4,4,2,20,4,2,9,1,1,C03,7,9,1,10,8,11,,4,4,1,21,8,C03,120.665413,24.143113,2
2022,12,18,20,50,臺中市,南屯區,0,0,0,8,,,50,,,,,,,,,,,,,,,12,,,,,B03,,,1,,1,,,12,,1,22,,B03,120.610241,24.13565,3
2022,12,18,20,52,臺中市,大雅區,0,1,0,8,1,5,50,4,1,1,5,4,5,7,4,4,10,4,5,1,16,6,3,10,1,1,B03,7,5,1,8,2,2,,6,6,1,22,9,B03,120.659957,24.219789,2
2022,12,18,20,56,臺中市,西屯區,0,0,0,8,,,50,,,,,,,,,,,,,,,17,,,,,B03,,,1,,1,,,17,,1,21,,B03,120.645048,24.162821,3
2022,12,18,20,57,臺中市,潭子區,0,2,0,8,3,5,60,14,9,1,5,4,5,7,4,4,9,4,4,1,17,19,2,9,1,1,C03,7,1,1,10,2,13,,19,19,1,22,8,C03,120.70475,24.206118,2
2022,12,18,21,0,臺中市,清水區,0,0,0,8,,,50,,,,,,,,,,,,,,,23,,,,,B03,,,1,,9,,,23,,2,22,,B03,120.545223,24.263468,3
2022,12,18,21,5,臺中市,北區,0,0,0,8,,,50,,,,,,,,,,,,,,,23,,,,,B01,,,1,,2,,,23,,1,22,,B01,120.684797,24.15414,3
2022,12,18,21,14,臺中市,西區,0,2,0,8,3,5,50,4,1,1,5,4,5,7,2,1,10,5,5,2,13,23,2,9,1,1,C03,7,9,1,10,2,11,,23,23,1,21,8,C03,120.659687,24.157317,2
2022,12,18,21,41,臺中市,沙鹿區,0,0,0,8,,,50,,,,,,,,,,,,,,,23,,,,,B03,,,1,,2,,,23,,1,21,,B03,120.558906,24.231248,3
2022,12,18,21,52,臺中市,西區,0,0,0,8,,,50,,,,,,,,,,,,,,,42,,,,,B03,,,1,,1,,,42,,1,21,,B03,120.661681,24.136973,3
2022,12,18,21,52,臺中市,北屯區,0,0,0,8,,,50,,,,,,,,,,,,,,,19,,,,,B03,,,1,,2,,,19,,1,21,,B03,120.699808,24.164769,3
2022,12,18,22,13,臺中市,梧棲區,0,1,0,8,3,5,50,4,2,1,5,4,5,7,4,4,5,5,5,1,17,14,2,9,1,1,C03,7,9,2,18,2,12,,14,14,1,9,1,C03,120.535169,24.257368,2
2022,12,18,22,37,臺中市,西區,0,0,0,8,,,60,,,,,,,,,,,,,,,23,,,,,B03,,,1,,1,,,23,,1,5,,B03,120.669545,24.151128,3
2022,12,18,22,50,臺中市,西屯區,0,1,0,8,1,5,50,3,1,1,5,4,5,7,4,4,10,4,5,2,17,6,3,10,1,1,B01,7,6,1,4,2,5,,6,6,1,21,8,B01,120.638533,24.169575,2
2022,12,18,23,11,臺中市,太平區,0,1,0,8,3,5,50,5,1,1,5,4,5,7,1,1,10,5,5,2,18,42,2,9,1,1,C03,7,15,1,10,2,14,,42,42,1,18,8,C03,120.703152,24.14814,2
2022,12,18,23,39,臺中市,豐原區,0,2,0,8,3,5,50,5,1,1,5,4,5,7,3,1,10,5,5,2,16,6,2,9,3,4,C03,7,5,1,10,2,14,,6,6,1,22,8,C03,120.719133,24.248088,2
2022,12,18,23,40,臺中市,太平區,0,0,0,8,,,30,,,,,,,,,,,,,,,23,,,,,B03,,,4,,11,,,23,,1,5,,B03,120.722039,24.15685,3
2022,12,18,23,59,臺中市,北區,0,0,0,8,,,50,,,,,,,,,,,,,,,23,,,,,B03,,,1,,2,,,23,,1,5,,B03,120.697404,24.155134,3
2022,12,19,0,21,臺中市,南區,0,0,0,8,,,50,,,,,,,,,,,,,,,10,,,,,B02,,,1,,2,,,10,,1,22,,B02,120.679294,24.123747,3
2022,12,19,1,16,臺中市,北區,0,1,0,8,3,5,50,4,1,1,5,4,5,7,3,1,10,5,5,2,15,6,3,10,1,1,B03,7,9,1,8,2,2,,6,6,1,5,8,B03,120.673124,24.145288,2
2022,12,19,1,46,臺中市,大雅區,0,1,0,8,3,5,50,14,9,1,5,4,5,7,4,4,5,5,5,1,18,23,2,9,1,1,C03,7,9,1,10,8,15,,23,23,1,22,8,C03,120.632,24.221817,2
2022,12,19,2,54,臺中市,北屯區,0,3,0,8,3,5,50,4,1,1,5,4,5,7,3,1,10,5,5,2,15,6,2,9,3,4,B01,7,9,1,4,2,5,,6,6,1,21,8,B01,120.711263,24.179908,2
2022,12,19,4,25,臺中市,沙鹿區,0,0,0,8,,,50,,,,,,,,,,,,,,,44,,,,,B03,,,1,,2,,,44,,1,21,,B03,120.57159,24.256403,3
2022,12,19,5,13,臺中市,北屯區,0,1,0,8,2,5,50,4,1,1,5,4,5,7,1,1,10,5,5,2,29,23,2,9,1,1,C03,7,5,3,18,2,14,,23,23,1,21,8,C03,120.668672,24.178276,2
2022,12,19,5,20,臺中市,大里區,0,0,0,8,,,30,,,,,,,,,,,,,,,17,,,,,B12,,,1,,2,,,17,,1,4,,B12,120.697771,24.089762,3
2022,12,19,6,1,臺中市,北屯區,0,0,0,8,2,5,50,14,7,1,5,4,5,7,4,4,1,4,5,2,13,23,3,10,3,4,B03,7,9,3,18,5,1,,23,16,1,21,8,B03,120.70999,24.182498,3
2022,12,19,6,10,臺中市,豐原區,0,0,0,8,,,50,,,,,,,,,,,,,,,16,,,,,B12,,,1,,2,,,16,16,1,22,,B12,120.714471,24.244856,3
2022,12,19,6,24,臺中市,大雅區,0,1,0,8,2,5,50,3,1,1,5,4,5,7,3,1,5,5,5,1,16,9,3,10,1,1,B03,7,6,1,8,2,2,,9,9,1,22,8,B03,120.67357,24.231835,2
2022,12,19,6,26,臺中市,霧峰區,0,2,0,8,1,5,30,3,1,1,5,4,5,7,4,4,10,5,5,2,16,6,2,9,1,1,C03,7,5,1,10,2,11,,6,6,1,22,9,C03,120.71111,24.077716,2
2022,12,19,6,52,臺中市,北屯區,0,1,0,8,1,5,50,14,9,1,5,4,5,7,4,4,5,4,5,2,16,26,3,10,1,1,C03,7,1,1,10,2,14,,26,26,1,21,8,C03,120.715112,24.163565,2
2022,12,19,7,0,臺中市,北屯區,0,0,0,8,,,50,,,,,,,,,,,,,,,7,,,,,B03,,,1,,1,,,7,7,1,22,,B03,120.700136,24.164975,3
2022,12,19,7,1,臺中市,南區,0,0,0,8,,,50,,,,,,,,,,,,,,,19,,,,,B03,,,1,,2,,,19,,1,22,,B03,120.663925,24.116696,3
2022,12,19,7,13,臺中市,南屯區,0,0,0,8,2,5,50,3,2,1,5,4,5,7,4,4,5,5,4,2,17,42,3,10,1,1,B03,7,6,1,8,2,5,,42,42,1,2,1,B03,120.635106,24.137831,3
2022,12,19,7,14,臺中市,霧峰區,0,1,0,8,1,5,60,4,1,1,5,4,5,7,1,1,10,5,5,2,16,23,2,9,1,1,C03,7,9,1,10,2,14,,23,23,1,22,8,C03,120.662997,24.059765,2
2022,12,19,7,15,臺中市,霧峰區,0,1,0,8,1,5,50,14,8,1,5,4,5,7,4,4,8,3,4,1,12,7,2,9,1,1,F03,7,7,8,20,2,16,,7,7,1,22,9,F03,120.699676,24.076037,2
2022,12,19,7,15,臺中市,烏日區,0,1,0,8,1,5,30,4,1,1,5,4,5,7,4,4,5,5,5,2,16,6,2,8,1,1,C03,7,9,1,10,2,11,,6,6,1,21,8,C03,120.647707,24.054069,2
2022,12,19,7,22,臺中市,南屯區,0,0,0,8,,,50,,,,,,,,,,,,,,,16,,,,,B03,,,1,,1,,,16,,1,9,,B03,120.611878,24.154819,3
2022,12,19,7,24,臺中市,南區,0,1,0,8,1,5,1,4,1,1,5,4,5,7,1,1,10,5,5,2,18,23,2,9,2,1,F01,7,9,8,20,2,16,,23,23,1,22,8,F01,120.660377,24.123802,2
2022,12,19,7,28,臺中市,東勢區,0,1,0,8,1,5,50,11,9,1,5,4,5,7,4,4,4,5,5,1,17,42,2,9,1,1,C03,7,9,2,18,2,12,,42,42,1,5,8,C03,120.810688,24.305041,2
2022,12,19,7,28,臺中市,神岡區,0,0,0,8,,,30,,,,,,,,,,,,,,,23,,,,,B03,,,1,,2,,,44,23,1,22,,B03,120.693654,24.245087,3
2022,12,19,7,30,臺中市,南屯區,0,0,0,8,,,50,,,,,,,,,,,,,,,1,,,,,C03,,,1,,2,,,1,,1,3,,C03,120.610916,24.149607,3
2022,12,19,7,35,臺中市,大雅區,0,2,0,8,1,5,30,3,1,1,5,4,5,7,4,4,10,5,5,2,16,6,2,9,1,1,C03,7,5,1,10,2,11,,6,6,1,22,9,C03,120.641404,24.243408,2
2022,12,19,7,35,臺中市,大雅區,0,0,0,8,,,30,,,,,,,,,,,,,,,6,,,,,C03,,,1,,2,,,6,,1,22,,C03,120.656743,24.222175,3
2022,12,19,7,36,臺中市,豐原區,0,2,0,8,1,5,60,4,1,1,5,4,5,7,2,1,1,3,4,1,11,26,2,9,1,1,C03,7,5,1,10,2,12,,26,26,1,21,1,C03,120.714526,24.23683,2
2022,12,19,7,37,臺中市,南屯區,0,0,0,8,,,50,,,,,,,,,,,,,,,19,,,,,B03,,,1,,1,,,19,,1,22,,B03,120.647234,24.138248,3
2022,12,19,7,38,臺中市,南屯區,0,1,0,8,1,5,30,14,9,1,5,4,5,7,4,4,10,5,5,2,3,23,3,10,1,1,C03,7,9,1,10,2,11,,23,23,1,22,8,C03,120.636426,24.139301,2
2022,12,19,7,39,臺中市,南區,0,2,0,8,1,5,50,14,9,1,5,4,5,7,4,4,10,4,5,2,16,42,2,8,1,1,C03,7,15,3,18,2,14,,42,42,1,5,8,C03,120.64603,24.110981,2
2022,12,19,7,39,臺中市,太平區,0,1,0,8,1,5,50,5,1,1,5,4,5,7,1,1,5,5,5,2,16,9,3,10,1,1,B03,7,6,1,8,2,6,,9,9,1,21,8,B03,120.722337,24.112666,2
2022,12,19,7,40,臺中市,沙鹿區,0,0,0,,,,50,,,,,,,,,,,,,,,4,,,,,C03,,,1,,2,,,4,,1,22,,C03,120.558986,24.230347,3
2022,12,19,7,44,臺中市,東區,0,0,0,8,1,5,50,3,1,1,5,4,5,7,3,1,10,5,5,2,13,44,3,10,1,1,C03,7,9,1,10,11,14,,44,44,1,22,8,C03,120.69971,24.137166,3
2022,12,19,7,46,臺中市,烏日區,0,1,0,8,1,5,80,14,13,1,5,4,5,7,4,4,1,4,1,1,13,23,2,9,3,4,B03,7,14,1,8,2,1,,23,23,1,21,9,B03,120.609562,24.097855,2
2022,12,19,7,46,臺中市,豐原區,0,1,0,8,1,5,50,4,1,1,5,4,5,7,4,4,10,5,5,2,13,16,2,8,1,1,C03,7,9,1,10,2,11,,16,16,1,22,8,C03,120.715721,24.262476,2
2022,12,19,7,47,臺中市,烏日區,0,2,0,8,1,5,30,4,2,1,5,4,5,7,4,4,10,5,5,2,12,17,2,9,3,4,C03,7,9,1,10,2,12,,17,17,1,21,9,C03,120.648194,24.069965,2
2022,12,19,7,50,臺中市,潭子區,0,1,0,8,1,5,30,4,1,1,5,4,5,7,4,4,5,5,5,2,15,6,3,10,1,1,B03,7,9,1,8,2,8,,14,6,1,22,8,B03,120.706767,24.2104,2
2022,12,19,7,50,臺中市,大雅區,0,2,0,8,1,5,50,5,1,1,5,4,5,7,1,1,9,4,5,1,17,25,2,9,1,1,C03,7,9,1,10,2,11,,25,25,1,22,9,C03,120.667625,24.215691,2
2022,12,19,7,50,臺中市,外埔區,0,1,0,8,1,5,50,14,9,1,5,4,5,7,4,4,9,4,5,1,13,16,2,9,1,1,C03,7,9,1,10,2,11,,16,16,1,22,8,C03,120.640539,24.331746,2
2022,12,19,7,50,臺中市,豐原區,0,0,0,8,,,50,,,,,,,,,,,,,,,16,,,,,B03,,,1,,2,,,16,,1,21,,B03,120.708936,24.251138,3
2022,12,19,7,52,臺中市,北屯區,0,1,0,8,1,5,50,4,1,1,5,4,5,7,2,1,10,5,5,2,16,42,3,10,1,1,B03,7,6,1,8,2,2,,42,42,1,21,8,B03,120.719202,24.163192,2
2022,12,19,7,53,臺中市,大里區,0,1,0,8,1,5,50,3,8,1,5,4,5,7,1,1,5,5,4,1,13,16,2,9,3,4,C03,7,9,1,10,2,11,,16,16,1,22,8,C03,120.714271,24.095623,2
2022,12,19,7,53,臺中市,梧棲區,0,0,0,8,,,40,,,,,,,,,,,,,,,23,,,,,C03,,,1,,2,,,23,,1,3,,C03,120.537748,24.249627,3
2022,12,19,7,54,臺中市,西屯區,0,2,0,8,1,5,50,3,1,1,5,4,5,7,3,1,10,5,5,2,12,26,2,9,1,1,C03,7,9,1,10,2,12,,26,26,1,22,8,C03,120.665261,24.178166,2
2022,12,19,7,55,臺中市,潭子區,0,0,0,8,,,50,,,,,,,,,,,,,,,17,,,,,B03,,,1,,2,,,17,,1,22,,B03,120.70471,24.225458,3
2022,12,19,7,55,臺中市,西屯區,0,0,0,8,,,50,,,,,,,,,,,,,,,23,,,,,B03,,,1,,1,,,23,23,1,22,,B03,120.639078,24.158581,3
2022,12,19,7,56,臺中市,大雅區,0,2,0,8,1,5,60,3,1,1,5,4,5,7,1,1,3,4,4,1,16,25,3,10,1,1,B03,7,9,1,8,2,1,,25,25,1,20,9,B03,120.636513,24.2348,2
2022,12,19,7,56,臺中市,南屯區,0,0,0,8,,,50,,,,,,,,,,,,,,,16,,,,,C03,,,1,,1,,,16,,1,5,,C03,120.61653,24.153576,3
2022,12,19,7,57,臺中市,北區,0,0,0,,,,50,,,,,,,,,,,,,,,7,,,,,C03,,,1,,11,,,7,,1,22,,C03,120.688894,24.152943,3
2022,12,19,7,57,臺中市,神岡區,0,0,0,8,,,50,,,,,,,,,,,,,,,23,,,,,B12,,,1,,1,,,23,,1,21,,B12,120.695856,24.235276,3
2022,12,19,7,58,臺中市,潭子區,0,1,0,8,1,5,50,14,9,1,5,4,5,7,4,4,1,4,5,1,13,23,2,9,1,1,C03,7,9,6,18,2,11,,23,23,1,21,8,C03,120.705212,24.215276,2
2022,12,19,7,58,臺中市,豐原區,0,0,0,,,,50,,,,,,,,,,,,,,,23,,,,,C03,,,1,,2,,,23,,1,22,,C03,120.708936,24.251138,3
2022,12,19,7,59,臺中市,烏日區,0,1,0,8,1,5,50,3,1,1,5,4,5,7,1,1,1,4,4,2,16,6,3,10,1,1,B03,7,6,1,8,2,2,,6,9,1,21,8,B03,120.629696,24.109163,2
2022,12,19,7,59,臺中市,梧棲區,0,0,0,8,,,50,,,,,,,,,,,,,,,6,,,,,B03,,,1,,2,,,6,,1,12,,B03,120.535611,24.246112,3