年,月,日,時,分,縣市,區,死,受傷,2-30,天候,光線,道路類別,速限,道路型態,事故位置,路面鋪裝,路面狀態,路面缺陷,障礙物,視距,號誌種類,號誌動作,分向設施,快車道或一般車道間,快慢車道間,路面邊線,事故類型及型態,主要肇因,受傷程度,主要傷處,保護裝備,行動電話,當事者區分,車輛用途,當事者行動狀態,駕駛資格情形,駕駛執照種類,飲酒情形,車輛撞擊部位最初,車輛撞擊部位其他,肇事因素個別,肇事因素主要,肇事逃逸,職業,旅次目的,車種,GPS緯度,GPS經度,事故類別
2022,12,19,8,0,臺中市,東區,0,0,0,8,,,50,,,,,,,,,,,,,,,23,,,,,B03,,,1,,2,,,23,,1,22,,B03,120.696603,24.1358,3
2022,12,19,8,2,臺中市,大雅區,0,1,0,8,1,5,30,11,9,1,5,4,5,7,4,4,10,5,5,1,11,5,2,9,1,1,C03,7,6,1,10,2,11,,5,5,1,22,9,C03,120.671114,24.237266,2
2022,12,19,8,5,臺中市,東區,0,1,0,8,1,5,50,3,1,1,5,4,5,7,4,4,10,5,5,2,12,23,2,9,1,1,C03,7,9,1,10,2,11,,23,23,1,22,8,C03,120.6965,24.149122,2
2022,12,19,8,10,臺中市,北屯區,0,0,0,8,,,60,,,,,,,,,,,,,,,7,,,,,B01,,,1,,2,,,7,,1,10,,B01,120.721026,24.162595,3
2022,12,19,8,10,臺中市,西屯區,0,0,0,8,,,50,,,,,,,,,,,,,,,43,,,,,C03,,,1,,2,,,43,,1,22,,C03,120.654098,24.175414,3
2022,12,19,8,12,臺中市,大里區,0,1,0,8,1,5,30,3,1,1,5,4,5,7,4,4,10,5,5,1,18,14,2,8,1,1,C03,7,5,1,10,2,14,,14,14,1,22,9,C03,120.660322,24.084365,2
2022,12,19,8,12,臺中市,龍井區,0,3,0,8,1,5,30,4,1,1,5,4,5,7,4,4,10,5,5,2,15,6,2,8,1,1,C03,7,9,1,10,2,12,,6,6,1,22,8,C03,120.586321,24.180773,2
2022,12,19,8,14,臺中市,南屯區,0,0,0,8,,,50,,,,,,,,,,,,,,,23,,,,,C03,,,1,8,9,,,23,23,1,12,,C03,120.651682,24.14108,3
2022,12,19,8,15,臺中市,大雅區,0,0,0,8,,,50,,,,,,,,,,,,,,,23,,,,,B03,,,1,,2,,,23,,1,22,,B03,120.630969,24.228617,3
2022,12,19,8,18,臺中市,西區,0,0,0,8,,,40,,,,,,,,,,,,,,,23,,,,,C03,,,1,,2,,,23,23,1,22,,C03,120.660349,24.158096,3
2022,12,19,8,20,臺中市,烏日區,0,0,0,8,,,50,,,,,,,,,,,,,,,17,,,,,A04,,,1,,2,,,17,,1,21,,A04,120.647148,24.110116,3
2022,12,19,8,21,臺中市,大里區,0,1,0,8,1,5,30,3,1,1,5,4,5,7,4,4,10,5,5,2,16,4,3,10,1,1,C03,7,5,3,18,2,11,,4,4,1,22,8,C03,120.683081,24.073917,2
2022,12,19,8,21,臺中市,沙鹿區,0,2,0,8,1,5,40,14,8,1,5,4,5,7,4,4,1,4,2,1,17,19,3,10,1,1,B03,7,1,1,8,2,8,,19,19,1,22,8,B03,120.574353,24.229305,2
2022,12,19,8,26,臺中市,豐原區,0,0,0,8,,,50,,,,,,,,,,,,,,,16,,,,,B12,,,1,,2,,,16,,1,21,,B12,120.701156,24.244628,3
2022,12,19,8,27,臺中市,西屯區,0,0,0,8,,,80,,,,,,,,,,,,,,,23,,,,,B12,,,1,,1,,,23,,1,22,,B12,120.634948,24.179291,3
2022,12,19,8,30,臺中市,西區,0,1,0,8,1,5,50,4,2,1,5,4,5,7,2,1,1,4,4,2,13,23,2,9,1,1,C03,7,9,1,10,2,11,,23,23,1,5,5,C03,120.657259,24.135114,2
2022,12,19,8,30,臺中市,大里區,0,2,0,8,1,5,50,14,9,1,5,4,5,7,4,4,5,5,5,1,3,52,2,9,1,1,H01,8,16,8,20,2,16,,52,52,1,22,8,H01,120.6862,24.095411,2
2022,12,19,8,32,臺中市,豐原區,0,1,0,8,1,5,50,14,9,1,5,4,5,7,4,4,1,4,5,1,17,16,3,10,1,1,C03,7,9,1,10,2,11,,16,16,1,22,8,C03,120.750948,24.270454,2
2022,12,19,8,39,臺中市,梧棲區,0,1,0,8,1,5,30,4,2,1,5,4,5,7,1,1,10,5,5,2,14,12,3,10,1,1,B12,7,2,1,7,2,7,,12,12,1,3,8,B12,120.532084,24.270699,2
2022,12,19,8,40,臺中市,大雅區,0,0,0,8,,,60,,,,,,,,,,,,,,,23,,,,,C03,,,1,,1,,,23,,1,22,,C03,120.650223,24.211433,3
2022,12,19,8,40,臺中市,東勢區,0,4,0,8,1,5,50,4,1,1,5,4,5,7,4,4,10,5,5,1,16,26,2,9,1,1,C03,7,5,1,10,2,11,,26,26,1,5,8,C03,120.830156,24.250895,2
2022,12,19,8,43,臺中市,北屯區,0,1,0,8,1,5,50,14,9,1,5,4,5,7,4,4,1,4,5,2,17,23,2,9,3,4,C03,7,9,1,10,2,12,,23,23,1,5,8,C03,120.6804,24.172869,2
2022,12,19,8,45,臺中市,中區,0,2,0,8,1,5,50,4,1,1,5,4,5,7,2,1,10,5,5,2,16,25,2,9,1,1,C03,7,9,3,18,2,11,,25,25,1,22,9,C03,120.681796,24.144577,2
2022,12,19,8,50,臺中市,北區,0,0,0,8,,,50,,,,,,,,,,,,,,,7,,,,,B03,,,1,,1,,,7,,1,21,,B03,120.686052,24.154014,3
2022,12,19,8,51,臺中市,南屯區,0,1,0,8,1,5,30,5,1,1,5,4,5,7,2,1,10,5,5,2,16,6,2,1,1,1,C03,7,6,1,10,2,11,12,6,6,1,1,1,C03,120.63587,24.147805,2
2022,12,19,8,55,臺中市,潭子區,0,1,0,8,1,5,50,5,1,1,5,4,5,7,2,1,10,5,5,2,15,25,3,10,1,1,B12,7,9,1,8,2,5,,25,25,1,21,8,B12,120.686781,24.210318,2
2022,12,19,8,56,臺中市,西屯區,0,0,0,8,,,1,,,,,,,,,,,,,,,19,,,,,B03,,,1,,2,,,19,,1,22,,B03,120.641334,24.175204,3
2022,12,19,9,4,臺中市,豐原區,0,1,0,8,1,5,50,3,1,1,5,4,5,7,1,1,10,5,5,2,16,6,3,10,1,1,B12,7,5,3,18,2,8,,6,6,1,22,8,B12,120.726371,24.242388,2
2022,12,19,9,8,臺中市,大雅區,0,0,0,8,,,60,,,,,,,,,,,,,,,23,,,,,B03,,,1,,1,,,23,,1,22,,B03,120.646873,24.222393,3
2022,12,19,9,14,臺中市,南屯區,0,0,0,8,1,5,50,4,1,1,5,4,5,7,1,1,10,5,5,2,16,6,3,10,1,1,C03,7,6,1,10,2,12,,6,6,1,22,8,C03,120.653038,24.134957,3
2022,12,19,9,17,臺中市,南屯區,0,1,0,8,1,5,50,4,1,1,5,4,5,7,1,1,10,5,5,2,17,8,3,10,3,4,B03,7,5,1,8,9,1,,8,8,1,22,8,B03,120.650275,24.129683,2
2022,12,19,9,20,臺中市,北屯區,0,0,0,8,,,50,,,,,,,,,,,,,,,19,,,,,B03,,,1,,1,,,19,,1,22,,B03,120.706796,24.183953,3
2022,12,19,9,36,臺中市,潭子區,0,0,0,8,,,50,,,,,,,,,,,,,,,16,,,,,B03,,,1,,2,,,16,,1,22,,B03,120.707094,24.200399,3
2022,12,19,9,39,臺中市,北屯區,0,0,0,8,,,50,,,,,,,,,,,,,,,12,,,,,B12,,,1,,1,,,12,,1,21,,B12,120.719334,24.178802,3
2022,12,19,9,43,臺中市,神岡區,0,1,0,8,1,5,50,4,1,1,5,4,5,7,1,1,10,5,5,2,16,6,3,10,3,4,B03,7,5,1,8,2,5,,6,44,1,22,9,B03,120.696095,24.248364,2
2022,12,19,9,45,臺中市,梧棲區,0,1,0,8,1,5,50,3,1,1,5,4,5,7,4,4,10,5,5,2,16,23,3,10,1,1,C03,7,5,6,10,2,11,,23,23,1,12,3,C03,120.532764,24.230328,2
2022,12,19,9,52,臺中市,西屯區,0,0,0,8,,,1,,,,,,,,,,,,,,,19,,,,,B03,,,1,,1,,,19,,1,22,,B03,120.664198,24.172306,3
2022,12,19,9,59,臺中市,北區,0,1,0,8,1,5,50,3,1,1,5,4,5,7,4,4,10,5,5,2,15,19,3,10,1,1,B03,7,1,1,8,2,1,,19,19,1,22,9,B03,120.686071,24.149218,2
2022,12,19,9,59,臺中市,北區,0,0,0,,,,50,,,,,,,,,,,,,,,23,,,,,B03,,,1,,2,,,23,,1,5,,B03,120.684054,24.154645,3
2022,12,19,9,59,臺中市,烏日區,0,0,0,8,,,50,,,,,,,,,,,,,,,7,,,,,B03,,,1,,2,,,7,,1,21,,B03,120.62005,24.109655,3
2022,12,19,10,6,臺中市,霧峰區,0,1,0,8,1,5,30,11,9,1,5,4,5,7,4,4,6,1,5,1,10,26,3,10,1,1,C03,7,9,1,10,2,11,,26,26,1,22,9,C03,120.715881,24.071698,2
2022,12,19,10,6,臺中市,大甲區,0,2,0,8,1,5,50,14,9,1,5,4,5,7,4,4,9,5,5,1,16,26,2,9,1,1,C04,7,6,1,10,2,12,,26,26,1,4,1,C04,120.622023,24.3451,2
2022,12,19,10,7,臺中市,大里區,0,1,0,8,1,5,50,4,1,1,5,4,5,7,4,4,10,5,5,2,15,6,3,10,1,1,B03,7,9,1,8,2,2,,6,6,1,22,8,B03,120.688116,24.086029,2
2022,12,19,10,8,臺中市,北屯區,0,2,0,8,1,5,50,4,1,1,5,4,5,7,2,1,10,5,5,2,26,13,2,7,1,1,B03,7,5,1,7,2,1,,13,13,1,22,8,B03,120.6619,24.189481,2
2022,12,19,10,11,臺中市,北屯區,0,1,0,8,1,5,40,4,4,1,5,4,5,7,1,1,10,5,5,2,13,23,3,10,1,1,B12,7,9,1,2,2,1,,23,23,1,10,8,B12,120.676206,24.197586,2
2022,12,19,10,17,臺中市,梧棲區,0,2,0,8,1,5,40,3,1,1,5,4,5,7,1,1,10,5,5,2,13,16,2,9,1,1,C03,7,9,1,10,2,11,,16,16,1,20,8,C03,120.542265,24.247602,2
2022,12,19,10,18,臺中市,和平區,0,0,0,8,1,3,30,11,22,1,5,4,5,1,4,4,10,4,5,1,11,5,3,10,3,4,B03,7,9,1,8,2,8,,5,5,1,5,9,B03,121.295324,24.313936,3
2022,12,19,10,20,臺中市,潭子區,0,0,0,8,,,60,,,,,,,,,,,,,,,23,,,,,B03,,,1,,2,,,23,,1,22,,B03,120.686739,24.208163,3
2022,12,19,10,20,臺中市,烏日區,0,1,0,8,1,5,40,14,13,1,5,4,5,7,4,4,1,4,4,1,12,6,3,10,3,4,B01,7,6,1,3,2,2,,6,6,1,21,9,B01,120.584276,24.111436,2
2022,12,19,10,23,臺中市,南屯區,0,0,0,8,1,5,50,14,9,1,5,4,5,7,4,4,1,4,5,2,12,7,3,10,1,1,B03,7,8,1,8,1,5,2,7,7,1,20,8,B03,120.640188,24.141273,3
2022,12,19,10,23,臺中市,梧棲區,0,1,0,8,1,5,40,4,1,1,5,4,5,7,1,1,10,5,5,2,3,23,3,10,1,1,C03,7,9,3,18,2,11,,23,23,1,20,8,C03,120.551706,24.24411,2
2022,12,19,10,24,臺中市,北區,0,0,0,8,,,40,,,,,,,,,,,,,,,19,,,,,B01,,,1,,2,,,19,,1,21,,B01,120.683222,24.159118,3
2022,12,19,10,24,臺中市,太平區,0,1,0,8,1,5,50,4,18,1,5,4,5,7,2,1,5,2,4,1,3,15,3,10,1,1,B03,7,6,1,10,2,1,,15,15,1,5,8,B03,120.717799,24.128744,2
2022,12,19,10,25,臺中市,西區,0,1,0,8,1,5,50,14,9,1,5,4,5,7,4,4,5,4,5,2,18,43,2,9,1,1,C03,7,9,4,11,2,14,,43,43,1,5,7,C03,120.655917,24.15103,2
2022,12,19,10,27,臺中市,霧峰區,0,1,0,8,1,5,50,14,8,1,5,4,5,7,4,4,5,5,4,1,17,19,3,10,3,4,B03,7,1,1,8,2,15,,19,19,1,22,8,B03,120.698626,24.062779,2
2022,12,19,10,30,臺中市,北屯區,0,1,0,8,1,5,40,3,2,1,5,4,5,7,4,4,5,5,4,2,17,12,3,10,3,4,C03,7,2,6,18,2,13,,12,12,1,22,8,C03,120.687039,24.170553,2
2022,12,19,10,30,臺中市,神岡區,0,1,0,8,1,5,50,4,1,1,5,4,3,7,1,1,5,5,4,2,16,9,3,10,1,1,B03,7,6,1,8,2,2,,9,9,1,21,8,B03,120.658918,24.256908,2
2022,12,19,10,31,臺中市,南區,0,1,0,8,1,5,50,3,1,1,5,4,5,7,1,1,10,5,5,2,13,16,2,9,1,1,C03,7,5,1,10,2,11,,16,16,1,5,8,C03,120.680796,24.13356,2
2022,12,19,10,32,臺中市,北區,1,1,0,8,1,5,50,3,1,1,5,4,5,7,4,4,10,5,5,2,3,51,1,9,4,4,H01,8,18,8,20,11,16,,51,51,1,20,9,H01,120.688697,24.152433,1
2022,12,19,10,36,臺中市,南屯區,0,0,0,8,1,5,50,4,1,1,5,4,5,7,4,4,10,5,5,2,15,6,3,10,1,1,B03,7,5,1,8,2,1,,6,6,1,22,8,B03,120.647324,24.13588,3
2022,12,19,10,43,臺中市,大雅區,0,1,0,8,1,5,50,14,9,1,5,4,5,7,4,4,1,4,5,1,16,7,3,10,1,1,B03,7,8,1,8,2,6,,7,7,1,22,9,B03,120.659227,24.220228,2
2022,12,19,10,45,臺中市,中區,0,0,0,,,,50,,,,,,,,,,,,,,,19,,,,,B03,,,1,,1,,,19,,1,5,,B03,120.685045,24.139793,3
2022,12,19,10,48,臺中市,東區,0,1,0,8,1,5,50,14,9,1,5,4,5,7,4,4,5,5,5,2,12,7,2,9,1,1,C03,7,7,1,10,2,14,,7,7,1,22,8,C03,120.687645,24.139736,2
2022,12,19,10,49,臺中市,東區,0,1,0,8,1,5,40,14,7,1,5,4,5,7,4,4,9,5,4,2,16,19,3,10,1,1,C03,7,1,3,18,2,14,,19,19,1,22,8,C03,120.699311,24.148063,2
2022,12,19,10,50,臺中市,龍井區,0,0,0,8,,,60,,,,,,,,,,,,,,,23,,,,,B03,,,1,,1,,,23,23,1,22,,B03,120.574852,24.185559,3
2022,12,19,10,53,臺中市,北區,0,1,0,8,1,5,50,4,1,1,5,4,5,7,1,1,10,5,5,2,16,7,3,10,1,1,B12,7,7,1,8,2,8,,7,7,1,22,9,B12,120.679818,24.15215,2
2022,12,19,11,0,臺中市,北屯區,0,3,0,8,1,5,40,14,16,1,5,4,5,7,4,4,10,5,5,1,13,23,3,10,1,1,B03,7,9,1,8,2,1,,23,23,1,22,8,B03,120.719581,24.162205,2
2022,12,19,11,0,臺中市,神岡區,0,0,0,8,,,50,,,,,,,,,,,,,,,23,,,,,B12,,,1,,1,,,23,23,1,22,,B12,120.6945,24.232582,3
2022,12,19,11,6,臺中市,豐原區,0,0,0,8,,,60,,,,,,,,,,,,,,,16,,,,,B02,,,1,,2,,,16,,1,4,,B02,120.702936,24.244869,3
2022,12,19,11,9,臺中市,沙鹿區,0,1,0,8,1,5,30,4,1,1,5,4,5,7,4,4,10,5,5,2,15,6,3,10,1,1,B12,7,9,1,8,2,5,,6,6,1,4,8,B12,120.568673,24.230558,2
2022,12,19,11,11,臺中市,西屯區,0,2,0,8,1,5,50,14,7,1,5,4,5,7,4,4,9,4,4,2,12,9,2,9,1,1,C03,7,6,1,10,2,12,,9,9,1,22,8,C03,120.646188,24.178816,2
2022,12,19,11,15,臺中市,北屯區,0,0,0,8,,,50,,,,,,,,,,,,,,,23,,,,,B03,,,1,8,2,,,23,23,1,21,,B03,120.722943,24.176028,3
2022,12,19,11,20,臺中市,霧峰區,0,0,0,8,,,50,,,,,,,,,,,,,,,23,,,,,B03,,,1,,2,,,23,23,1,22,,B03,120.698177,24.061913,3
2022,12,19,11,23,臺中市,龍井區,0,2,0,8,1,5,50,14,9,1,5,4,5,7,4,4,5,5,5,2,3,53,2,9,4,5,H01,8,16,8,20,10,16,,53,53,1,12,8,H01,120.559991,24.198094,2
2022,12,19,11,26,臺中市,南屯區,0,1,0,8,1,5,50,14,7,1,5,4,5,7,4,4,5,5,4,2,16,26,3,10,1,1,C03,7,5,3,18,2,12,,26,26,1,18,8,C03,120.634786,24.151858,2
2022,12,19,11,29,臺中市,西屯區,0,0,0,8,,,50,,,,,,,,,,,,,,,23,,,,,B03,,,1,,1,,,23,,1,20,,B03,120.637404,24.180315,3
2022,12,19,11,36,臺中市,大肚區,0,1,0,8,1,5,30,4,1,1,5,4,5,7,4,4,10,4,4,2,16,6,3,10,1,1,C03,7,9,6,8,3,11,,6,6,1,3,8,C03,120.547718,24.148273,2
2022,12,19,11,36,臺中市,烏日區,0,0,0,8,,,70,,,,,,,,,,,,,,,42,,,,,B03,,,3,,11,,,42,,1,22,,B03,120.59423,24.112645,3
2022,12,19,11,41,臺中市,潭子區,0,0,0,8,,,60,,,,,,,,,,,,,,,19,,,,,B03,,,1,,2,,,19,,1,22,,B03,120.708379,24.230539,3
2022,12,19,11,44,臺中市,沙鹿區,0,1,0,8,1,5,30,4,1,1,5,4,5,7,4,4,10,5,5,2,15,6,3,10,1,1,B03,7,9,1,8,2,2,,6,6,1,22,8,B03,120.561485,24.245328,2
2022,12,19,11,45,臺中市,北區,0,1,0,8,1,5,50,4,2,1,5,4,5,7,4,4,5,5,5,2,13,23,2,8,1,1,F02,7,9,8,20,2,16,,23,23,1,21,8,F02,120.683334,24.160291,2
2022,12,19,11,47,臺中市,西區,0,1,0,8,1,5,50,4,1,1,5,4,5,7,1,1,10,5,5,2,15,25,3,10,1,1,B03,7,9,1,8,2,8,,25,25,1,5,8,B03,120.652162,24.146736,2
2022,12,19,11,50,臺中市,中區,0,1,0,8,1,5,50,14,9,1,5,4,5,7,4,4,5,4,5,2,12,7,3,10,1,1,B03,7,8,1,8,2,5,,7,7,1,21,8,B03,120.683603,24.140877,2
2022,12,19,11,50,臺中市,南區,0,0,0,8,1,5,50,14,9,1,5,4,5,7,4,4,1,4,5,2,12,23,3,10,1,1,B03,7,9,1,8,2,2,,23,23,1,22,8,B03,120.677246,24.131236,3
2022,12,19,11,52,臺中市,大肚區,0,0,0,,,,50,,,,,,,,,,,,,,,12,,,,,B03,,,1,,2,,,12,,1,22,,B03,120.546617,24.155844,3
2022,12,19,12,1,臺中市,北區,0,0,0,8,,,50,,,,,,,,,,,,,,,23,,,,,B03,,,1,,11,,,23,,1,22,,B03,120.671418,24.173307,3
2022,12,19,12,1,臺中市,北屯區,0,0,0,8,,,50,,,,,,,,,,,,,,,23,,,,,C03,,,1,,1,,,23,,1,22,,C03,120.720624,24.158999,3
2022,12,19,12,1,臺中市,大肚區,0,0,0,8,,,50,,,,,,,,,,,,,,,26,,,,,B03,,,6,,2,,,26,,1,22,,B03,120.57956,24.168678,3
2022,12,19,12,2,臺中市,南屯區,0,0,0,8,1,5,50,14,9,1,5,4,5,7,4,4,1,4,5,2,12,7,3,10,1,1,B03,7,7,1,8,1,6,,7,7,1,22,8,B03,120.647043,24.152793,3
2022,12,19,12,10,臺中市,北屯區,0,1,0,8,1,5,50,3,1,1,5,4,5,7,4,4,10,5,5,2,17,26,2,9,1,1,C03,7,9,1,10,2,12,,26,26,1,21,8,C03,120.73066,24.17259,2
2022,12,19,12,14,臺中市,沙鹿區,0,1,0,8,1,5,50,4,1,1,5,4,5,7,1,1,10,5,5,2,16,23,3,10,1,1,C03,7,9,1,10,2,12,,23,23,1,21,8,C03,120.562399,24.240498,2
2022,12,19,12,16,臺中市,北屯區,0,0,0,8,,,40,,,,,,,,,,,,,,,23,,,,,C03,,,1,10,2,,,23,23,1,21,,C03,120.691451,24.16281,3
2022,12,19,12,17,臺中市,中區,0,0,0,,,,50,,,,,,,,,,,,,,,23,,,,,B01,,,1,,1,,,23,,1,10,,B01,120.681454,24.139382,3
2022,12,19,12,20,臺中市,西區,0,2,0,8,1,5,50,4,1,1,5,4,5,7,2,1,10,5,5,2,15,25,2,9,1,1,C03,7,9,1,10,2,11,,25,25,1,22,9,C03,120.655141,24.147749,2
2022,12,19,12,22,臺中市,龍井區,0,0,0,8,,,70,,,,,,,,,,,,,,,23,,,,,B03,,,1,,2,,,23,,1,5,,B03,120.536555,24.193983,3
2022,12,19,12,25,臺中市,大肚區,0,1,0,8,1,5,70,14,7,1,5,4,5,7,4,4,1,4,4,2,13,23,3,10,1,1,C02,7,9,1,9,2,13,,44,23,1,5,1,C02,120.553881,24.131384,2
2022,12,19,12,32,臺中市,沙鹿區,0,1,0,8,1,5,40,14,8,1,5,4,5,7,4,4,3,4,3,1,17,42,3,10,1,1,B03,7,15,1,8,2,7,,42,42,1,22,9,B03,120.570667,24.235933,2
2022,12,19,12,34,臺中市,南屯區,0,2,0,8,1,5,50,5,1,1,5,4,5,7,2,1,10,5,5,2,16,6,2,9,1,1,C03,7,6,1,10,2,12,,6,6,1,18,2,C03,120.646641,24.142582,2
2022,12,19,12,41,臺中市,霧峰區,0,0,0,8,,,60,,,,,,,,,,,,,,,23,,,,,B03,,,6,,2,,,23,,1,22,,B03,120.695595,24.009823,3
2022,12,19,12,45,臺中市,西區,0,0,0,,,,50,,,,,,,,,,,,,,,10,,,,,B03,,,1,,1,,,10,,1,5,,B03,120.651349,24.148825,3
2022,12,19,12,49,臺中市,東區,0,0,0,,,,40,,,,,,,,,,,,,,,12,,,,,B03,,,1,,2,,,12,,1,5,,B03,120.689661,24.131489,3
2022,12,19,12,55,臺中市,大里區,0,1,0,8,1,5,50,4,1,1,5,4,3,5,1,1,5,2,5,2,13,23,2,9,1,1,C03,7,9,3,18,2,11,,23,23,1,22,9,C03,120.674383,24.114919,2
2022,12,19,13,16,臺中市,西區,0,1,0,8,1,5,50,4,1,1,5,4,5,7,4,4,10,5,5,2,16,6,3,10,1,1,B03,7,5,1,8,2,4,,6,6,1,5,8,B03,120.660172,24.151979,2
2022,12,19,13,16,臺中市,北區,0,0,0,8,,,50,,,,,,,,,,,,,,,42,,,,,B03,,,1,,2,,,42,,1,22,,B03,120.685725,24.155948,3
2022,12,19,13,20,臺中市,大肚區,0,0,0,,,,30,,,,,,,,,,,,,,,17,,,,,A12,,,1,,2,,,17,,1,10,,A12,120.555005,24.137324,3
2022,12,19,13,25,臺中市,東區,0,0,0,,,,50,,,,,,,,,,,,,,,25,,,,,B03,,,4,,2,,,25,25,1,22,,B03,120.699197,24.148461,3
2022,12,19,13,33,臺中市,新社區,0,0,0,8,,,30,,,,,,,,,,,,,,,42,,,,,B03,,,1,,2,,,42,,1,21,,B03,120.847304,24.138822,3
2022,12,19,13,37,臺中市,梧棲區,0,0,0,8,,,30,,,,,,,,,,,,,,,12,,,,,B12,,,3,,2,,,12,,1,21,,B12,120.533912,24.255807,3
2022,12,19,13,41,臺中市,龍井區,0,1,0,8,1,5,50,4,1,1,5,4,5,7,2,1,10,5,5,2,16,26,3,10,1,1,C03,7,4,1,10,2,12,,26,26,1,22,7,C03,120.584095,24.182089,2
2022,12,19,13,45,臺中市,南區,0,2,0,8,1,5,40,14,8,1,5,4,5,7,4,4,1,4,4,2,17,23,2,9,1,1,C03,7,9,1,10,2,14,,23,23,1,22,8,C03,120.656429,24.116282,2
2022,12,19,13,50,臺中市,霧峰區,0,2,0,8,1,5,50,14,12,1,5,4,5,7,4,4,9,4,4,1,16,38,2,9,3,1,A12,7,14,1,7,2,7,,38,38,1,22,9,A12,120.698161,24.060279,2
2022,12,19,13,52,臺中市,大肚區,0,0,0,8,,,50,,,,,,,,,,,,,,,16,,,,,B12,,,1,,1,,,16,,1,22,,B12,120.57879,24.168958,3
2022,12,19,14,6,臺中市,神岡區,0,0,0,8,,,30,,,,,,,,,,,,,,,23,,,,,B12,,,1,,2,,,23,,1,22,,B12,120.673318,24.243962,3
2022,12,19,14,21,臺中市,南屯區,0,0,0,8,,,50,,,,,,,,,,,,,,,23,,,,,B03,,,1,,1,,,23,23,1,22,,B03,120.650934,24.146763,3
2022,12,19,14,22,臺中市,石岡區,0,3,0,8,1,5,70,14,9,1,5,4,5,7,4,4,1,5,5,2,13,16,2,9,1,1,C03,7,9,1,10,2,11,,16,16,1,5,8,C03,120.79065,24.273196,2
2022,12,19,14,25,臺中市,龍井區,0,0,0,,,,40,,,,,,,,,,,,,,,23,,,,,B03,,,1,,2,,,23,,1,22,,B03,120.580815,24.188062,3
2022,12,19,14,35,臺中市,梧棲區,0,1,0,8,1,5,70,4,1,1,5,4,5,7,2,1,10,5,5,2,15,25,3,10,1,1,B03,7,9,1,8,2,5,,25,25,1,5,8,B03,120.524766,24.254229,2
2022,12,19,14,43,臺中市,西區,0,0,0,8,,,50,,,,,,,,,,,,,,,6,,,,,B12,,,1,,1,,,6,,1,22,,B12,120.66718,24.14209,3
2022,12,19,14,44,臺中市,大甲區,0,2,0,8,1,5,50,3,1,1,5,4,5,7,4,4,10,5,5,2,16,9,3,10,1,1,B03,7,6,1,8,2,2,,9,9,1,21,8,B03,120.659628,24.38358,2
2022,12,19,15,0,臺中市,大雅區,0,0,0,8,,,50,,,,,,,,,,,,,,,42,,,,,B03,,,1,,2,,,42,,1,22,,B03,120.615341,24.219777,3
2022,12,19,15,0,臺中市,北屯區,0,0,0,6,,,50,,,,,,,,,,,,,,,12,,,,,B03,,2,1,8,1,6,,12,12,1,21,8,B03,120.71666,24.173954,3
2022,12,19,15,0,臺中市,沙鹿區,0,0,0,8,1,5,50,14,9,1,5,4,5,7,1,1,1,3,4,1,13,16,,,,,B11,,,1,,2,,,16,,1,10,,B11,120.558754,24.233577,3
2022,12,19,15,0,臺中市,神岡區,0,0,0,8,,,50,,,,,,,,,,,,,,,26,,,,,C03,,,1,,2,,,26,,1,22,,C03,120.664409,24.258173,3
2022,12,19,15,0,臺中市,神岡區,0,0,0,8,,,50,,,,,,,,,,,,,,,17,,,,,B12,,,1,,2,,,17,,1,21,,B12,120.69787,24.252243,3
2022,12,19,15,5,臺中市,梧棲區,0,0,0,8,,,30,,,,,,,,,,,,,,,23,,,,,B12,,,1,,2,,,23,,1,9,,B12,120.527347,24.223222,3
2022,12,19,15,8,臺中市,梧棲區,0,1,0,8,1,5,40,4,2,1,5,4,5,7,1,1,1,4,3,2,16,4,3,10,1,1,C03,7,5,1,10,2,11,,4,4,1,9,8,C03,120.547152,24.24618,2
2022,12,19,15,10,臺中市,北屯區,0,0,0,8,,,50,,,,,,,,,,,,,,,23,,,,,B03,,,1,,1,,,23,,1,4,,B03,120.7216,24.1804,3
2022,12,19,15,13,臺中市,沙鹿區,0,2,0,8,1,5,30,4,1,1,5,4,5,3,4,4,10,5,5,2,15,6,2,8,1,1,C03,7,9,1,10,2,11,,6,6,1,6,8,C03,120.550071,24.217108,2
2022,12,19,15,16,臺中市,北屯區,0,0,0,8,,,50,,,,,,,,,,,,,,,23,,,,,B03,,,1,,2,,,23,,1,21,,B03,120.698556,24.17391,3
2022,12,19,15,16,臺中市,北屯區,0,0,0,8,,,30,,,,,,,,,,,,,,,23,,,,,B12,,,1,,2,,,23,,1,21,,B12,120.717608,24.174029,3
2022,12,19,15,18,臺中市,梧棲區,0,0,0,8,,,50,,,,,,,,,,,,,,,6,,,,,B12,,,1,,2,,,6,,1,5,,B12,120.54908,24.232678,3
2022,12,19,15,25,臺中市,南屯區,0,0,0,,,,50,,,,,,,,,,,,,,,12,,,,,B12,,,1,,2,,,12,,1,4,,B12,120.612793,24.151886,3
2022,12,19,15,27,臺中市,西區,0,0,0,8,,,50,,,,,,,,,,,,,,,42,,,,,B02,,,1,,1,,,42,,1,5,,B02,120.672474,24.136304,3
2022,12,19,15,29,臺中市,西屯區,0,0,0,8,,,50,,,,,,,,,,,,,,,23,,,,,B03,,,1,,1,,,23,,1,21,,B03,120.662798,24.20154,3