年,月,日,時,分,縣市,區,死,受傷,2-30,天候,光線,道路類別,速限,道路型態,事故位置,路面鋪裝,路面狀態,路面缺陷,障礙物,視距,號誌種類,號誌動作,分向設施,快車道或一般車道間,快慢車道間,路面邊線,事故類型及型態,主要肇因,受傷程度,主要傷處,保護裝備,行動電話,當事者區分,車輛用途,當事者行動狀態,駕駛資格情形,駕駛執照種類,飲酒情形,車輛撞擊部位最初,車輛撞擊部位其他,肇事因素個別,肇事因素主要,肇事逃逸,職業,旅次目的,車種,GPS緯度,GPS經度,事故類別
2022,12,19,15,30,臺中市,南屯區,0,0,0,8,,,50,,,,,,,,,,,,,,,42,,,,,B12,,,1,,1,,,42,,1,22,,B12,120.616735,24.153679,3
2022,12,19,15,30,臺中市,清水區,0,1,0,8,1,5,50,14,9,1,5,4,5,7,4,4,5,5,5,1,12,17,3,10,1,1,B03,7,9,1,10,2,2,,17,17,1,22,8,B03,120.564666,24.276708,2
2022,12,19,15,32,臺中市,大里區,0,0,0,8,,,50,,,,,,,,,,,,,,,23,,,,,B03,,,1,,2,,,23,,1,22,,B03,120.693218,24.090583,3
2022,12,19,15,35,臺中市,大里區,0,0,0,8,,,50,,,,,,,,,,,,,,,11,,,,,C04,,,1,,2,,,11,,1,20,,C04,120.692254,24.091413,3
2022,12,19,15,39,臺中市,西屯區,0,1,0,8,1,5,50,3,2,1,5,4,5,7,4,4,5,4,4,2,13,16,2,8,1,1,C03,7,9,1,10,1,11,14,16,16,1,22,8,C03,120.646083,24.172995,2
2022,12,19,15,40,臺中市,西區,0,1,0,8,1,5,40,14,8,1,5,4,4,7,4,4,1,4,4,2,13,16,2,8,1,1,C03,7,9,1,10,1,11,,16,16,1,21,8,C03,120.665645,24.137953,2
2022,12,19,15,40,臺中市,大里區,0,0,0,8,,,40,,,,,,,,,,,,,,,23,,,,,A05,,,1,,2,,,23,23,1,10,,A05,120.666063,24.095439,3
2022,12,19,15,40,臺中市,太平區,0,0,0,,,,50,,,,,,,,,,,,,,,23,,,,,A41,,,1,,2,,,23,,1,10,,A41,120.750208,24.123373,3
2022,12,19,15,45,臺中市,霧峰區,0,0,0,8,,,60,,,,,,,,,,,,,,,23,,,,,B03,,,1,,2,,,23,,1,12,,B03,120.696173,24.018854,3
2022,12,19,15,50,臺中市,大雅區,0,0,0,8,,,50,,,,,,,,,,,,,,,16,,,,,B12,,,1,,2,,,16,,1,22,,B12,120.629981,24.20968,3
2022,12,19,15,50,臺中市,大肚區,0,1,0,8,1,5,50,14,9,1,5,4,5,7,4,4,9,5,5,1,14,12,3,10,1,1,B03,7,2,1,8,2,7,,12,12,1,6,8,B03,120.574182,24.15891,2
2022,12,19,15,50,臺中市,大甲區,0,0,0,8,,,50,,,,,,,,,,,,,,,6,,,,,B03,,,1,,2,,,6,,1,4,,B03,120.618137,24.351445,3
2022,12,19,15,54,臺中市,北區,0,1,0,8,1,5,50,4,1,1,5,4,5,7,1,1,10,5,5,2,16,10,3,10,1,1,B12,7,11,1,8,2,8,,10,10,1,22,8,B12,120.682687,24.167028,2
2022,12,19,15,55,臺中市,大里區,0,0,0,8,,,50,,,,,,,,,,,,,,,23,,,,,B03,,,1,,2,,,23,,1,21,,B03,120.690106,24.112515,3
2022,12,19,15,56,臺中市,北區,0,0,0,8,1,5,50,4,7,1,5,4,5,7,2,1,6,1,5,2,12,26,,,,,C03,,,1,,1,,,26,,1,22,,C03,120.663296,24.161899,3
2022,12,19,15,59,臺中市,梧棲區,0,2,0,8,1,5,40,3,2,1,5,4,5,7,4,4,10,5,5,2,16,6,3,10,1,1,B03,7,6,1,8,2,2,,6,6,1,19,8,B03,120.548856,24.245191,2
2022,12,19,16,0,臺中市,北屯區,0,0,0,8,,,40,,,,,,,,,,,,,,,43,,,,,B03,,,1,,1,,,43,43,1,5,,B03,120.660216,24.189243,3
2022,12,19,16,1,臺中市,潭子區,0,0,0,8,,,60,,,,,,,,,,,,,,,16,,,,,B03,,,1,,2,,,16,,1,22,,B03,120.705844,24.217038,3
2022,12,19,16,3,臺中市,西區,0,1,0,8,1,5,50,4,1,1,5,4,5,7,1,1,10,5,5,2,17,6,3,10,1,1,B03,7,6,1,8,2,5,,6,6,1,5,1,B03,120.670255,24.146337,2
2022,12,19,16,3,臺中市,北屯區,0,0,0,8,,,80,,,,,,,,,,,,,,,16,,,,,B03,,,1,,1,,,16,,1,4,,B03,120.719123,24.163433,3
2022,12,19,16,5,臺中市,西區,0,1,0,8,1,5,50,4,1,1,5,4,5,7,1,1,10,5,5,2,16,10,3,10,1,1,B12,7,11,1,8,1,2,,10,10,1,18,8,B12,120.661673,24.150865,2
2022,12,19,16,10,臺中市,龍井區,0,2,0,8,1,5,50,3,1,1,5,4,5,7,4,4,5,5,5,2,16,44,2,8,1,1,C03,7,5,1,10,2,13,,44,23,1,3,9,C03,120.592729,24.18187,2
2022,12,19,16,12,臺中市,西屯區,0,1,0,8,1,5,30,11,9,1,5,4,5,7,4,4,10,5,5,2,18,42,2,9,1,1,C03,7,9,1,9,2,15,,42,42,1,1,9,C03,120.620641,24.197688,2
2022,12,19,16,15,臺中市,南屯區,0,0,0,8,,,30,,,,,,,,,,,,,,,43,,,,,A12,,,1,,2,,,43,,1,22,,A12,120.61992,24.135376,3
2022,12,19,16,24,臺中市,大雅區,0,1,0,8,1,5,50,14,9,1,5,4,5,7,4,4,9,5,5,1,16,6,3,10,1,1,B03,7,5,1,8,2,1,,6,6,1,22,9,B03,120.666365,24.217443,2
2022,12,19,16,25,臺中市,烏日區,0,0,0,8,1,5,50,4,2,1,5,4,5,7,2,1,1,2,5,1,12,17,3,10,3,4,B03,7,9,1,8,2,2,,17,17,1,21,9,B03,120.614212,24.11719,3
2022,12,19,16,30,臺中市,大雅區,0,0,0,8,,,50,,,,,,,,,,,,,,,16,,,,,A12,,,1,,2,,,16,,1,22,,A12,120.645799,24.225565,3
2022,12,19,16,30,臺中市,大肚區,0,1,0,8,1,5,50,14,9,1,5,4,5,7,4,4,9,5,5,2,27,44,2,9,1,1,C03,7,9,1,10,2,15,,44,44,1,22,1,C03,120.568794,24.156077,2
2022,12,19,16,37,臺中市,北屯區,0,1,0,8,1,5,50,14,9,1,5,4,5,7,4,4,5,5,5,2,13,23,2,9,1,1,C03,7,9,1,10,2,11,,23,23,1,18,8,C03,120.6703,24.1868,2
2022,12,19,16,39,臺中市,南屯區,0,0,0,,,,50,,,,,,,,,,,,,,,19,,,,,B03,,,1,,1,,,19,,1,22,,B03,120.629659,24.12296,3
2022,12,19,16,40,臺中市,外埔區,0,2,0,8,1,5,30,4,1,1,5,4,5,7,4,4,10,5,5,2,16,6,2,9,1,1,C03,7,9,3,18,2,11,,6,6,1,22,8,C03,120.654826,24.337145,2
2022,12,19,16,41,臺中市,豐原區,0,0,0,8,,,50,,,,,,,,,,,,,,,42,,,,,B02,,,1,,2,,,42,,1,4,,B02,120.709236,24.251202,3
2022,12,19,16,43,臺中市,豐原區,0,1,0,8,1,5,50,3,1,1,5,4,5,7,1,1,10,5,5,2,16,6,2,9,1,1,C03,7,5,1,10,2,12,,6,6,1,21,8,C03,120.728905,24.246127,2
2022,12,19,16,47,臺中市,神岡區,0,0,0,8,,,30,,,,,,,,,,,,,,,16,,,,,C03,,,1,,2,,,16,,1,22,,C03,120.688107,24.256081,3
2022,12,19,16,50,臺中市,烏日區,0,1,0,8,1,5,50,3,1,1,5,4,5,7,3,1,10,5,5,2,17,6,2,9,1,1,C03,7,9,1,10,2,12,,14,6,1,5,8,C03,120.622098,24.102493,2
2022,12,19,16,50,臺中市,梧棲區,0,0,0,8,,,70,,,,,,,,,,,,,,,42,,,,,B03,,,1,,1,,,42,,1,9,,B03,120.536802,24.249865,3
2022,12,19,16,59,臺中市,豐原區,0,1,0,8,2,5,50,4,1,1,5,4,5,7,1,1,10,5,5,2,16,23,3,10,1,1,C03,7,9,1,9,2,14,,23,23,1,21,8,C03,120.744541,24.264819,2
2022,12,19,17,0,臺中市,北屯區,0,2,0,8,1,5,30,4,1,1,5,4,5,7,4,4,10,5,5,2,15,6,2,9,1,1,C03,7,9,1,10,2,14,,6,6,1,21,8,C03,120.672391,24.175729,2
2022,12,19,17,1,臺中市,南區,0,2,0,8,2,5,50,14,8,1,5,4,5,7,4,4,1,4,4,2,13,23,2,9,1,1,C03,7,9,1,10,2,11,,23,23,1,3,5,C03,120.645144,24.110014,2
2022,12,19,17,8,臺中市,北屯區,0,1,0,8,2,5,50,4,1,1,5,4,5,7,2,1,10,5,5,2,18,19,2,9,1,1,C03,7,1,1,10,2,14,,19,19,1,18,8,C03,120.735823,24.175163,2
2022,12,19,17,8,臺中市,太平區,0,0,0,8,,,50,,,,,,,,,,,,,,,26,,,,,C03,,,1,,1,,,26,,1,9,,C03,120.719325,24.158231,3
2022,12,19,17,9,臺中市,烏日區,0,1,0,8,1,5,30,11,9,1,5,4,5,1,4,4,10,5,5,2,11,17,2,9,3,4,C03,7,9,1,10,2,14,,17,17,1,21,9,C03,120.606202,24.11936,2
2022,12,19,17,10,臺中市,西屯區,0,1,0,8,2,5,50,14,8,1,5,4,5,7,4,4,9,4,5,2,16,6,3,10,3,4,B03,7,6,6,18,2,2,,6,6,1,22,9,B03,120.627013,24.184286,2
2022,12,19,17,11,臺中市,東區,0,2,0,8,3,5,30,4,1,1,5,4,5,7,4,4,10,5,5,2,15,6,2,9,1,1,C03,7,9,7,19,2,12,,6,6,1,5,8,C03,120.694002,24.128415,2
2022,12,19,17,16,臺中市,太平區,0,1,0,8,1,5,30,14,9,1,5,4,5,7,4,4,10,5,5,2,11,23,2,8,1,1,C03,7,9,1,10,2,11,,23,23,1,18,2,C03,120.730946,24.14112,2
2022,12,19,17,19,臺中市,北屯區,0,1,0,8,3,5,50,4,1,1,5,4,5,7,2,1,10,5,5,2,13,26,2,7,1,1,C03,7,5,6,18,2,13,,26,26,1,5,1,C03,120.679374,24.171214,2
2022,12,19,17,21,臺中市,西區,0,0,0,8,,,50,,,,,,,,,,,,,,,12,,,,,B03,,,1,,1,,,12,,1,5,,B03,120.653586,24.153632,3
2022,12,19,17,25,臺中市,北區,0,1,0,8,1,5,50,4,1,1,5,4,5,7,2,1,10,5,5,2,12,23,2,5,1,1,C03,7,9,1,10,2,12,,23,23,1,18,8,C03,120.683396,24.14838,2
2022,12,19,17,25,臺中市,北區,0,1,0,8,3,5,50,3,1,1,5,4,5,7,4,4,10,5,5,2,16,6,3,10,1,1,B03,7,5,1,8,2,8,,6,6,1,22,8,B03,120.68359,24.168439,2
2022,12,19,17,28,臺中市,東區,0,1,0,8,2,5,50,14,9,1,5,4,5,7,2,1,5,4,5,2,12,23,3,10,1,1,C03,7,9,1,10,2,12,,23,23,1,21,8,C03,120.690009,24.137917,2
2022,12,19,17,29,臺中市,北區,0,0,0,8,2,5,50,3,1,1,5,4,5,7,1,1,1,4,4,2,12,7,3,10,1,1,B03,7,7,1,8,2,4,,7,7,1,5,5,B03,120.683792,24.146268,3
2022,12,19,17,30,臺中市,北屯區,0,0,0,6,,,50,,,,,,,,,,,,,,,26,,,,,B03,,7,1,8,1,5,,26,26,1,22,8,B03,120.733801,24.159879,3
2022,12,19,17,30,臺中市,東勢區,0,1,0,8,3,5,30,4,1,1,5,4,5,7,4,4,10,5,5,2,15,6,3,10,3,4,B03,7,9,1,8,2,2,,6,6,1,21,8,B03,120.829008,24.259313,2
2022,12,19,17,31,臺中市,南區,0,0,0,8,1,5,50,14,9,1,5,4,5,7,4,4,5,4,5,2,17,23,3,10,3,4,B12,7,8,1,8,11,2,,23,23,2,5,8,B12,120.684188,24.131604,3
2022,12,19,17,32,臺中市,梧棲區,0,1,0,8,1,5,50,4,1,1,5,4,5,7,1,1,10,5,5,1,16,6,3,10,3,4,B03,7,5,1,8,2,5,,6,6,1,22,8,B03,120.532211,24.258687,2
2022,12,19,17,35,臺中市,霧峰區,0,0,0,8,,,40,,,,,,,,,,,,,,,23,,,,,B03,,,1,,2,,,23,,1,9,,B03,120.663215,24.072746,3
2022,12,19,17,38,臺中市,太平區,0,0,0,8,,,40,,,,,,,,,,,,,,,19,,,,,C03,,,1,,1,,,19,,1,9,,C03,120.71806,24.153533,3
2022,12,19,17,39,臺中市,西屯區,0,2,0,8,3,5,50,14,9,1,5,4,5,7,4,4,1,4,5,2,29,42,2,9,1,1,C03,7,9,1,10,1,13,,42,42,1,21,8,C03,120.65603,24.1868,2
2022,12,19,17,40,臺中市,潭子區,0,0,0,8,,,50,,,,,,,,,,,,,,,12,,,,,B12,,,1,,2,,,12,,1,22,,B12,120.693834,24.215632,3
2022,12,19,17,40,臺中市,南屯區,0,2,0,8,3,5,40,4,1,1,5,4,5,7,2,1,10,5,5,2,17,8,3,10,1,1,C03,7,5,1,10,2,12,,8,8,1,22,9,C03,120.612543,24.13843,2
2022,12,19,17,44,臺中市,潭子區,0,0,0,8,,,30,,,,,,,,,,,,,,,16,,,,,C03,,,1,,2,,,16,,1,22,,C03,120.697803,24.205066,3
2022,12,19,17,44,臺中市,北屯區,0,1,0,8,3,5,50,4,1,1,5,4,5,7,1,1,10,5,5,2,16,6,3,10,1,1,B03,7,5,1,8,2,5,,6,6,1,21,8,B03,120.676311,24.193347,2
2022,12,19,17,44,臺中市,神岡區,0,0,0,8,,,50,,,,,,,,,,,,,,,12,,,,,B12,,,1,,2,,,12,,1,22,,B12,120.702056,24.273438,3
2022,12,19,17,45,臺中市,西屯區,0,0,0,8,,,30,,,,,,,,,,,,,,,17,,,,,B03,,,1,,1,,,17,,1,22,,B03,120.615901,24.18824,3
2022,12,19,17,47,臺中市,南屯區,0,0,0,8,,,50,,,,,,,,,,,,,,,7,,,,,B12,,,1,,2,,,7,7,1,22,,B12,120.640673,24.141486,3
2022,12,19,17,47,臺中市,豐原區,0,1,0,8,3,5,50,14,8,1,5,4,5,7,4,4,1,3,4,2,17,23,2,9,1,1,C03,7,9,1,10,2,11,,23,23,1,4,1,C03,120.719505,24.258266,2
2022,12,19,17,48,臺中市,西屯區,0,1,0,8,3,5,50,14,9,1,5,4,5,7,4,4,5,5,5,2,13,23,3,10,3,4,C03,7,9,1,10,2,11,,23,23,1,22,8,C03,120.642918,24.188396,2
2022,12,19,17,49,臺中市,南區,0,2,0,8,3,5,50,14,12,1,5,4,5,7,4,4,5,5,4,2,16,26,2,7,1,1,C03,7,5,1,10,2,12,,26,26,1,21,8,C03,120.667164,24.114366,2
2022,12,19,17,50,臺中市,外埔區,0,1,0,8,3,5,70,14,9,1,5,4,5,7,3,1,1,4,5,1,12,23,2,9,1,1,B12,7,9,1,8,2,1,,23,23,1,22,8,B12,120.645889,24.329651,2
2022,12,19,17,52,臺中市,沙鹿區,0,1,0,8,3,5,50,3,1,1,5,4,5,7,1,1,10,5,5,2,13,42,2,8,1,1,C03,7,9,1,10,2,11,,42,42,1,21,8,C03,120.566694,24.204254,2
2022,12,19,17,53,臺中市,西區,0,0,0,8,,,50,,,,,,,,,,,,,,,23,,,,,C03,,,1,,1,,,23,,1,21,,C03,120.658977,24.155921,3
2022,12,19,17,54,臺中市,龍井區,0,2,0,8,3,5,50,14,9,1,5,4,5,7,4,4,5,5,5,1,16,19,3,10,1,1,B03,7,1,1,8,2,8,,19,19,1,3,9,B03,120.587175,24.189964,2
2022,12,19,17,55,臺中市,潭子區,0,0,0,8,,,50,,,,,,,,,,,,,,,23,,,,,B03,,,1,,2,,,23,,1,22,,B03,120.714591,24.20572,3
2022,12,19,17,56,臺中市,東區,0,1,0,8,3,5,50,3,1,1,5,4,5,7,4,4,10,5,5,2,18,23,2,9,1,1,C03,7,9,1,10,2,12,,23,23,1,22,8,C03,120.696703,24.140919,2
2022,12,19,17,56,臺中市,龍井區,0,0,0,,,,60,,,,,,,,,,,,,,,42,,,,,B03,,,1,,1,,,42,,1,22,,B03,120.573431,24.185513,3
2022,12,19,17,58,臺中市,大里區,0,2,0,8,3,5,50,14,9,1,5,4,5,7,4,4,5,2,5,1,12,10,2,9,1,1,C03,7,11,1,10,2,12,,10,10,1,20,8,C03,120.688041,24.10624,2
2022,12,19,18,0,臺中市,西區,0,2,0,8,3,5,50,14,9,1,5,4,5,7,4,4,3,4,5,2,17,7,2,7,1,1,C03,7,7,1,10,2,11,,7,7,1,21,8,C03,120.665987,24.141458,2
2022,12,19,18,4,臺中市,大里區,0,0,0,8,,,50,,,,,,,,,,,,,,,7,,,,,B03,,,1,,2,,,7,,1,22,,B03,120.691947,24.101263,3
2022,12,19,18,5,臺中市,南屯區,0,0,0,,,,50,,,,,,,,,,,,,,,17,,,,,A04,,,1,,2,,,17,17,1,22,,A04,120.646725,24.131375,3
2022,12,19,18,5,臺中市,南屯區,0,0,0,,,,60,,,,,,,,,,,,,,,7,,,,,B03,,,1,,1,,,7,7,1,4,,B03,120.623497,24.149515,3
2022,12,19,18,5,臺中市,大里區,0,1,0,8,3,5,50,14,13,1,5,4,5,7,4,4,5,2,5,1,12,19,3,10,1,1,B11,7,1,1,7,2,8,,19,19,1,10,8,B11,120.694067,24.110026,2
2022,12,19,18,8,臺中市,神岡區,0,0,0,8,,,30,,,,,,,,,,,,,,,17,,,,,B03,,,1,,2,,,17,,1,22,,B03,120.680815,24.244504,3
2022,12,19,18,12,臺中市,北區,0,2,0,8,3,5,50,14,7,1,5,4,5,7,4,4,8,3,4,2,12,23,2,5,1,1,C03,7,9,1,10,2,11,,23,23,1,18,8,C03,120.687415,24.146447,2
2022,12,19,18,15,臺中市,豐原區,0,0,0,8,,,30,,,,,,,,,,,,,,,12,,,,,A31,,,1,,2,,,12,,1,21,,A31,120.751834,24.271205,3
2022,12,19,18,17,臺中市,豐原區,0,1,0,8,3,5,60,14,8,1,5,4,5,7,1,1,3,4,4,1,16,7,3,10,1,1,B03,7,8,1,8,2,2,,7,7,1,21,8,B03,120.725936,24.236813,2
2022,12,19,18,24,臺中市,烏日區,0,2,0,8,3,5,40,5,8,1,5,4,5,7,2,1,1,5,1,1,13,23,2,9,3,4,C03,7,9,1,10,2,11,,23,23,1,21,9,C03,120.641611,24.115441,2
2022,12,19,18,26,臺中市,南區,0,0,0,8,,,50,,,,,,,,,,,,,,,17,,,,,C03,,,1,,2,,,17,,1,18,,C03,120.652498,24.122127,3
2022,12,19,18,28,臺中市,大里區,0,3,0,8,3,5,80,14,9,1,5,4,5,7,4,4,2,3,5,1,13,23,2,3,1,1,B12,7,9,1,8,2,1,,23,23,1,22,8,B12,120.700401,24.119201,2
2022,12,19,18,29,臺中市,西屯區,0,0,0,8,,,50,,,,,,,,,,,,,,,7,,,,,B03,,,1,,2,,,7,,1,22,,B03,120.628599,24.176576,3
2022,12,19,18,30,臺中市,北屯區,0,0,0,8,,,50,,,,,,,,,,,,,,,7,,,,,B03,,,1,,1,,,7,7,1,5,,B03,120.676286,24.201206,3
2022,12,19,18,30,臺中市,后里區,0,0,0,8,3,5,40,14,7,1,5,4,5,7,4,4,8,3,4,1,16,10,3,10,1,1,C03,7,11,1,10,1,11,,10,10,1,5,1,C03,120.719214,24.308855,3
2022,12,19,18,30,臺中市,神岡區,0,0,0,8,,,30,,,,,,,,,,,,,,,17,,,,,B03,,,1,,2,,,17,,1,22,,B03,120.694192,24.23539,3
2022,12,19,18,35,臺中市,西屯區,0,1,0,8,3,5,50,4,1,1,5,4,5,7,1,1,10,5,5,2,16,6,3,10,3,4,B03,7,5,1,8,2,5,,6,6,1,22,8,B03,120.617695,24.185408,2
2022,12,19,18,38,臺中市,東區,0,2,0,8,3,5,50,4,1,1,5,4,5,7,4,4,10,5,5,2,15,6,2,9,1,1,C03,7,9,1,9,2,11,,6,6,1,5,8,C03,120.706023,24.136084,2
2022,12,19,18,40,臺中市,潭子區,0,0,0,8,,,50,,,,,,,,,,,,,,,16,,,,,B03,,,1,,2,,,16,,1,22,,B03,120.692331,24.225402,3
2022,12,19,18,40,臺中市,南區,0,1,0,8,3,5,50,4,1,1,5,4,5,7,1,1,1,4,4,2,12,6,3,10,1,1,B03,7,6,1,8,2,3,,6,6,1,21,8,B03,120.676053,24.126472,2
2022,12,19,18,40,臺中市,西屯區,0,3,0,8,3,5,30,4,1,1,5,4,5,7,4,4,10,5,5,2,17,6,2,9,1,1,C03,7,9,1,10,2,11,,6,6,1,21,8,C03,120.614136,24.179691,2
2022,12,19,18,45,臺中市,西屯區,0,1,0,8,3,5,30,14,9,1,5,4,5,7,4,4,10,5,5,2,13,16,2,8,3,4,C03,7,9,1,10,2,11,,16,16,1,22,8,C03,120.596996,24.205136,2
2022,12,19,18,45,臺中市,后里區,0,1,0,8,3,5,50,4,1,1,5,4,5,7,4,4,10,5,5,2,16,8,3,10,1,1,B03,7,5,1,8,2,8,,8,8,1,3,8,B03,120.712586,24.306653,2
2022,12,19,18,46,臺中市,南屯區,0,0,0,8,,,50,,,,,,,,,,,,,,,27,,,,,B03,,,1,,1,,,27,27,1,22,,B03,120.638136,24.142327,3
2022,12,19,18,46,臺中市,龍井區,0,2,0,8,3,5,50,4,1,1,5,4,5,7,4,4,10,5,5,2,15,6,2,9,1,1,C03,7,9,1,10,2,11,,6,6,1,5,8,C03,120.558437,24.199847,2
2022,12,19,18,47,臺中市,中區,0,1,0,8,3,5,50,4,1,1,5,4,5,7,1,1,10,5,5,2,16,6,3,10,1,1,B03,7,6,1,8,2,2,,6,6,1,5,8,B03,120.681796,24.144577,2
2022,12,19,18,49,臺中市,西屯區,0,0,0,8,,,50,,,,,,,,,,,,,,,23,,,,,B03,,,1,,1,,,23,,1,22,,B03,120.606067,24.169719,3
2022,12,19,18,50,臺中市,潭子區,0,0,0,8,,,30,,,,,,,,,,,,,,,23,,,,,B03,,,1,,2,,,23,,1,22,,B03,120.70834,24.214645,3
2022,12,19,18,50,臺中市,北區,0,1,0,8,3,5,50,3,1,1,5,4,5,7,4,4,10,5,5,2,16,6,3,10,1,1,C03,7,6,1,10,2,13,,6,6,1,22,8,C03,120.668278,24.169294,2
2022,12,19,18,53,臺中市,西屯區,0,0,0,8,,,50,,,,,,,,,,,,,,,23,,,,,B03,,,1,,1,,,23,,1,22,,B03,120.633858,24.162286,3
2022,12,19,18,55,臺中市,西區,0,2,0,8,3,5,50,3,1,1,5,4,5,7,4,4,10,5,5,2,16,6,2,9,1,1,C03,7,5,1,10,2,14,,6,6,1,21,8,C03,120.656221,24.135942,2
2022,12,19,18,55,臺中市,大甲區,0,0,0,8,,,50,,,,,,,,,,,,,,,8,,,,,B03,,,1,,2,,,8,8,1,22,,B03,120.651106,24.388351,3
2022,12,19,18,58,臺中市,北屯區,0,0,0,,,,50,,,,,,,,,,,,,,,23,,,,,B12,,,1,,1,,,23,,1,21,,B12,120.704805,24.169786,3
2022,12,19,18,58,臺中市,沙鹿區,0,1,0,8,3,5,50,3,1,1,5,4,5,7,1,1,10,5,5,2,18,42,2,9,1,1,C03,7,5,1,8,2,14,,42,42,1,21,8,C03,120.621022,24.242381,2
2022,12,19,18,59,臺中市,烏日區,0,1,0,8,3,5,50,4,1,1,5,4,5,7,4,4,10,5,5,2,15,6,2,2,1,1,C03,7,9,1,10,2,12,,6,6,1,5,8,C03,120.593811,24.111745,2
2022,12,19,19,4,臺中市,南區,0,0,0,,,,50,,,,,,,,,,,,,,,23,,,,,B03,,,1,,2,,,23,,1,22,,B03,120.662425,24.120543,3
2022,12,19,19,5,臺中市,潭子區,0,1,0,8,3,5,60,14,9,1,5,4,5,7,1,1,1,3,5,1,17,23,3,10,1,1,C03,7,9,1,10,2,11,,23,23,1,22,8,C03,120.704718,24.209366,2
2022,12,19,19,10,臺中市,南屯區,0,0,0,,,,50,,,,,,,,,,,,,,,18,,,,,B03,,,1,,2,,,18,,1,4,,B03,120.633388,24.148674,3
2022,12,19,19,11,臺中市,大里區,0,0,0,8,,,30,,,,,,,,,,,,,,,12,,,,,B03,,,1,,2,,,12,,1,19,,B03,120.694407,24.087801,3
2022,12,19,19,13,臺中市,龍井區,0,1,0,8,3,5,50,3,1,1,5,4,5,7,4,4,5,5,5,2,16,6,2,7,1,1,C03,7,9,1,10,2,12,,14,6,1,6,8,C03,120.589081,24.188929,2
2022,12,19,19,15,臺中市,北區,0,1,0,8,1,5,50,14,7,1,5,4,5,7,4,4,5,4,4,2,13,23,2,8,1,1,C03,7,9,1,10,2,11,,23,23,1,5,5,C03,120.663956,24.162292,2
2022,12,19,19,18,臺中市,南屯區,0,0,0,8,,,40,,,,,,,,,,,,,,,16,,,,,B03,,,1,,1,,,16,,1,22,,B03,120.620525,24.15244,3
2022,12,19,19,18,臺中市,北屯區,0,0,0,8,,,50,,,,,,,,,,,,,,,43,,,,,B03,,,1,,2,,,43,,1,21,,B03,120.723506,24.165466,3
2022,12,19,19,18,臺中市,梧棲區,0,0,0,8,,,50,,,,,,,,,,,,,,,6,,,,,B12,,,1,,2,,,6,,1,9,,B12,120.529211,24.251659,3
2022,12,19,19,20,臺中市,大里區,0,1,0,8,3,5,50,3,2,1,5,4,5,7,4,4,10,5,5,2,12,10,3,10,1,1,B03,7,11,1,8,2,8,,10,10,1,9,8,B03,120.685642,24.100675,2
2022,12,19,19,20,臺中市,大里區,0,1,0,8,3,5,30,14,9,1,5,4,5,7,4,4,10,5,5,1,10,4,2,9,1,1,B12,7,9,1,8,2,1,,4,4,1,22,8,B12,120.680475,24.085397,2
2022,12,19,19,30,臺中市,南區,0,0,0,8,3,5,50,4,1,1,5,4,5,7,1,1,10,5,5,2,16,9,3,10,1,1,B03,7,6,1,8,2,2,,9,9,1,5,8,B03,120.650118,24.120638,3
2022,12,19,19,33,臺中市,大雅區,0,1,0,8,3,5,50,4,1,1,5,4,5,7,1,1,5,5,5,1,27,23,2,9,1,1,C03,7,9,1,10,2,11,,23,23,1,22,8,C03,120.67215,24.229024,2
2022,12,19,19,36,臺中市,沙鹿區,0,2,0,8,3,5,60,5,1,1,5,4,5,7,2,1,10,5,5,2,16,26,3,10,1,1,B03,7,6,1,8,2,6,,26,26,1,6,8,B03,120.56952,24.237488,2
2022,12,19,19,37,臺中市,神岡區,0,0,0,8,,,30,,,,,,,,,,,,,,,6,,,,,B03,,,1,,2,,,6,,1,22,,B03,120.712016,24.2575,3
2022,12,19,19,40,臺中市,南區,0,0,0,8,,,50,,,,,,,,,,,,,,,23,,,,,B03,,,1,,2,,,23,,1,2,,B03,120.653038,24.12248,3
2022,12,19,19,41,臺中市,豐原區,0,1,0,8,3,5,50,14,9,1,5,4,5,7,4,4,4,4,5,2,17,6,3,10,1,1,C03,7,5,1,9,2,12,,6,6,1,4,1,C03,120.719872,24.247694,2
2022,12,19,19,45,臺中市,大里區,0,2,0,8,3,5,50,4,3,1,5,4,5,7,1,1,10,5,5,2,12,6,2,9,1,1,C03,7,15,1,10,2,12,,6,6,1,9,8,C03,120.689764,24.115335,2
2022,12,19,19,48,臺中市,大雅區,0,2,0,8,3,5,30,11,9,1,5,4,5,7,4,4,10,5,5,2,17,43,2,9,1,1,C03,7,9,1,10,2,15,,43,43,1,22,9,C03,120.645458,24.22634,2
2022,12,19,19,50,臺中市,北區,0,1,0,8,3,5,40,4,1,1,5,4,5,7,1,1,10,5,5,2,16,8,3,10,1,1,C03,7,5,1,10,2,12,,8,8,1,22,8,C03,120.663927,24.157622,2
2022,12,19,19,53,臺中市,西區,0,0,0,8,,,50,,,,,,,,,,,,,,,23,,,,,B03,,,1,,2,,,23,,1,21,,B03,120.658914,24.159507,3
2022,12,19,20,10,臺中市,大雅區,0,1,0,8,3,5,50,10,9,1,5,4,5,7,4,4,5,5,5,1,18,23,2,9,1,1,C03,7,9,1,10,2,15,,23,23,1,22,8,C03,120.67051,24.213316,2