年,月,日,時,分,縣市,區,死,受傷,2-30,天候,光線,道路類別,速限,道路型態,事故位置,路面鋪裝,路面狀態,路面缺陷,障礙物,視距,號誌種類,號誌動作,分向設施,快車道或一般車道間,快慢車道間,路面邊線,事故類型及型態,主要肇因,受傷程度,主要傷處,保護裝備,行動電話,當事者區分,車輛用途,當事者行動狀態,駕駛資格情形,駕駛執照種類,飲酒情形,車輛撞擊部位最初,車輛撞擊部位其他,肇事因素個別,肇事因素主要,肇事逃逸,職業,旅次目的,車種,GPS緯度,GPS經度,事故類別
2022,12,20,8,37,臺中市,烏日區,0,0,0,8,1,5,50,4,1,1,5,4,5,7,4,4,5,5,4,1,13,23,3,10,3,4,B12,7,14,1,8,2,8,,23,23,1,21,9,B12,120.620582,24.106499,3
2022,12,20,8,39,臺中市,北屯區,0,1,0,8,1,5,50,14,9,1,5,4,5,7,4,4,5,5,5,2,13,23,2,9,1,1,C03,7,9,1,10,2,11,,23,23,1,22,8,C03,120.704524,24.180212,2
2022,12,20,8,40,臺中市,潭子區,0,1,0,8,1,5,50,14,8,1,5,4,5,7,4,4,9,4,4,2,18,43,2,9,1,1,C03,7,9,1,10,2,12,,43,43,1,22,9,C03,120.687563,24.210572,2
2022,12,20,8,45,臺中市,西區,0,1,0,8,1,5,50,14,9,1,5,4,5,7,4,4,4,4,5,2,16,6,3,10,1,1,B03,7,6,1,8,2,2,,6,6,1,22,8,B03,120.661728,24.14618,2
2022,12,20,8,50,臺中市,梧棲區,0,1,0,8,1,5,50,14,8,1,5,4,5,7,4,4,5,4,4,1,16,26,2,1,2,1,F01,7,9,8,20,2,16,,26,26,1,19,8,F01,120.53356,24.254928,2
2022,12,20,8,51,臺中市,大里區,0,1,0,8,1,5,50,14,9,1,5,4,5,7,4,4,5,5,4,1,16,26,2,9,1,1,C03,7,5,1,10,2,12,,26,26,1,22,8,C03,120.694023,24.109785,2
2022,12,20,8,53,臺中市,霧峰區,0,1,0,8,1,5,30,4,1,1,5,4,5,7,4,4,10,5,5,2,16,6,3,10,1,1,C03,7,5,6,18,2,11,,6,6,1,20,8,C03,120.664648,24.059994,2
2022,12,20,8,54,臺中市,北屯區,0,1,0,8,1,5,50,4,1,1,5,4,5,7,1,1,10,5,5,2,13,16,3,10,1,1,C03,7,5,1,10,2,13,,44,16,1,22,8,C03,120.704246,24.183875,2
2022,12,20,8,55,臺中市,大里區,0,2,0,8,1,5,40,5,1,1,5,4,5,7,1,1,10,5,5,2,16,6,3,10,1,1,B12,7,6,1,8,2,5,,6,6,1,12,5,B12,120.671798,24.10804,2
2022,12,20,8,58,臺中市,北屯區,0,0,0,8,,,30,,,,,,,,,,,,,,,23,,,,,B03,,,1,,2,,,23,,1,22,,B03,120.695061,24.167616,3
2022,12,20,8,58,臺中市,西屯區,0,1,0,8,1,5,50,4,1,1,5,4,5,7,2,1,10,5,5,2,11,6,3,10,1,1,B03,7,5,1,8,2,5,,6,6,1,22,8,B03,120.634579,24.164893,2
2022,12,20,8,58,臺中市,霧峰區,0,1,0,8,1,5,60,4,1,1,5,4,5,7,1,1,10,5,5,1,16,6,3,10,1,1,B12,7,5,1,8,2,6,,6,6,1,22,9,B12,120.695055,24.059697,2
2022,12,20,8,58,臺中市,霧峰區,0,0,0,8,1,5,30,3,1,1,5,4,5,7,4,4,10,5,5,2,11,17,,,,,B12,,,1,,11,,,17,,1,11,,B12,120.659508,24.074898,3
2022,12,20,9,0,臺中市,北區,0,1,0,8,1,5,50,4,1,1,5,4,5,7,1,1,10,5,5,2,16,6,3,10,1,1,B03,7,5,1,8,2,2,,6,6,1,22,8,B03,120.68237,24.159103,2
2022,12,20,9,0,臺中市,沙鹿區,0,0,0,,,,50,,,,,,,,,,,,,,,12,,,,,B03,,,1,,2,,,12,,1,4,,B03,120.570788,24.203904,3
2022,12,20,9,3,臺中市,龍井區,0,0,0,8,,,40,,,,,,,,,,,,,,,17,,,,,B12,,,1,,2,,,17,,1,2,,B12,120.592379,24.18297,3
2022,12,20,9,4,臺中市,南區,0,0,0,,,,50,,,,,,,,,,,,,,,6,,,,,B03,,,1,,2,,,6,,1,22,,B03,120.669833,24.122456,3
2022,12,20,9,8,臺中市,西屯區,0,1,0,8,1,5,40,4,1,1,5,4,5,7,1,1,10,5,5,2,12,43,2,9,1,1,C03,7,9,1,10,2,12,,43,43,1,22,8,C03,120.646372,24.164633,2
2022,12,20,9,10,臺中市,大雅區,0,1,0,8,1,5,50,14,9,1,5,4,5,7,4,4,1,4,5,1,13,16,2,9,1,1,C03,7,9,1,10,2,11,,16,16,1,22,9,C03,120.633359,24.232683,2
2022,12,20,9,11,臺中市,南區,0,1,0,8,1,5,50,4,1,1,5,4,5,7,4,4,5,5,5,2,15,6,3,10,1,1,B03,7,9,1,8,2,1,,6,6,1,22,8,B03,120.659853,24.112006,2
2022,12,20,9,14,臺中市,西區,0,1,0,8,1,5,50,4,1,1,5,4,5,7,4,4,10,5,5,2,15,6,3,10,1,1,B12,7,9,1,8,2,2,,6,6,1,10,9,B12,120.659452,24.149123,2
2022,12,20,9,15,臺中市,北屯區,0,1,0,8,1,5,50,4,1,1,5,4,5,7,1,1,10,5,5,2,16,26,3,10,1,1,C03,7,5,4,8,11,14,,26,26,1,22,8,C03,120.676286,24.201206,2
2022,12,20,9,19,臺中市,東區,0,0,0,,,,50,,,,,,,,,,,,,,,23,,,,,B12,,,1,,2,,,23,,1,22,,B12,120.699272,24.13523,3
2022,12,20,9,21,臺中市,北區,0,0,0,8,,,50,,,,,,,,,,,,,,,6,,,,,C03,,,1,,2,,,6,,1,22,,C03,120.678817,24.158193,3
2022,12,20,9,23,臺中市,南屯區,0,1,0,8,1,5,50,3,1,1,5,4,5,7,4,4,10,5,5,2,16,6,3,10,1,1,C04,7,5,1,8,2,13,12,6,6,1,19,7,C04,120.649899,24.144201,2
2022,12,20,9,25,臺中市,北屯區,0,1,0,8,1,5,40,4,1,1,5,4,5,7,1,1,10,5,5,2,16,8,2,9,1,1,C03,7,5,1,10,2,14,,8,8,1,22,8,C03,120.676124,24.1992,2
2022,12,20,9,30,臺中市,東區,0,1,0,8,1,5,50,4,1,1,5,4,5,7,4,4,10,5,5,2,15,6,2,9,1,1,C03,7,9,1,10,2,14,,6,6,1,22,8,C03,120.706022,24.142108,2
2022,12,20,9,30,臺中市,神岡區,0,0,0,8,,,30,,,,,,,,,,,,,,,6,,,,,B03,,,1,,2,,,6,,1,12,,B03,120.686077,24.252109,3
2022,12,20,9,35,臺中市,梧棲區,0,1,0,8,1,5,70,4,2,1,5,4,5,7,1,1,10,5,5,2,16,9,3,10,1,1,C03,7,6,1,10,2,12,,9,9,1,9,8,C03,120.556826,24.253783,2
2022,12,20,9,37,臺中市,沙鹿區,0,2,0,8,1,5,50,3,7,1,5,4,5,7,3,1,1,4,4,1,17,19,2,9,1,1,C03,7,1,1,10,2,15,,19,19,1,22,8,C03,120.568878,24.222037,2
2022,12,20,9,40,臺中市,南區,0,1,0,8,1,5,50,4,1,1,5,4,5,7,4,4,10,5,5,2,13,23,2,9,1,1,C03,7,9,1,10,2,11,,23,23,1,5,8,C03,120.673179,24.130832,2
2022,12,20,9,44,臺中市,北區,0,0,0,8,,,50,,,,,,,,,,,,,,,18,,,,,B03,,,1,,2,,,18,18,1,21,,B03,120.670001,24.159443,3
2022,12,20,9,52,臺中市,沙鹿區,0,1,0,8,1,5,40,3,1,1,5,4,5,7,1,1,10,5,5,2,16,25,3,10,1,1,C03,7,9,1,10,2,12,,25,25,1,18,8,C03,120.578477,24.223393,2
2022,12,20,9,55,臺中市,潭子區,0,2,0,8,1,5,50,3,2,1,5,4,5,7,3,1,10,4,4,1,15,6,2,8,1,1,C03,7,9,6,18,2,14,,6,6,1,22,9,C03,120.701795,24.192054,2
2022,12,20,9,56,臺中市,西屯區,0,2,0,8,1,5,50,4,1,1,5,4,5,7,2,1,10,5,5,2,16,25,2,9,1,1,C03,7,9,1,10,2,12,,25,25,1,22,8,C03,120.633998,24.15948,2
2022,12,20,10,0,臺中市,南區,0,2,0,8,1,5,50,4,1,1,5,4,5,7,1,1,10,5,5,2,13,23,2,8,1,1,C03,7,9,1,10,2,11,,23,23,1,22,9,C03,120.650288,24.120405,2
2022,12,20,10,1,臺中市,北屯區,0,1,0,8,1,5,50,4,1,1,5,4,5,7,1,1,10,5,5,2,16,6,3,10,1,1,B02,7,5,1,8,2,5,,6,6,1,22,8,B02,120.669911,24.176296,2
2022,12,20,10,2,臺中市,北屯區,0,1,0,8,1,5,50,14,9,1,5,4,5,7,4,4,3,4,5,2,12,1,3,10,1,1,C03,7,4,1,10,2,14,,1,1,1,22,8,C03,120.669855,24.176676,2
2022,12,20,10,8,臺中市,東勢區,0,1,0,8,1,5,50,14,9,1,5,4,5,7,4,4,5,4,5,1,17,26,3,10,1,4,B03,7,7,1,8,2,4,,26,26,1,22,9,B03,120.829613,24.254225,2
2022,12,20,10,10,臺中市,豐原區,0,0,0,8,,,50,,,,,,,,,,,,,,,23,,,,,B03,,,1,,2,,,23,,1,21,,B03,120.715643,24.251295,3
2022,12,20,10,20,臺中市,太平區,0,0,0,8,,,80,,,,,,,,,,,,,,,16,,,,,B03,,,1,,2,,,16,,1,3,,B03,120.717215,24.156321,3
2022,12,20,10,21,臺中市,清水區,0,0,0,8,,,70,,,,,,,,,,,,,,,26,,,,,B03,,,1,,2,,,26,,1,21,,B03,120.581002,24.301469,3
2022,12,20,10,25,臺中市,北區,0,1,0,8,1,5,30,4,1,1,5,4,5,7,4,4,10,5,5,2,15,6,2,9,3,1,F01,7,9,8,20,2,16,,6,6,1,20,9,F01,120.680152,24.148484,2
2022,12,20,10,25,臺中市,沙鹿區,0,1,0,8,1,5,50,14,9,1,5,4,5,7,4,4,4,3,4,1,16,23,2,9,1,1,C03,7,9,1,10,2,11,,23,23,1,22,8,C03,120.576636,24.218708,2
2022,12,20,10,32,臺中市,南屯區,0,0,0,,,,50,,,,,,,,,,,,,,,2,,,,,B03,,,1,,1,,,2,,1,22,,B03,120.628305,24.140206,3
2022,12,20,10,34,臺中市,霧峰區,0,2,0,8,1,5,50,5,1,1,5,4,5,7,1,1,10,5,5,1,16,6,2,7,1,1,C03,7,5,1,10,2,13,,6,6,1,22,9,C03,120.715223,24.073346,2
2022,12,20,10,35,臺中市,東區,0,1,0,8,1,5,50,5,1,1,5,4,5,7,1,1,10,5,5,2,16,1,2,9,1,1,C03,7,4,1,10,2,12,,1,1,1,22,8,C03,120.696816,24.135497,2
2022,12,20,10,37,臺中市,南屯區,0,2,0,8,1,5,50,14,9,1,5,4,5,7,4,4,1,2,5,2,12,7,2,7,1,1,C03,7,10,1,10,2,13,,7,7,1,4,8,C03,120.646415,24.149204,2
2022,12,20,10,40,臺中市,潭子區,0,1,0,8,1,5,30,3,1,1,5,4,5,7,4,4,10,5,5,2,17,6,3,10,1,1,C03,7,9,1,10,2,14,,6,6,1,22,8,C03,120.697633,24.205109,2
2022,12,20,10,44,臺中市,潭子區,0,1,0,8,1,5,60,14,8,1,5,4,5,7,1,1,1,2,4,1,13,38,3,10,1,1,B12,7,14,1,8,2,5,,38,38,1,22,9,B12,120.708645,24.229909,2
2022,12,20,10,44,臺中市,北屯區,0,1,0,8,1,5,40,4,4,1,5,4,5,7,2,1,1,4,4,2,13,23,2,7,1,1,C03,7,9,1,10,1,11,,23,23,1,21,8,C03,120.668885,24.178231,2
2022,12,20,10,45,臺中市,南區,0,0,0,8,,,50,,,,,,,,,,,,,,,12,,,,,B03,,,1,,9,,,12,,1,22,,B03,120.659818,24.110646,3
2022,12,20,10,47,臺中市,烏日區,0,0,0,8,,,50,,,,,,,,,,,,,,,23,,,,,B03,,,1,,2,,,23,,1,21,,B03,120.619221,24.110362,3
2022,12,20,10,57,臺中市,中區,0,1,0,8,1,5,50,14,9,1,5,4,5,7,4,4,5,4,5,2,11,4,2,5,1,1,C03,7,9,1,10,1,11,,4,4,1,5,5,C03,120.678847,24.14302,2
2022,12,20,11,0,臺中市,南屯區,0,0,0,8,,,50,,,,,,,,,,,,,,,25,,,,,B03,,,1,,1,,,25,,1,22,,B03,120.64822,24.129248,3
2022,12,20,11,3,臺中市,梧棲區,0,1,0,8,1,5,50,3,1,1,5,4,5,7,4,4,9,5,5,2,16,9,2,8,1,1,C03,7,6,4,8,2,12,,9,9,1,5,8,C03,120.526608,24.249394,2
2022,12,20,11,8,臺中市,烏日區,0,0,0,8,1,5,50,3,2,1,5,4,5,7,4,4,10,5,5,2,29,44,,,,,,,,,,,,,43,44,1,,,,120.625283,24.108302,3
2022,12,20,11,8,臺中市,神岡區,0,0,0,8,,,50,,,,,,,,,,,,,,,23,,,,,F03,,,8,,2,,,23,,1,22,,F03,120.687152,24.241101,3
2022,12,20,11,14,臺中市,大里區,0,2,0,8,1,5,40,14,8,1,5,4,5,7,4,4,1,5,4,1,16,6,3,10,1,1,B03,7,6,3,18,2,2,,6,6,1,22,8,B03,120.670648,24.100758,2
2022,12,20,11,20,臺中市,大雅區,0,0,0,8,,,50,,,,,,,,,,,,,,,23,,,,,B03,,,1,,2,,,23,,1,22,,B03,120.64878,24.218286,3
2022,12,20,11,21,臺中市,潭子區,0,2,0,8,1,5,50,14,7,1,5,4,5,7,4,4,5,4,5,1,10,26,2,9,1,1,B01,7,1,1,8,2,1,,26,26,1,22,9,B01,120.706017,24.200943,2
2022,12,20,11,28,臺中市,大里區,0,1,0,8,1,5,50,3,2,1,5,4,5,7,1,1,1,5,4,1,16,19,3,10,1,1,B03,7,1,1,8,2,8,,19,19,1,5,8,B03,120.693545,24.090162,2
2022,12,20,11,28,臺中市,龍井區,0,1,0,8,1,5,30,3,2,1,5,4,5,7,4,4,9,5,5,1,16,6,3,10,1,1,B03,7,5,1,8,2,2,,6,6,1,21,3,B03,120.589123,24.191729,2
2022,12,20,11,28,臺中市,后里區,0,0,0,,,,50,,,,,,,,,,,,,,,6,,,,,B03,,,1,,2,,,6,,1,22,,B03,120.720156,24.309336,3
2022,12,20,11,29,臺中市,豐原區,0,0,0,8,,,50,,,,,,,,,,,,,,,16,,,,,A12,,,1,,2,,,16,,1,22,,A12,120.720271,24.264688,3
2022,12,20,11,30,臺中市,大里區,0,0,0,8,,,50,,,,,,,,,,,,,,,18,,,,,B03,,,1,,2,,,18,,1,5,,B03,120.681618,24.103575,3
2022,12,20,11,31,臺中市,西區,0,2,0,8,1,5,50,5,1,1,5,4,5,7,1,1,10,5,5,2,16,26,3,10,1,1,B03,7,6,1,8,2,2,,26,26,1,5,8,B03,120.668343,24.131923,2
2022,12,20,11,32,臺中市,豐原區,0,2,0,8,1,5,50,14,7,1,5,4,5,7,3,2,5,4,4,2,16,10,2,9,3,4,C03,7,11,1,10,2,11,,10,10,1,22,8,C03,120.739143,24.255786,2
2022,12,20,11,33,臺中市,東區,0,0,0,,,,50,,,,,,,,,,,,,,,23,,,,,C03,,,1,,2,,,23,,1,5,,C03,120.682741,24.134818,3
2022,12,20,11,35,臺中市,南區,0,0,0,,,,50,,,,,,,,,,,,,,,23,,,,,B03,,,1,,2,,,23,,1,22,,B03,120.650226,24.12023,3
2022,12,20,11,35,臺中市,清水區,0,1,0,8,1,5,40,14,13,1,5,4,5,7,4,4,1,4,4,1,12,23,2,8,1,1,C03,7,9,4,10,2,11,,23,23,1,19,5,C03,120.57079,24.274823,2
2022,12,20,11,40,臺中市,東區,0,1,0,8,1,5,50,3,1,1,5,4,5,7,1,1,10,5,5,2,9,44,3,10,1,1,B03,7,5,1,8,2,15,,44,44,1,22,8,B03,120.69537,24.14276,2
2022,12,20,11,42,臺中市,南屯區,0,0,0,,,,50,,,,,,,,,,,,,,,17,,,,,B03,,,1,,1,,,17,17,1,22,,B03,120.636205,24.146723,3
2022,12,20,11,49,臺中市,南屯區,0,1,0,8,1,5,50,4,1,1,5,4,5,7,2,1,10,5,5,2,16,6,3,10,1,1,B12,7,6,1,8,2,2,5,6,6,1,11,4,B12,120.649827,24.148829,2
2022,12,20,11,50,臺中市,北區,0,0,0,8,,,40,,,,,,,,,,,,,,,12,,,,,B12,,,1,,1,,,12,,1,22,,B12,120.669914,24.156994,3
2022,12,20,11,50,臺中市,梧棲區,0,1,0,8,1,5,50,4,1,1,5,4,5,7,1,1,10,5,5,2,16,9,3,10,1,1,B12,7,6,1,8,2,2,,9,9,1,3,8,B12,120.532864,24.260198,2
2022,12,20,11,52,臺中市,南屯區,0,0,0,8,,,50,,,,,,,,,,,,,,,23,,,,,B03,,,1,,1,,,23,,1,5,,B03,120.619628,24.152932,3
2022,12,20,11,57,臺中市,南區,0,0,0,,,,50,,,,,,,,,,,,,,,12,,,,,B03,,,1,,2,,,12,,1,22,,B03,120.654816,24.134486,3
2022,12,20,11,57,臺中市,大里區,0,1,0,8,1,5,40,14,7,1,5,4,5,7,1,1,1,5,4,1,16,25,2,9,1,1,C03,7,9,6,18,2,11,,25,25,1,22,8,C03,120.665645,24.094986,2
2022,12,20,12,5,臺中市,沙鹿區,0,0,0,8,1,5,50,14,9,1,5,4,5,7,1,1,5,4,5,2,10,23,,,,,C03,,,1,,2,,,23,,1,22,,C03,120.565272,24.241801,3
2022,12,20,12,7,臺中市,烏日區,0,0,0,8,,,50,,,,,,,,,,,,,,,23,,,,,B12,,,1,,2,,,23,,1,10,,B12,120.618001,24.111183,3
2022,12,20,12,10,臺中市,南屯區,0,0,0,8,1,5,50,15,7,1,5,4,1,7,4,4,5,5,4,2,16,6,3,10,1,1,B03,7,6,1,8,2,6,,6,6,1,22,8,B03,120.637207,24.137039,3
2022,12,20,12,10,臺中市,神岡區,0,1,0,8,1,5,50,5,1,1,5,4,5,7,1,1,5,4,5,1,17,16,3,10,1,1,B03,7,5,1,8,2,1,,16,16,1,12,8,B03,120.663669,24.258353,2
2022,12,20,12,12,臺中市,北屯區,0,1,0,8,1,5,50,4,1,1,5,4,5,7,4,4,5,5,5,2,15,6,2,9,1,1,C03,7,9,1,10,2,11,,6,6,1,22,8,C03,120.679365,24.17592,2
2022,12,20,12,15,臺中市,北屯區,0,0,0,8,,,50,,,,,,,,,,,,,,,13,,,,,C03,,,1,,1,,,13,13,1,22,,C03,120.714796,24.182148,3
2022,12,20,12,16,臺中市,北區,0,1,0,8,1,5,50,5,1,1,5,4,5,7,1,1,10,5,5,2,16,8,2,9,1,1,C03,7,5,1,10,2,13,,8,8,1,22,9,C03,120.676191,24.158299,2
2022,12,20,12,19,臺中市,霧峰區,0,0,0,8,,,40,,,,,,,,,,,,,,,23,,,,,C03,,,1,,2,,,23,,1,22,,C03,120.702618,24.070032,3
2022,12,20,12,22,臺中市,太平區,0,1,0,8,1,5,50,4,1,1,5,4,5,7,2,1,10,5,5,2,16,9,3,10,1,1,B03,7,6,1,8,2,5,,9,9,1,5,8,B03,120.713507,24.160716,2
2022,12,20,12,27,臺中市,北屯區,0,3,0,8,1,5,50,14,7,1,5,4,5,7,4,4,9,5,4,2,16,10,2,8,1,1,C03,7,11,1,10,2,12,,10,10,1,21,8,C03,120.686833,24.170572,2
2022,12,20,12,30,臺中市,龍井區,0,0,0,8,,,60,,,,,,,,,,,,,,,23,,,,,A32,,,1,,1,,,23,,1,2,,A32,120.575559,24.184925,3
2022,12,20,12,37,臺中市,西屯區,0,2,0,8,1,5,30,3,1,1,5,4,5,7,4,4,10,5,5,2,17,6,2,9,1,1,C03,7,5,1,10,2,11,,6,6,1,22,8,C03,120.644188,24.171898,2
2022,12,20,12,38,臺中市,霧峰區,0,2,0,8,1,5,40,3,9,1,5,4,5,7,1,1,5,2,5,1,13,16,2,9,1,1,C03,7,9,1,10,2,11,,16,16,1,22,9,C03,120.70268,24.070218,2
2022,12,20,12,41,臺中市,后里區,0,1,0,8,1,5,60,3,8,1,5,4,5,7,3,1,1,3,4,1,20,23,2,9,1,1,C03,7,9,1,10,2,11,,23,23,1,22,8,C03,120.676788,24.286962,2
2022,12,20,12,47,臺中市,大里區,0,0,0,8,,,30,,,,,,,,,,,,,,,23,,,,,C03,,,1,,2,,,23,,1,6,,C03,120.700227,24.105393,3
2022,12,20,12,48,臺中市,北屯區,0,1,0,8,1,5,50,4,1,1,5,4,5,7,2,1,10,5,5,2,16,25,2,9,1,1,B03,7,5,1,8,2,5,,25,25,1,22,8,B03,120.721633,24.182121,2
2022,12,20,12,48,臺中市,沙鹿區,0,1,0,8,1,5,50,4,1,1,5,4,5,7,4,4,10,5,5,2,17,14,2,9,1,1,C03,7,9,1,9,2,12,,14,14,1,22,8,C03,120.582229,24.223882,2
2022,12,20,12,54,臺中市,北區,0,0,0,8,,,50,,,,,,,,,,,,,,,17,,,,,A02,,,1,,2,,,17,,1,10,,A02,120.682996,24.146025,3
2022,12,20,13,0,臺中市,大里區,0,0,0,8,,,50,,,,,,,,,,,,,,,12,,,,,B03,,,1,,9,,,12,,1,5,,B03,120.703768,24.10759,3
2022,12,20,13,1,臺中市,北區,0,0,0,8,,,30,,,,,,,,,,,,,,,12,,,,,B03,,,1,,1,,,12,,1,22,,B03,120.683563,24.158533,3
2022,12,20,13,1,臺中市,大里區,0,0,0,8,,,80,,,,,,,,,,,,,,,37,,,,,A12,,,1,,2,,,37,,1,22,,A12,120.681993,24.066681,3
2022,12,20,13,4,臺中市,北區,0,0,0,8,,,50,,,,,,,,,,,,,,,1,,,,,B03,,,1,,2,,,1,,1,22,,B03,120.66957,24.15549,3
2022,12,20,13,4,臺中市,東勢區,0,0,0,8,,,50,,,,,,,,,,,,,,,17,,,,,B12,,,1,,2,,,17,26,1,22,,B12,120.768291,24.283973,3
2022,12,20,13,10,臺中市,外埔區,0,1,0,8,1,5,50,11,9,1,5,4,5,1,4,4,9,5,5,1,11,5,2,9,1,1,C03,7,9,1,10,2,14,,5,5,1,4,5,C03,120.646448,24.354318,2
2022,12,20,13,11,臺中市,南屯區,0,2,0,8,1,5,50,14,9,1,5,4,5,7,4,4,9,5,5,1,11,10,2,9,3,4,C03,7,11,1,10,2,14,,10,10,1,22,8,C03,120.607011,24.137166,2
2022,12,20,13,13,臺中市,霧峰區,0,3,0,8,1,5,50,4,1,1,5,4,5,7,1,1,10,5,5,2,16,6,2,9,1,1,C03,7,5,1,10,2,12,,6,6,1,22,8,C03,120.715517,24.076361,2
2022,12,20,13,17,臺中市,霧峰區,0,0,0,,,,50,,,,,,,,,,,,,,,25,,,,,C03,,,1,,2,,,25,,1,18,,C03,120.706063,24.073068,3
2022,12,20,13,20,臺中市,霧峰區,0,1,0,8,1,5,50,14,9,1,5,4,5,7,1,1,1,4,5,1,13,16,3,10,1,1,B03,7,9,1,8,2,1,,16,16,1,22,8,B03,120.694288,24.066038,2
2022,12,20,13,24,臺中市,北屯區,0,2,0,8,1,5,50,4,1,1,5,4,5,7,2,1,10,5,5,2,16,26,3,10,1,1,C03,7,9,1,10,2,14,,26,26,1,5,8,C03,120.68555,24.17238,2
2022,12,20,13,37,臺中市,南區,0,0,0,,,,50,,,,,,,,,,,,,,,6,,,,,C03,,,1,,2,,,6,,1,22,,C03,120.653085,24.114108,3
2022,12,20,13,38,臺中市,烏日區,0,0,0,8,1,5,40,4,2,1,5,4,5,7,2,1,1,4,1,1,13,23,3,10,3,4,B03,7,9,1,2,2,1,,23,23,1,21,9,B03,120.629316,24.101295,3
2022,12,20,13,40,臺中市,北區,0,0,0,8,,,1,,,,,,,,,,,,,,,23,,,,,C03,,,1,,9,,,23,,1,22,,C03,120.68949,24.152644,3
2022,12,20,13,42,臺中市,大雅區,0,0,0,8,,,,,,,,,,,,,,,,,,43,,,,,,,,,,,,,43,,1,,,,120.645583,24.225458,3
2022,12,20,13,45,臺中市,梧棲區,0,0,0,8,1,5,50,14,9,1,5,4,5,7,4,4,9,5,5,2,14,12,3,10,3,4,A12,7,2,1,8,5,6,,12,12,1,22,8,A12,120.541581,24.243332,3
2022,12,20,13,46,臺中市,豐原區,0,1,0,8,1,5,50,4,1,1,5,4,5,7,1,1,4,5,4,2,13,16,3,10,1,1,B03,7,9,1,8,2,8,,16,16,1,21,8,B03,120.743871,24.255575,2
2022,12,20,13,50,臺中市,北屯區,0,0,0,8,,,50,,,,,,,,,,,,,,,7,,,,,B03,,,1,,1,,,7,,1,22,,B03,120.683436,24.172401,3
2022,12,20,13,57,臺中市,西區,0,1,0,8,1,5,50,3,1,1,5,4,5,7,4,4,10,5,5,2,14,12,3,10,1,1,B12,7,2,1,8,2,3,,12,12,1,4,3,B12,120.667841,24.141537,2
2022,12,20,13,58,臺中市,后里區,0,0,0,8,,,50,,,,,,,,,,,,,,,12,,,,,B12,,,1,,1,,,12,,1,22,,B12,120.709216,24.311014,3
2022,12,20,14,0,臺中市,北區,0,0,0,8,,,50,,,,,,,,,,,,,,,12,,,,,B03,,,1,,2,,,12,,1,19,,B03,120.685456,24.163099,3
2022,12,20,14,0,臺中市,東區,0,0,0,,,,50,,,,,,,,,,,,,,,12,,,,,B03,,,1,,2,,,12,,1,5,,B03,120.684106,24.133462,3
2022,12,20,14,1,臺中市,北區,0,1,0,8,1,5,50,4,1,1,5,4,5,7,4,4,10,5,5,2,15,6,3,10,1,1,B03,7,9,4,10,2,1,,6,6,1,22,9,B03,120.678098,24.170544,2
2022,12,20,14,1,臺中市,太平區,0,1,0,8,1,5,50,4,1,1,5,4,5,7,2,1,10,5,5,2,15,25,3,10,1,1,A12,7,1,1,7,2,4,,25,25,1,10,3,A12,120.716486,24.11565,2
2022,12,20,14,3,臺中市,龍井區,0,0,0,,,,50,,,,,,,,,,,,,,,23,,,,,B03,,,1,,2,,,23,,1,6,,B03,120.575748,24.177141,3
2022,12,20,14,5,臺中市,沙鹿區,0,2,0,8,1,5,50,14,9,1,5,4,5,7,4,4,5,5,5,2,17,7,2,9,1,1,B03,7,9,1,8,2,1,,23,7,1,21,8,B03,120.554077,24.231059,2
2022,12,20,14,7,臺中市,北屯區,0,3,0,8,1,5,50,14,9,1,5,4,5,7,4,4,5,4,5,2,13,16,2,9,1,1,C03,7,9,1,10,2,11,,16,16,1,22,8,C03,120.718495,24.186311,2
2022,12,20,14,8,臺中市,清水區,0,0,0,8,,,50,,,,,,,,,,,,,,,23,,,,,B03,,,1,,2,,,23,,1,21,,B03,120.575217,24.279022,3
2022,12,20,14,10,臺中市,大雅區,0,0,0,8,,,50,,,,,,,,,,,,,,,6,,,,,B03,,,1,,2,,,6,,1,22,,B03,120.655341,24.24695,3
2022,12,20,14,15,臺中市,南區,0,1,0,8,1,5,50,4,2,1,5,4,5,7,1,1,1,4,4,2,18,14,2,9,1,1,C03,7,9,1,10,2,15,,14,14,1,22,8,C03,120.664301,24.125593,2
2022,12,20,14,23,臺中市,潭子區,0,0,0,8,,,60,,,,,,,,,,,,,,,44,,,,,B03,,,1,,2,,,44,,1,22,,B03,120.690097,24.224287,3
2022,12,20,14,27,臺中市,南區,0,1,0,8,1,5,30,4,1,1,5,4,5,7,4,4,10,5,5,2,17,23,2,9,1,1,C03,7,6,3,18,2,11,,23,23,1,22,8,C03,120.658744,24.124038,2
2022,12,20,14,28,臺中市,南屯區,0,0,0,8,,,50,,,,,,,,,,,,,,,25,,,,,C03,,,3,18,2,,,25,25,1,22,,C03,120.646632,24.146824,3
2022,12,20,14,30,臺中市,大里區,0,1,0,8,1,5,50,14,9,1,5,4,5,7,4,4,5,5,5,1,17,23,2,9,1,1,C03,7,9,1,10,2,12,,23,23,1,19,8,C03,120.699596,24.089301,2
2022,12,20,14,32,臺中市,北屯區,0,0,0,8,,,40,,,,,,,,,,,,,,,23,,,,,C03,,,1,,1,,,23,,1,5,,C03,120.67974,24.194718,3
2022,12,20,14,35,臺中市,北屯區,0,2,0,8,1,5,40,4,3,1,5,4,5,7,2,1,10,5,5,2,16,23,2,7,1,1,C03,7,9,1,10,2,11,,23,23,1,21,8,C03,120.705646,24.164669,2