年,月,日,時,分,縣市,區,死,受傷,2-30,天候,光線,道路類別,速限,道路型態,事故位置,路面鋪裝,路面狀態,路面缺陷,障礙物,視距,號誌種類,號誌動作,分向設施,快車道或一般車道間,快慢車道間,路面邊線,事故類型及型態,主要肇因,受傷程度,主要傷處,保護裝備,行動電話,當事者區分,車輛用途,當事者行動狀態,駕駛資格情形,駕駛執照種類,飲酒情形,車輛撞擊部位最初,車輛撞擊部位其他,肇事因素個別,肇事因素主要,肇事逃逸,職業,旅次目的,車種,GPS緯度,GPS經度,事故類別
2022,12,20,19,0,臺中市,太平區,0,0,0,8,,,50,,,,,,,,,,,,,,,17,,,,,B03,,,1,,2,,,17,,1,5,,B03,120.719583,24.155979,3
2022,12,20,19,7,臺中市,大甲區,0,1,0,8,3,5,50,4,1,1,5,4,5,7,2,1,10,5,5,2,12,23,2,9,1,1,C03,7,9,1,10,2,11,,23,23,1,22,9,C03,120.617242,24.346946,2
2022,12,20,19,10,臺中市,東勢區,0,2,0,8,1,5,50,3,1,1,5,4,5,7,1,2,10,5,5,2,16,42,2,9,1,1,C03,7,9,1,10,2,11,,42,42,1,4,8,C03,120.830868,24.249476,2
2022,12,20,19,16,臺中市,南屯區,0,0,0,8,,,50,,,,,,,,,,,,,,,43,,,,,B03,,,1,,2,,,44,43,1,22,,B03,120.642616,24.140669,3
2022,12,20,19,20,臺中市,龍井區,0,0,0,,,,50,,,,,,,,,,,,,,,23,,,,,C03,,,1,,2,,,23,,1,22,,C03,120.594093,24.190783,3
2022,12,20,19,22,臺中市,西屯區,0,1,0,8,3,5,40,14,8,1,5,4,5,7,4,4,1,4,1,2,12,43,3,10,3,4,B03,7,9,1,8,2,2,,43,43,1,22,8,B03,120.645441,24.164751,2
2022,12,20,19,24,臺中市,神岡區,0,0,0,8,,,30,,,,,,,,,,,,,,,17,,,,,B03,,,1,,1,,,17,,1,22,,B03,120.650435,24.261228,3
2022,12,20,19,25,臺中市,南區,0,1,0,8,1,5,50,14,7,1,5,4,5,7,4,4,5,5,4,2,16,10,3,10,1,1,B03,7,11,1,8,2,8,,10,10,1,22,8,B03,120.68054,24.122369,2
2022,12,20,19,31,臺中市,烏日區,0,0,0,8,,,50,,,,,,,,,,,,,,,12,,,,,B03,,,1,,2,,,12,,1,19,,B03,120.626454,24.10612,3
2022,12,20,19,45,臺中市,南屯區,0,1,0,8,3,5,50,5,1,1,5,4,5,7,1,1,1,3,5,2,16,6,3,10,1,1,B02,7,6,1,8,2,5,,6,6,1,22,8,B02,120.646551,24.126188,2
2022,12,20,19,59,臺中市,北屯區,0,1,0,8,2,5,50,4,1,1,5,4,5,7,1,1,10,5,5,2,13,23,3,10,1,1,B03,7,9,1,8,2,8,,23,23,1,4,8,B03,120.6822,24.1695,2
2022,12,20,20,1,臺中市,北屯區,0,1,0,8,3,5,50,14,9,1,5,4,5,7,4,4,1,5,4,1,18,43,2,9,1,1,C03,7,9,1,10,2,12,,43,43,1,21,8,C03,120.725521,24.172145,2
2022,12,20,20,10,臺中市,南區,0,0,0,8,,,50,,,,,,,,,,,,,,,23,,,,,B03,,,1,,2,,,23,,1,22,,B03,120.669109,24.12834,3
2022,12,20,20,10,臺中市,霧峰區,0,0,0,8,,,40,,,,,,,,,,,,,,,23,,,,,C03,,,1,,2,,,23,,1,18,,C03,120.710945,24.079456,3
2022,12,20,20,15,臺中市,南屯區,0,0,0,,,,50,,,,,,,,,,,,,,,23,,,,,C03,,,1,,9,,,23,,1,4,,C03,120.602901,24.135623,3
2022,12,20,20,40,臺中市,西屯區,0,0,0,8,,,50,,,,,,,,,,,,,,,43,,,,,A05,,,1,,11,,,43,,1,21,,A05,120.595114,24.190941,3
2022,12,20,20,40,臺中市,外埔區,0,1,0,8,3,5,50,8,9,1,5,4,5,1,4,4,9,4,5,1,11,43,2,9,1,1,C03,7,15,1,10,2,14,,43,43,1,22,8,C03,120.63729,24.331838,2
2022,12,20,20,55,臺中市,烏日區,0,1,0,8,3,5,50,3,1,1,5,4,5,7,2,1,1,4,4,2,16,6,3,10,1,1,B03,7,6,1,8,2,5,,6,6,1,21,8,B03,120.629696,24.109163,2
2022,12,20,20,58,臺中市,清水區,0,0,0,8,,,70,,,,,,,,,,,,,,,23,,,,,B03,,,6,,2,,,23,23,1,21,,B03,120.573027,24.276925,3
2022,12,20,21,2,臺中市,東區,0,1,0,8,3,5,50,14,9,1,5,4,5,7,4,4,5,5,5,2,16,42,2,9,3,4,C03,7,9,1,10,2,11,,23,42,1,5,8,C03,120.701498,24.141921,2
2022,12,20,21,4,臺中市,南屯區,0,0,0,8,,,60,,,,,,,,,,,,,,,23,,,,,A12,,,1,,2,,,23,,1,22,,A12,120.63983,24.117391,3
2022,12,20,21,11,臺中市,大雅區,0,0,0,8,,,30,,,,,,,,,,,,,,,5,,,,,B03,,,1,,2,,,5,,1,22,,B03,120.646859,24.22265,3
2022,12,20,21,20,臺中市,西屯區,0,0,0,8,,,50,,,,,,,,,,,,,,,17,,,,,B03,,,1,,1,,,17,,1,22,,B03,120.637017,24.182872,3
2022,12,20,21,25,臺中市,沙鹿區,0,0,0,8,,,50,,,,,,,,,,,,,,,19,,,,,B03,,,1,,2,,,19,,1,21,,B03,120.56076,24.237604,3
2022,12,20,21,30,臺中市,豐原區,0,1,0,8,3,5,50,4,2,1,5,4,5,7,1,1,10,5,5,2,3,23,3,10,1,1,B03,7,5,1,8,2,5,,23,23,1,22,8,B03,120.716248,24.239225,2
2022,12,20,21,33,臺中市,沙鹿區,0,2,0,8,3,5,30,11,9,1,5,4,5,7,4,4,10,5,5,2,10,42,2,9,1,1,C03,7,9,1,10,2,11,,42,42,1,18,8,C03,120.582184,24.218996,2
2022,12,20,21,34,臺中市,西區,0,0,0,8,3,5,50,14,9,1,5,4,5,7,4,4,5,5,5,2,29,23,,,,,B03,,,1,,1,,,23,,1,21,,B03,120.663213,24.137977,3
2022,12,20,21,34,臺中市,西屯區,0,1,0,8,3,5,50,14,7,1,5,4,5,7,4,4,5,4,4,2,13,23,3,10,1,1,B03,7,9,1,8,2,1,,23,23,1,22,9,B03,120.642765,24.170267,2
2022,12,20,21,35,臺中市,南屯區,0,1,0,8,1,5,50,4,1,1,5,4,5,7,2,1,10,5,5,2,16,6,3,10,1,1,B03,7,5,1,8,2,2,,6,6,1,22,9,B03,120.632012,24.125972,2
2022,12,20,21,38,臺中市,大雅區,0,1,0,8,3,5,50,4,2,1,5,4,5,7,1,1,5,4,5,1,13,23,3,10,1,1,B03,7,9,1,8,2,1,,23,23,1,22,8,B03,120.64595,24.225826,2
2022,12,20,21,49,臺中市,梧棲區,0,1,0,8,4,5,40,14,8,1,5,4,5,7,4,4,1,4,4,2,18,23,2,9,1,1,C03,7,9,1,10,2,14,,23,23,1,12,8,C03,120.558028,24.242177,2
2022,12,20,21,58,臺中市,東區,0,1,0,8,3,5,50,3,2,1,5,4,5,7,1,1,5,4,5,2,13,23,3,10,1,1,B03,7,9,1,8,2,1,,23,23,1,21,8,B03,120.702876,24.125403,2
2022,12,20,22,0,臺中市,西屯區,0,1,0,8,1,5,50,3,1,1,5,4,5,7,4,4,10,5,5,2,29,42,2,9,1,1,C03,7,5,1,10,2,14,,42,42,1,21,8,C03,120.64648,24.201088,2
2022,12,20,22,5,臺中市,西屯區,0,1,0,8,3,5,40,14,8,1,5,4,5,7,4,4,5,4,4,1,17,23,2,9,1,1,C03,7,9,1,10,1,14,,23,23,1,1,9,C03,120.64486,24.1721,2
2022,12,20,22,9,臺中市,西屯區,0,0,0,8,,,30,,,,,,,,,,,,,,,12,,,,,B03,,,1,,2,,,12,,1,22,,B03,120.644413,24.177335,3
2022,12,20,22,10,臺中市,龍井區,0,1,0,8,3,5,50,3,2,1,5,4,5,7,4,4,5,5,5,1,13,23,3,10,3,4,C03,7,9,1,10,2,12,,23,23,1,22,9,C03,120.58458,24.183207,2
2022,12,20,22,13,臺中市,中區,0,0,0,8,,,50,,,,,,,,,,,,,,,42,,,,,C03,,,1,,1,,,42,,1,5,,C03,120.673538,24.146347,3
2022,12,20,22,37,臺中市,東區,0,2,0,8,3,5,50,3,1,1,5,4,5,7,4,4,5,5,5,2,16,10,3,10,1,1,B12,7,11,1,8,2,5,,10,10,1,21,8,B12,120.701137,24.1364,2
2022,12,20,22,44,臺中市,潭子區,0,2,0,8,3,5,50,14,9,1,5,4,5,7,4,4,5,5,5,1,16,26,2,8,1,1,C03,7,5,1,10,2,14,,26,26,1,22,8,C03,120.714988,24.219827,2
2022,12,20,23,0,臺中市,大里區,0,1,0,8,3,5,30,14,9,1,5,4,5,7,3,1,5,4,4,1,18,43,2,9,1,1,C03,7,9,1,10,2,12,,43,43,1,5,8,C03,120.688451,24.110021,2
2022,12,20,23,5,臺中市,東區,0,0,0,8,,,50,,,,,,,,,,,,,,,23,,,,,B03,,,1,,2,,,23,,1,22,,B03,120.702857,24.131362,3
2022,12,20,23,16,臺中市,大甲區,0,0,0,8,,,50,,,,,,,,,,,,,,,25,,,,,F03,,,7,,2,,,25,,1,22,,F03,120.624502,24.340626,3
2022,12,20,23,17,臺中市,西區,0,1,0,8,3,5,50,3,1,1,5,4,5,7,1,1,1,5,5,2,17,3,3,10,3,4,B03,7,11,1,8,2,15,,3,3,1,21,8,B03,120.657737,24.154201,2
2022,12,21,0,32,臺中市,神岡區,0,2,0,8,3,5,50,3,2,1,5,4,5,7,1,1,10,5,5,2,13,16,2,9,1,1,C03,7,9,1,10,2,11,,16,16,1,22,9,C03,120.698152,24.258968,2
2022,12,21,0,57,臺中市,西區,0,1,0,8,3,5,50,14,9,1,5,4,5,7,4,4,5,5,5,2,12,23,2,9,3,4,C03,7,9,3,18,2,13,,23,23,1,21,8,C03,120.670409,24.154182,2
2022,12,21,3,5,臺中市,霧峰區,0,1,0,8,3,5,30,11,9,1,5,4,5,7,4,4,10,5,5,1,17,23,2,8,3,4,C03,7,9,1,10,2,11,,23,23,1,21,5,C03,120.713797,24.077027,2
2022,12,21,5,25,臺中市,大里區,0,1,0,8,3,5,50,4,1,1,5,4,5,7,3,1,10,5,5,2,23,23,2,9,1,1,B03,7,9,1,8,7,8,,23,23,1,22,9,B03,120.679436,24.116791,2
2022,12,21,5,30,臺中市,東區,0,1,0,8,3,5,50,4,1,1,5,4,5,7,4,4,10,5,5,2,15,6,2,9,1,1,C03,7,9,1,10,2,14,,6,6,1,5,8,C03,120.706007,24.141072,2
2022,12,21,6,18,臺中市,北區,0,1,0,8,2,5,50,4,1,1,5,4,5,7,1,1,1,4,5,2,12,23,3,10,1,1,C03,7,9,1,10,2,12,,23,23,1,5,5,C03,120.669202,24.16296,2
2022,12,21,6,22,臺中市,龍井區,0,0,0,8,,,30,,,,,,,,,,,,,,,12,,,,,B03,,,1,,11,,,12,,1,2,,B03,120.586184,24.184334,3
2022,12,21,6,40,臺中市,梧棲區,0,2,0,8,2,5,50,4,1,1,5,4,5,7,1,1,10,5,5,2,15,25,2,9,1,1,C03,7,9,1,10,2,11,,25,25,1,5,1,C03,120.54308,24.260348,2
2022,12,21,6,41,臺中市,西屯區,0,1,0,8,1,5,30,3,1,1,5,4,5,7,4,4,10,5,5,2,16,6,3,10,3,4,B03,7,5,1,8,2,5,,6,6,1,22,8,B03,120.659968,24.197285,2
2022,12,21,6,42,臺中市,沙鹿區,0,2,0,8,1,5,40,3,8,1,5,4,5,7,2,1,1,4,4,1,13,23,2,9,1,1,C03,7,9,1,10,2,11,,23,23,1,4,1,C03,120.615128,24.244076,2
2022,12,21,6,44,臺中市,龍井區,0,2,0,8,1,5,30,3,2,1,5,4,5,7,4,4,10,5,5,2,16,6,2,8,1,1,C03,7,5,1,10,2,11,,6,6,1,12,8,C03,120.526075,24.211493,2
2022,12,21,6,48,臺中市,神岡區,0,0,0,8,,,30,,,,,,,,,,,,,,,12,,,,,B03,,,1,,1,,,12,,1,22,,B03,120.659943,24.254913,3
2022,12,21,6,50,臺中市,烏日區,0,0,0,8,,,50,,,,,,,,,,,,,,,23,,,,,B12,,,1,,2,,,23,,1,21,,B12,120.641611,24.115441,3
2022,12,21,6,52,臺中市,豐原區,0,0,0,8,,,50,,,,,,,,,,,,,,,19,,,,,C03,,,1,,2,,,19,,1,22,,C03,120.734656,24.241683,3
2022,12,21,6,53,臺中市,沙鹿區,0,1,0,8,1,5,50,15,7,1,5,4,5,7,4,4,2,4,4,2,17,10,3,10,1,1,B03,7,11,1,8,2,8,,10,10,1,4,9,B03,120.559841,24.238581,2
2022,12,21,7,6,臺中市,大里區,0,1,0,8,2,5,30,3,2,1,5,4,5,7,4,4,10,5,5,2,2,12,3,10,3,4,B03,7,2,1,8,2,3,,12,12,1,3,8,B03,120.699061,24.090461,2
2022,12,21,7,8,臺中市,龍井區,0,0,0,8,,,30,,,,,,,,,,,,,,,12,,,,,B03,,,1,,2,,,12,,1,12,,B03,120.544268,24.186421,3
2022,12,21,7,9,臺中市,潭子區,0,1,0,8,1,5,50,3,1,1,5,4,5,7,4,4,5,4,4,2,16,6,3,10,1,1,B12,7,5,1,8,2,1,,6,6,1,22,8,B12,120.710848,24.229136,2
2022,12,21,7,19,臺中市,北屯區,0,0,0,8,,,50,,,,,,,,,,,,,,,16,,,,,C02,,,1,,1,,,16,,1,21,,C02,120.662969,24.187715,3
2022,12,21,7,20,臺中市,神岡區,0,1,0,8,1,5,50,4,2,1,5,4,5,7,4,4,5,5,4,1,16,26,2,9,1,1,C03,7,6,1,10,2,12,,6,26,1,22,1,C03,120.67418,24.252565,2
2022,12,21,7,22,臺中市,北屯區,0,1,0,8,1,5,50,4,1,1,5,4,5,7,1,1,10,5,5,2,16,25,2,9,1,1,F01,7,9,8,20,2,16,,25,25,1,22,8,F01,120.692635,24.173711,2
2022,12,21,7,24,臺中市,北屯區,0,1,0,8,1,5,50,4,1,1,5,4,5,7,2,1,10,5,5,2,17,8,3,10,1,1,B03,7,5,1,8,2,8,,8,8,1,21,8,B03,120.697636,24.168629,2
2022,12,21,7,26,臺中市,西屯區,0,0,0,8,,,50,,,,,,,,,,,,,,,26,,,,,C03,,,1,,2,,,26,,1,22,,C03,120.611368,24.173702,3
2022,12,21,7,27,臺中市,大肚區,0,1,0,8,1,5,50,4,1,1,5,4,5,7,1,1,10,5,5,2,13,23,2,9,1,1,C03,7,12,1,10,2,11,,23,23,1,5,1,C03,120.562982,24.124147,2
2022,12,21,7,28,臺中市,大雅區,0,0,0,8,,,50,,,,,,,,,,,,,,,44,,,,,B03,,,1,,2,,,44,44,1,22,,B03,120.640593,24.22898,3
2022,12,21,7,29,臺中市,北屯區,0,0,0,8,,,50,,,,,,,,,,,,,,,26,,,,,B03,,,1,,2,,,26,,1,22,,B03,120.733565,24.177831,3
2022,12,21,7,30,臺中市,大甲區,0,1,0,8,1,5,50,3,1,1,5,4,5,7,3,1,10,5,5,2,16,6,3,10,1,1,B03,7,5,1,8,2,6,,6,6,1,4,1,B03,120.619161,24.345615,2
2022,12,21,7,30,臺中市,外埔區,0,1,0,8,1,5,50,3,8,1,5,4,5,7,4,4,4,4,5,1,16,6,3,10,1,1,B03,7,6,1,8,2,1,,6,6,1,4,8,B03,120.63653,24.343188,2
2022,12,21,7,32,臺中市,潭子區,0,0,0,8,,,30,,,,,,,,,,,,,,,16,,,,,C03,,,1,,2,,,16,,1,22,,C03,120.701081,24.189643,3
2022,12,21,7,32,臺中市,大雅區,0,1,0,8,1,5,50,4,1,1,5,4,5,7,1,1,5,5,5,1,17,25,3,10,1,1,B01,7,9,1,4,2,5,,25,25,1,22,9,B01,120.660955,24.215435,2
2022,12,21,7,33,臺中市,沙鹿區,0,0,0,8,,,50,,,,,,,,,,,,,,,23,,,,,B03,,,1,,2,,,23,,1,9,,B03,120.566463,24.230774,3
2022,12,21,7,34,臺中市,南屯區,0,0,0,8,,,40,,,,,,,,,,,,,,,23,,,,,B03,,,1,,1,,,23,,1,5,,B03,120.622374,24.13518,3
2022,12,21,7,35,臺中市,大雅區,0,1,0,8,1,5,30,3,1,1,5,4,5,7,3,1,10,5,5,2,17,6,3,10,1,1,C03,7,9,1,10,2,14,,6,6,1,22,9,C03,120.644056,24.220907,2
2022,12,21,7,36,臺中市,潭子區,0,0,0,8,,,50,,,,,,,,,,,,,,,26,,,,,B03,,,1,,2,,,26,26,1,22,,B03,120.703502,24.200692,3
2022,12,21,7,36,臺中市,東區,0,1,0,8,3,5,50,5,1,1,5,4,5,7,1,1,9,4,5,2,16,8,3,10,1,1,B03,7,5,1,8,2,8,,8,8,1,5,1,B03,120.699198,24.129656,2
2022,12,21,7,37,臺中市,東區,0,2,0,8,1,5,50,14,7,1,5,4,5,7,1,1,5,4,5,2,13,23,2,9,1,1,C03,7,9,1,10,2,11,,23,23,1,22,9,C03,120.683248,24.133973,2
2022,12,21,7,38,臺中市,烏日區,0,0,0,8,,,50,,,,,,,,,,,,,,,16,,,,,B03,,,1,,2,,,16,,1,5,,B03,120.610975,24.113528,3
2022,12,21,7,39,臺中市,烏日區,0,0,0,8,1,5,60,4,2,1,5,4,5,7,2,1,1,4,4,1,13,16,3,10,3,4,B03,7,12,1,8,2,1,,16,16,1,21,9,B03,120.614085,24.106776,3
2022,12,21,7,40,臺中市,南屯區,0,0,0,8,2,5,50,14,2,1,5,4,5,7,1,1,5,4,5,2,11,26,3,10,1,1,B03,7,9,1,8,11,4,,26,26,1,5,1,B03,120.635202,24.146568,3
2022,12,21,7,41,臺中市,西區,0,1,0,8,1,5,40,4,1,1,5,4,5,7,1,1,10,5,5,2,16,6,3,10,1,1,B03,7,6,1,8,2,5,,6,6,1,22,8,B03,120.657385,24.149904,2
2022,12,21,7,41,臺中市,北屯區,0,0,0,8,,,50,,,,,,,,,,,,,,,26,,,,,F01,,,8,,1,,,26,26,1,22,,F01,120.711355,24.1722,3
2022,12,21,7,42,臺中市,大甲區,0,1,0,8,1,5,50,4,1,1,5,4,5,7,3,1,10,5,5,2,16,6,3,10,1,1,B03,7,6,1,8,2,1,,6,6,1,4,1,B03,120.630328,24.346766,2
2022,12,21,7,44,臺中市,大肚區,0,1,0,8,1,5,30,4,1,1,5,4,5,7,4,4,10,5,5,2,15,6,3,10,1,1,B03,7,9,1,8,2,2,,6,6,1,21,8,B03,120.541975,24.134454,2
2022,12,21,7,45,臺中市,南屯區,0,1,0,8,1,5,50,14,9,1,5,4,5,7,4,4,5,4,5,2,16,7,3,10,1,1,C03,7,7,1,10,2,14,,7,7,1,22,8,C03,120.614827,24.139618,2
2022,12,21,7,46,臺中市,神岡區,0,0,0,8,,,30,,,,,,,,,,,,,,,23,,,,,C03,,,1,,1,,,23,,1,22,,C03,120.652878,24.274579,3
2022,12,21,7,47,臺中市,南區,0,2,0,8,1,5,50,4,2,1,5,4,5,7,2,1,1,4,4,2,12,23,2,9,1,1,C03,7,9,1,10,2,11,,23,23,1,22,8,C03,120.679271,24.124181,2
2022,12,21,7,48,臺中市,神岡區,0,1,0,8,1,5,50,14,9,1,5,4,5,7,4,4,5,5,5,1,16,26,2,7,3,4,C03,7,5,1,10,2,12,,26,26,1,22,9,C03,120.689545,24.2386,2
2022,12,21,7,50,臺中市,大雅區,0,0,0,8,,,50,,,,,,,,,,,,,,,23,,,,,B03,,,1,,2,,,23,,1,22,,B03,120.647156,24.212778,3
2022,12,21,7,50,臺中市,北區,0,1,0,8,1,5,50,14,7,1,5,4,5,7,4,4,5,4,4,2,16,10,3,10,1,1,B03,7,11,1,8,2,7,,10,10,1,22,8,B03,120.690216,24.152449,2
2022,12,21,7,50,臺中市,西屯區,0,2,0,8,1,5,50,14,9,1,5,4,5,7,4,4,3,4,5,2,12,7,3,10,1,1,B03,7,8,1,8,2,2,,7,7,1,22,8,B03,120.602523,24.192377,2
2022,12,21,7,51,臺中市,霧峰區,0,0,0,8,1,6,40,3,2,1,5,4,5,7,1,1,5,5,5,1,13,23,,,,,C03,,,1,,2,,,23,,1,3,,C03,120.679824,24.065003,3
2022,12,21,7,54,臺中市,梧棲區,0,1,0,8,1,5,40,4,1,1,5,4,5,7,1,1,10,5,5,2,16,6,2,9,1,1,C03,7,5,1,10,2,14,,6,6,1,4,8,C03,120.535444,24.235729,2
2022,12,21,7,55,臺中市,大里區,0,0,0,8,,,50,,,,,,,,,,,,,,,26,,,,,C03,,,1,,2,,,26,,1,12,,C03,120.680563,24.094994,3
2022,12,21,7,55,臺中市,大肚區,0,0,0,8,,,50,,,,,,,,,,,,,,,6,,,,,C03,,,1,,2,,,6,,1,4,,C03,120.540588,24.156457,3
2022,12,21,7,55,臺中市,沙鹿區,0,1,0,8,1,5,50,3,9,1,5,4,5,7,4,4,10,4,5,1,16,8,3,10,1,1,B03,7,5,1,8,2,8,,8,8,1,22,8,B03,120.556657,24.239462,2
2022,12,21,7,56,臺中市,外埔區,0,0,0,,,,50,,,,,,,,,,,,,,,23,,,,,A41,,,1,,2,,,23,,1,22,,A41,120.62919,24.344829,3
2022,12,21,7,57,臺中市,潭子區,0,2,0,8,1,5,30,3,1,1,5,4,5,7,4,4,10,5,5,1,17,27,2,9,1,1,C03,7,5,1,10,2,14,,27,27,1,22,8,C03,120.68385,24.229724,2
2022,12,21,7,59,臺中市,北屯區,0,1,0,8,1,5,30,14,9,1,5,4,5,7,4,4,10,5,5,2,16,19,2,7,1,1,C03,7,9,1,10,2,11,,23,19,1,21,8,C03,120.698991,24.173428,2
2022,12,21,8,0,臺中市,北屯區,0,0,0,8,,,40,,,,,,,,,,,,,,,43,,,,,C03,,,1,,1,,,43,,1,22,,C03,120.68585,24.177165,3
2022,12,21,8,2,臺中市,潭子區,0,1,0,8,1,5,50,3,2,1,5,4,5,7,4,4,5,4,4,2,17,23,2,9,1,1,C03,7,9,1,10,2,15,,23,23,1,22,8,C03,120.691692,24.217727,2
2022,12,21,8,3,臺中市,霧峰區,0,1,0,8,1,5,40,14,9,3,5,4,5,7,4,4,10,5,5,1,18,44,2,9,1,1,C03,7,9,1,10,2,14,,44,44,1,5,8,C03,120.663661,24.077669,2
2022,12,21,8,6,臺中市,潭子區,0,1,0,8,1,5,50,4,1,1,5,4,5,7,1,1,5,5,5,1,17,25,3,10,1,1,C03,7,9,1,10,3,12,,25,25,1,22,8,C03,120.710221,24.208578,2
2022,12,21,8,9,臺中市,大里區,0,0,0,8,,,40,,,,,,,,,,,,,,,11,,,,,C03,,,1,,2,,,11,11,1,3,,C03,120.700082,24.087147,3
2022,12,21,8,16,臺中市,南屯區,0,2,0,8,1,5,50,14,9,1,5,4,5,7,4,4,1,4,5,2,13,23,2,9,1,1,C03,7,9,1,10,2,11,,23,23,1,22,8,C03,120.64649,24.145271,2
2022,12,21,8,18,臺中市,大里區,0,1,0,8,1,5,50,14,9,1,5,4,5,7,4,4,9,5,4,1,17,10,3,10,1,1,B03,7,11,1,8,2,4,,10,10,1,22,8,B03,120.664688,24.096758,2
2022,12,21,8,19,臺中市,霧峰區,0,0,0,,,,40,,,,,,,,,,,,,,,23,,,,,B03,,,1,,2,,,23,,1,20,,B03,120.664353,24.059916,3
2022,12,21,8,27,臺中市,潭子區,0,1,0,8,1,5,60,4,1,1,5,4,5,7,1,1,1,4,5,1,16,9,3,10,1,1,B03,7,6,1,8,2,2,,9,9,1,22,8,B03,120.703473,24.201201,2
2022,12,21,8,28,臺中市,西屯區,0,0,0,8,,,50,,,,,,,,,,,,,,,7,,,,,B03,,,1,,2,,,7,,1,22,,B03,120.643625,24.171729,3
2022,12,21,8,30,臺中市,北屯區,0,0,0,8,,,50,,,,,,,,,,,,,,,17,,,,,B03,,,1,,1,,,17,,1,21,,B03,120.674112,24.173988,3
2022,12,21,8,31,臺中市,太平區,0,1,0,8,1,5,50,4,1,1,5,4,5,7,1,1,5,5,5,2,13,25,3,10,1,1,C03,7,9,1,10,2,11,,25,25,1,4,1,C03,120.705314,24.159496,2
2022,12,21,8,33,臺中市,北屯區,0,1,0,8,1,5,50,4,2,1,5,4,5,7,2,1,5,4,5,2,16,19,3,10,1,1,A02,7,1,1,1,2,8,,19,19,1,21,8,A02,120.727473,24.176803,2
2022,12,21,8,34,臺中市,北區,0,0,0,8,,,50,,,,,,,,,,,,,,,19,,,,,B03,,,1,,11,,,19,,1,22,,B03,120.668248,24.172184,3
2022,12,21,8,35,臺中市,北區,0,1,0,8,1,5,50,4,1,1,5,4,5,7,4,4,10,5,5,2,16,19,3,10,1,1,B03,7,1,1,8,2,1,,19,19,1,22,8,B03,120.679222,24.160379,2
2022,12,21,8,37,臺中市,中區,0,1,0,8,1,5,50,4,2,1,5,4,5,7,1,1,5,4,5,2,3,51,2,9,1,1,H01,8,16,8,20,10,16,,51,51,1,18,2,H01,120.678757,24.141681,2
2022,12,21,8,38,臺中市,梧棲區,0,0,0,,,,40,,,,,,,,,,,,,,,18,,,,,B12,,,1,,1,,,18,,1,4,,B12,120.554823,24.24692,3
2022,12,21,8,42,臺中市,神岡區,0,1,0,8,1,5,50,5,1,1,5,4,5,7,1,1,10,5,5,1,16,9,3,10,1,1,B03,7,6,1,8,2,2,,9,9,1,22,9,B03,120.655441,24.258618,2
2022,12,21,8,44,臺中市,太平區,0,1,0,8,1,5,50,4,1,1,5,4,5,7,1,1,10,5,5,2,16,6,3,10,1,1,B12,7,11,1,8,2,8,,6,6,1,4,3,B12,120.716943,24.151531,2
2022,12,21,8,48,臺中市,西屯區,0,1,0,8,1,5,50,3,1,1,5,4,5,7,4,4,1,4,5,2,12,6,3,10,1,1,B03,7,6,1,8,2,2,,6,6,1,22,8,B03,120.623577,24.17369,2
2022,12,21,8,48,臺中市,龍井區,0,0,0,8,,,50,,,,,,,,,,,,,,,23,,,,,B02,,,1,,2,,,23,,1,5,,B02,120.530613,24.18347,3
2022,12,21,8,51,臺中市,神岡區,0,1,0,8,1,5,50,3,2,1,5,4,5,7,1,1,5,4,5,1,16,6,2,9,3,4,C03,7,5,1,10,2,12,,6,6,1,22,9,C03,120.695515,24.236436,2
2022,12,21,8,53,臺中市,北屯區,0,1,0,8,1,5,50,4,1,1,5,4,5,7,2,1,10,5,5,2,3,15,3,10,1,1,B03,7,6,1,8,2,2,,15,15,1,21,8,B03,120.691286,24.170504,2
2022,12,21,8,53,臺中市,清水區,0,2,0,8,1,5,50,4,1,1,5,4,5,7,1,1,10,5,5,2,16,23,2,2,1,1,B03,7,5,1,8,2,5,,23,23,1,5,5,B03,120.566809,24.268455,2
2022,12,21,8,55,臺中市,北區,0,1,0,8,1,5,50,4,1,1,5,4,5,7,1,1,10,5,5,2,16,19,2,9,1,1,C03,7,1,1,10,2,11,,19,19,1,22,8,C03,120.667555,24.166819,2
2022,12,21,8,56,臺中市,北屯區,0,0,0,8,,,40,,,,,,,,,,,,,,,43,,,,,B03,,,1,,11,,,43,,1,21,,B03,120.718631,24.16318,3
2022,12,21,9,0,臺中市,清水區,0,0,0,8,,,50,,,,,,,,,,,,,,,9,,,,,A41,,,1,,2,,,9,,1,21,,A41,120.540185,24.289216,3
2022,12,21,9,0,臺中市,清水區,0,1,0,8,1,5,30,4,1,1,5,4,5,7,4,4,10,5,5,2,15,6,2,9,1,1,C03,7,9,3,18,2,11,12,6,6,1,5,5,C03,120.561405,24.279628,2
2022,12,21,9,3,臺中市,太平區,0,1,0,8,1,5,50,4,2,1,5,4,5,7,2,1,5,5,5,1,11,42,2,8,1,1,C03,7,9,1,10,2,13,,42,42,1,5,8,C03,120.716893,24.131571,2
2022,12,21,9,7,臺中市,南屯區,0,0,0,,,,40,,,,,,,,,,,,,,,23,,,,,C03,,,1,,1,,,23,,1,22,,C03,120.584531,24.167805,3
2022,12,21,9,10,臺中市,東區,0,2,0,8,1,5,50,3,1,1,5,4,5,7,3,1,10,5,5,2,16,8,2,9,1,1,C03,7,5,1,10,2,12,,8,8,1,5,8,C03,120.69322,24.1337,2