年,月,日,時,分,縣市,區,死,受傷,2-30,天候,光線,道路類別,速限,道路型態,事故位置,路面鋪裝,路面狀態,路面缺陷,障礙物,視距,號誌種類,號誌動作,分向設施,快車道或一般車道間,快慢車道間,路面邊線,事故類型及型態,主要肇因,受傷程度,主要傷處,保護裝備,行動電話,當事者區分,車輛用途,當事者行動狀態,駕駛資格情形,駕駛執照種類,飲酒情形,車輛撞擊部位最初,車輛撞擊部位其他,肇事因素個別,肇事因素主要,肇事逃逸,職業,旅次目的,車種,GPS緯度,GPS經度,事故類別
2022,12,21,16,1,臺中市,西屯區,0,1,0,8,1,5,50,3,1,1,5,4,5,7,4,4,5,5,5,2,18,42,2,9,3,4,C03,7,9,1,10,2,12,,42,42,1,22,8,C03,120.61801,24.177316,2
2022,12,21,16,1,臺中市,豐原區,0,1,0,8,1,5,40,11,9,1,5,4,5,7,4,4,4,5,5,1,13,23,3,10,1,1,B03,7,9,1,10,2,5,,23,16,1,21,1,B03,120.760904,24.262585,2
2022,12,21,16,4,臺中市,西屯區,0,0,0,8,,,50,,,,,,,,,,,,,,,23,,,,,B03,,,1,,1,,,23,,1,22,,B03,120.6206,24.183631,3
2022,12,21,16,13,臺中市,太平區,0,0,0,8,,,50,,,,,,,,,,,,,,,23,,,,,F01,,,8,,1,,,23,,1,15,,F01,120.720101,24.123795,3
2022,12,21,16,15,臺中市,北區,0,2,0,8,1,5,40,14,8,1,5,4,5,7,4,4,5,5,4,2,16,6,3,10,1,1,C03,7,6,1,10,2,12,,6,6,1,5,8,C03,120.677541,24.151176,2
2022,12,21,16,15,臺中市,沙鹿區,0,1,0,8,1,5,40,5,1,1,5,4,5,7,2,1,10,5,5,2,16,23,2,9,1,1,C03,7,9,1,10,2,14,,23,23,1,18,5,C03,120.560836,24.241137,2
2022,12,21,16,18,臺中市,西屯區,0,0,0,8,1,5,50,3,1,1,5,4,5,7,4,4,1,3,1,1,16,19,,,,,B03,,,1,,1,,,19,,1,4,,B03,120.605776,24.187305,3
2022,12,21,16,20,臺中市,大甲區,0,0,0,8,,,50,,,,,,,,,,,,,,,6,,,,,B03,,,1,,2,,,6,,1,4,,B03,120.646529,24.404988,3
2022,12,21,16,21,臺中市,大雅區,0,0,0,8,,,50,,,,,,,,,,,,,,,42,,,,,B03,,,6,,2,,,42,,1,22,,B03,120.634796,24.236521,3
2022,12,21,16,25,臺中市,西區,0,0,0,8,,,50,,,,,,,,,,,,,,,23,,,,,B03,,,1,,1,,,23,,1,4,,B03,120.666751,24.153225,3
2022,12,21,16,30,臺中市,南屯區,0,1,0,8,1,5,50,4,1,1,5,4,5,7,2,1,10,5,5,2,16,6,3,10,1,1,C03,7,5,1,10,2,12,,6,6,1,22,9,C03,120.643113,24.144523,2
2022,12,21,16,34,臺中市,南區,0,1,0,8,1,5,40,4,8,1,5,4,5,7,4,4,1,4,4,2,16,23,3,10,1,1,B03,7,6,1,8,2,5,,23,23,1,21,8,B03,120.66228,24.120862,2
2022,12,21,16,35,臺中市,烏日區,0,1,0,8,1,5,40,14,7,1,5,4,5,7,4,4,5,4,4,1,17,26,3,10,1,1,B03,7,11,1,8,2,8,,26,26,1,19,8,B03,120.65332,24.094653,2
2022,12,21,16,36,臺中市,西屯區,0,1,0,8,1,5,50,3,9,1,5,4,5,7,4,4,10,5,5,2,13,16,2,9,1,1,C03,7,9,1,10,2,11,,16,16,1,22,8,C03,120.621809,24.186649,2
2022,12,21,16,44,臺中市,大里區,0,1,0,8,1,5,50,4,1,1,5,4,5,7,1,1,5,4,4,2,15,25,2,9,1,1,C03,7,9,3,18,2,12,,25,25,1,22,8,C03,120.689186,24.119283,2
2022,12,21,16,46,臺中市,豐原區,0,1,0,8,1,5,50,14,8,1,5,4,5,7,4,4,1,4,4,1,12,6,3,10,1,1,B12,7,8,1,8,2,7,,6,6,1,21,3,B12,120.743772,24.264474,2
2022,12,21,16,47,臺中市,西屯區,0,1,0,8,1,5,40,3,1,1,5,4,5,7,4,4,8,4,4,1,16,6,2,7,1,4,C03,7,5,4,11,1,14,,6,6,1,4,8,C03,120.63763,24.180206,2
2022,12,21,16,47,臺中市,大里區,0,1,0,8,1,5,30,3,2,1,5,4,5,7,4,4,10,5,5,2,12,17,3,10,1,1,B12,7,9,1,8,2,6,,17,17,1,5,8,B12,120.693233,24.120428,2
2022,12,21,16,51,臺中市,豐原區,0,0,0,,,,30,,,,,,,,,,,,,,,17,,,,,A12,,,1,,2,,,17,,1,21,,A12,120.73236,24.242499,3
2022,12,21,16,54,臺中市,南區,0,1,0,8,1,5,50,4,2,1,5,4,5,7,2,1,10,5,5,2,17,23,2,8,1,1,C03,7,6,1,10,2,11,,23,23,1,21,8,C03,120.650118,24.120638,2
2022,12,21,16,55,臺中市,大甲區,0,1,0,8,1,5,50,14,9,1,5,4,5,7,4,4,5,5,5,1,17,13,2,9,1,1,F01,7,9,8,20,2,16,,13,13,1,16,8,F01,120.628438,24.340743,2
2022,12,21,16,58,臺中市,北區,0,0,0,8,,,50,,,,,,,,,,,,,,,23,,,,,B02,,,1,,11,,,23,,1,5,,B02,120.680976,24.162423,3
2022,12,21,17,0,臺中市,大里區,0,0,0,8,,,50,,,,,,,,,,,,,,,38,,,,,B03,,,1,,1,,,38,,1,22,,B03,120.703086,24.096343,3
2022,12,21,17,2,臺中市,后里區,0,1,0,8,1,5,30,4,1,1,5,4,5,7,4,4,10,5,5,2,15,6,3,10,1,1,B12,7,9,1,8,2,6,,6,6,1,4,1,B12,120.707486,24.314395,2
2022,12,21,17,4,臺中市,大里區,0,0,0,8,,,50,,,,,,,,,,,,,,,6,,,,,C03,,,1,,2,,,6,6,1,22,,C03,120.685383,24.071608,3
2022,12,21,17,9,臺中市,霧峰區,0,0,0,8,,,50,,,,,,,,,,,,,,,16,,,,,B03,,,1,,2,,,16,,1,4,,B03,120.691718,24.057879,3
2022,12,21,17,9,臺中市,東勢區,0,1,0,8,2,5,30,4,1,1,5,4,5,7,4,4,10,5,5,2,16,44,2,8,1,1,C03,7,1,1,10,2,14,,44,44,1,21,9,C03,120.817967,24.276574,2
2022,12,21,17,10,臺中市,潭子區,0,1,0,8,3,5,50,4,2,1,5,4,5,7,4,4,8,5,5,1,17,23,3,10,1,1,B03,7,9,1,8,6,1,,23,23,1,22,8,B03,120.691993,24.219315,2
2022,12,21,17,10,臺中市,神岡區,0,1,0,8,1,5,50,3,1,1,5,4,5,7,4,4,5,4,5,1,17,42,3,10,1,1,B03,7,6,1,8,2,2,,42,42,1,12,8,B03,120.693316,24.237561,2
2022,12,21,17,11,臺中市,大里區,0,1,0,8,1,5,50,4,1,1,5,4,5,7,1,1,5,4,4,1,12,23,2,3,1,1,C03,7,9,1,10,2,12,,23,23,1,22,8,C03,120.681907,24.109891,2
2022,12,21,17,12,臺中市,南區,0,0,0,8,,,50,,,,,,,,,,,,,,,7,,,,,B03,,,1,8,2,,,7,7,1,5,,B03,120.657215,24.133235,3
2022,12,21,17,12,臺中市,沙鹿區,0,0,0,8,,,50,,,,,,,,,,,,,,,6,,,,,C03,,,1,,2,,,6,,1,4,,C03,120.556819,24.232583,3
2022,12,21,17,15,臺中市,中區,0,1,0,8,3,5,50,4,1,1,5,4,5,7,1,1,10,5,5,2,29,42,3,10,1,1,A02,7,9,1,1,2,15,,42,42,1,5,4,A02,120.685695,24.143194,2
2022,12,21,17,15,臺中市,豐原區,0,2,0,8,1,5,50,14,9,1,5,4,5,7,4,4,9,5,5,1,16,6,2,8,1,1,C03,7,5,5,10,2,11,,6,6,1,22,8,C03,120.701263,24.250396,2
2022,12,21,17,16,臺中市,北屯區,0,1,0,8,2,5,50,14,9,1,5,4,5,7,4,4,3,4,5,1,13,16,2,8,1,1,C03,7,9,1,10,2,11,,16,16,1,21,8,C03,120.695508,24.166368,2
2022,12,21,17,19,臺中市,梧棲區,0,1,0,8,3,5,60,14,16,1,5,4,5,7,4,4,1,4,4,1,12,42,3,10,1,1,A41,7,9,1,1,2,5,,42,42,1,10,1,A41,120.526143,24.225843,2
2022,12,21,17,20,臺中市,大雅區,0,1,0,8,3,5,30,4,2,1,5,4,5,7,4,4,10,5,5,2,16,1,3,10,1,1,C03,7,4,1,10,2,12,,1,1,1,22,9,C03,120.65339,24.226067,2
2022,12,21,17,22,臺中市,太平區,0,1,0,8,3,5,50,14,5,1,5,4,5,7,4,4,10,5,5,2,16,19,3,10,1,1,B03,7,1,1,8,2,1,,19,19,1,22,5,B03,120.720473,24.130866,2
2022,12,21,17,25,臺中市,沙鹿區,0,1,0,8,3,5,40,14,8,1,5,4,4,7,4,4,1,4,1,1,13,16,2,9,1,1,C03,7,9,1,10,2,11,,16,16,1,4,5,C03,120.58009,24.21821,2
2022,12,21,17,26,臺中市,豐原區,0,0,0,8,,,50,,,,,,,,,,,,,,,6,,,,,B03,,,1,,2,,,6,6,1,21,,B03,120.730419,24.250082,3
2022,12,21,17,27,臺中市,后里區,0,1,0,8,3,5,50,15,22,1,5,4,5,7,4,4,9,4,4,1,16,26,3,10,1,1,A42,7,5,1,1,2,4,,26,26,1,22,8,A42,120.708717,24.311117,2
2022,12,21,17,29,臺中市,北屯區,0,1,0,8,3,5,50,4,1,1,5,4,5,7,4,4,10,5,5,2,16,6,3,10,1,1,B03,7,5,1,8,2,8,,6,6,1,21,8,B03,120.687203,24.17828,2
2022,12,21,17,33,臺中市,南區,0,1,0,8,3,5,50,4,2,1,5,4,5,7,2,1,10,5,5,2,12,23,3,10,1,1,B03,7,9,1,8,2,2,,23,23,1,21,8,B03,120.650118,24.120638,2
2022,12,21,17,35,臺中市,大雅區,0,0,0,8,,,40,,,,,,,,,,,,,,,23,,,,,C03,,,1,,2,,,23,,1,22,,C03,120.64617,24.22358,3
2022,12,21,17,36,臺中市,北屯區,0,1,0,8,3,5,50,4,2,1,5,4,5,7,1,1,9,5,4,2,3,51,2,9,4,5,H01,8,16,8,20,10,16,,51,51,1,20,8,H01,120.682408,24.194906,2
2022,12,21,17,40,臺中市,南屯區,0,1,0,8,3,5,50,14,7,1,5,4,5,7,4,4,5,5,4,2,13,23,2,9,3,4,C03,7,9,1,10,2,11,,23,23,1,22,8,C03,120.616919,24.139483,2
2022,12,21,17,42,臺中市,北屯區,0,0,0,6,,,50,,,,,,,,,,,,,,,16,,,,,B03,,9,1,8,1,1,,16,16,1,23,8,B03,120.68746,24.170486,3
2022,12,21,17,44,臺中市,沙鹿區,0,0,0,8,,,50,,,,,,,,,,,,,,,26,,,,,C03,,,1,,2,,,26,,1,20,,C03,120.561455,24.237737,3
2022,12,21,17,45,臺中市,北屯區,0,0,0,8,,,50,,,,,,,,,,,,,,,7,,,,,B12,,,1,,1,,,7,,1,4,,B12,120.7217,24.1825,3
2022,12,21,17,45,臺中市,豐原區,0,0,0,8,3,5,30,14,2,1,5,4,5,7,4,4,10,3,5,1,16,6,3,10,3,1,C03,7,5,1,10,2,11,,6,6,1,22,9,C03,120.730518,24.237596,3
2022,12,21,17,51,臺中市,大雅區,0,2,0,8,3,5,30,4,1,1,5,4,5,7,4,4,5,5,4,2,15,6,2,8,1,1,C03,7,9,1,10,2,14,,6,6,1,22,9,C03,120.653257,24.218116,2
2022,12,21,17,51,臺中市,太平區,0,1,0,8,3,5,50,14,9,1,5,4,5,7,4,4,5,4,5,1,13,23,2,8,1,1,C03,7,9,1,10,2,11,,23,23,1,22,5,C03,120.714296,24.133496,2
2022,12,21,17,53,臺中市,北區,0,0,0,8,,,50,,,,,,,,,,,,,,,18,,,,,B03,,,1,,1,,,18,,1,20,,B03,120.683634,24.157614,3
2022,12,21,17,53,臺中市,北屯區,0,0,0,8,,,50,,,,,,,,,,,,,,,23,,,,,B03,,,1,,2,,,23,,1,21,,B03,120.66423,24.185401,3
2022,12,21,17,55,臺中市,神岡區,0,0,0,8,,,50,,,,,,,,,,,,,,,42,,,,,B03,,,1,,2,,,42,,1,12,,B03,120.684721,24.24665,3
2022,12,21,18,0,臺中市,南屯區,0,0,0,8,,,40,,,,,,,,,,,,,,,19,,,,,B03,,,1,,2,,,19,,1,5,,B03,120.640731,24.146859,3
2022,12,21,18,0,臺中市,南屯區,0,0,0,8,,,50,,,,,,,,,,,,,,,1,,,,,B03,,,1,,2,,,1,,1,22,,B03,120.640363,24.140926,3
2022,12,21,18,0,臺中市,大里區,0,0,0,8,,,30,,,,,,,,,,,,,,,23,,,,,B03,,,1,,1,,,23,,1,4,,B03,120.730682,24.089214,3
2022,12,21,18,0,臺中市,沙鹿區,0,0,0,8,,,50,,,,,,,,,,,,,,,23,,,,,B03,,,1,,2,,,23,,1,3,,B03,120.557236,24.233835,3
2022,12,21,18,1,臺中市,霧峰區,0,0,0,8,,,40,,,,,,,,,,,,,,,7,,,,,B03,,,1,,2,,,7,,1,22,,B03,120.662745,24.066676,3
2022,12,21,18,1,臺中市,沙鹿區,0,1,0,8,3,5,60,3,1,1,5,4,5,7,1,1,1,3,1,1,17,42,3,10,1,1,B03,7,11,1,8,2,2,,42,42,1,4,8,B03,120.575556,24.251983,2
2022,12,21,18,2,臺中市,豐原區,0,0,0,8,,,50,,,,,,,,,,,,,,,7,,,,,B03,,,3,,2,,,7,,1,22,,B03,120.708364,24.250167,3
2022,12,21,18,3,臺中市,豐原區,0,0,0,8,,,30,,,,,,,,,,,,,,,12,,,,,B03,,,1,,2,,,12,,1,21,,B03,120.728309,24.244569,3
2022,12,21,18,5,臺中市,神岡區,0,1,0,7,2,5,30,3,1,1,5,4,5,7,4,4,10,5,5,1,17,6,3,10,1,1,C03,7,5,1,10,2,11,,6,6,1,12,8,C03,120.683041,24.245188,2
2022,12,21,18,5,臺中市,豐原區,0,0,0,8,,,50,,,,,,,,,,,,,,,23,,,,,B03,,,1,,2,,,23,23,1,22,,B03,120.701298,24.250688,3
2022,12,21,18,6,臺中市,南區,0,2,0,8,1,5,50,4,1,1,5,4,5,7,2,1,5,4,4,2,16,23,2,8,1,1,C03,7,4,1,10,2,11,,23,23,1,21,8,C03,120.681897,24.133974,2
2022,12,21,18,10,臺中市,南區,0,0,0,8,,,50,,,,,,,,,,,,,,,23,,,,,B03,,,1,,2,,,23,,1,20,,B03,120.654302,24.116,3
2022,12,21,18,10,臺中市,南區,0,0,0,8,3,5,30,14,9,1,5,4,5,7,4,4,10,5,5,2,29,67,,,,,,,,,,,,,67,67,1,,,,120.680319,24.133843,3
2022,12,21,18,10,臺中市,太平區,0,0,0,8,,,50,,,,,,,,,,,,,,,12,,,,,B03,,,1,,2,,,12,,1,22,,B03,120.725044,24.142486,3
2022,12,21,18,11,臺中市,烏日區,0,0,0,8,3,5,50,14,9,2,5,4,5,7,4,4,5,4,5,1,16,26,3,10,3,4,B03,7,5,1,8,2,5,,26,26,1,21,9,B03,120.61553,24.11295,3
2022,12,21,18,15,臺中市,西屯區,0,0,0,8,,,30,,,,,,,,,,,,,,,42,,,,,C03,,,1,,1,,,42,,1,22,,C03,120.64836,24.183411,3
2022,12,21,18,22,臺中市,霧峰區,0,0,0,8,,,40,,,,,,,,,,,,,,,23,,,,,B12,,,1,,2,,,23,,1,22,,B12,120.691815,24.071096,3
2022,12,21,18,27,臺中市,東區,0,1,0,8,3,5,50,14,7,1,5,4,5,7,4,4,10,4,4,2,17,23,2,9,3,4,C03,7,9,1,10,2,11,,23,23,1,5,8,C03,120.684193,24.125618,2
2022,12,21,18,30,臺中市,西屯區,0,0,0,8,,,30,,,,,,,,,,,,,,,23,,,,,B01,,,1,,2,,,23,,1,4,,B01,120.627015,24.165891,3
2022,12,21,18,30,臺中市,烏日區,0,2,0,8,3,5,50,14,7,1,5,4,5,7,4,4,5,5,4,1,16,8,2,8,1,1,C03,7,5,1,10,2,14,,8,8,1,21,8,C03,120.623253,24.102826,2
2022,12,21,18,34,臺中市,梧棲區,0,1,0,8,4,5,50,4,1,1,5,4,5,7,4,4,10,5,5,2,16,8,3,10,1,1,C03,7,5,1,10,2,14,,8,8,1,21,8,C03,120.535574,24.246018,2
2022,12,21,18,37,臺中市,南屯區,0,0,0,8,,,50,,,,,,,,,,,,,,,42,,,,,B03,,,1,,2,,,42,,1,4,,B03,120.628305,24.140206,3
2022,12,21,18,41,臺中市,烏日區,0,0,0,8,,,60,,,,,,,,,,,,,,,26,,,,,B03,,,1,,2,,,26,,1,5,,B03,120.645956,24.092746,3
2022,12,21,18,44,臺中市,清水區,0,0,0,8,,,50,,,,,,,,,,,,,,,26,,,,,B03,,,1,,2,,,26,,1,21,,B03,120.57567,24.268495,3
2022,12,21,18,45,臺中市,南屯區,0,0,0,8,,,50,,,,,,,,,,,,,,,7,,,,,B03,,,1,,1,,,7,,1,22,,B03,120.626171,24.130839,3
2022,12,21,18,47,臺中市,西屯區,0,1,0,8,2,5,50,4,1,1,5,4,5,7,1,1,5,4,5,2,17,43,3,10,1,1,C03,7,9,1,10,1,15,,43,43,1,22,8,C03,120.641933,24.163523,2
2022,12,21,18,47,臺中市,大甲區,0,1,0,8,3,5,50,4,1,1,5,4,5,5,4,4,10,5,5,2,15,6,3,10,1,1,C03,7,9,1,10,2,11,,6,6,1,4,8,C03,120.618434,24.346684,2
2022,12,21,18,50,臺中市,龍井區,0,0,0,8,,,50,,,,,,,,,,,,,,,23,,,,,C03,,,1,,2,,,23,,1,18,,C03,120.583477,24.187279,3
2022,12,21,18,50,臺中市,豐原區,0,0,0,8,,,50,,,,,,,,,,,,,,,26,,,,,B03,,,1,,2,,,26,,1,22,,B03,120.703123,24.249458,3
2022,12,21,18,52,臺中市,沙鹿區,0,1,0,8,1,5,50,3,1,1,5,4,5,7,4,4,9,5,5,2,17,42,2,9,1,1,C03,7,9,1,10,2,12,,42,42,1,4,8,C03,120.565034,24.230522,2
2022,12,21,18,53,臺中市,烏日區,0,0,0,8,3,5,60,14,2,1,5,4,5,7,4,4,1,4,1,1,13,23,3,10,3,4,B03,7,14,1,8,2,3,,44,23,1,21,9,B03,120.64372,24.093158,3
2022,12,21,18,54,臺中市,南屯區,0,0,0,8,,,50,,,,,,,,,,,,,,,23,,,,,B03,,,1,,1,,,23,,1,4,,B03,120.623497,24.149515,3
2022,12,21,18,56,臺中市,霧峰區,0,0,0,8,,,50,,,,,,,,,,,,,,,40,,,,,B03,,,1,,11,,,40,,1,4,,B03,120.6802,24.065209,3
2022,12,21,18,59,臺中市,東區,0,1,0,8,1,5,50,3,2,1,5,4,5,7,3,1,5,4,5,2,17,42,2,9,1,4,C03,7,5,1,10,2,11,,42,42,1,21,8,C03,120.698338,24.125264,2
2022,12,21,18,59,臺中市,西屯區,0,1,0,8,1,5,50,4,7,1,5,4,5,7,4,4,8,4,4,1,16,23,2,9,1,4,C02,7,9,4,10,2,12,,23,23,1,4,8,C02,120.637413,24.179721,2
2022,12,21,19,0,臺中市,沙鹿區,0,1,0,8,3,5,40,5,1,1,5,4,5,7,2,1,10,5,5,2,16,9,3,10,1,1,B03,7,6,1,8,2,6,,9,9,1,4,1,B03,120.569793,24.237113,2
2022,12,21,19,5,臺中市,大肚區,0,0,0,,,,50,,,,,,,,,,,,,,,7,,,,,B03,,,1,,9,,,7,,1,22,,B03,120.57038,24.120691,3
2022,12,21,19,7,臺中市,北區,0,0,0,8,,,50,,,,,,,,,,,,,,,42,,,,,B03,,,1,,1,,,42,,1,5,,B03,120.684866,24.164248,3
2022,12,21,19,8,臺中市,北屯區,0,0,0,6,,,80,,,,,,,,,,,,,,,16,,,,,B12,,9,1,8,2,7,,16,16,1,21,8,B12,120.72082,24.169294,3
2022,12,21,19,12,臺中市,大里區,0,0,0,8,,,50,,,,,,,,,,,,,,,23,,,,,C03,,,1,,1,,,23,,1,22,,C03,120.683043,24.113825,3
2022,12,21,19,12,臺中市,太平區,0,1,0,8,3,5,50,4,1,1,5,4,5,7,1,1,10,5,5,2,16,6,3,10,1,1,B03,7,5,1,8,2,1,,6,6,1,22,8,B03,120.723919,24.111326,2
2022,12,21,19,12,臺中市,豐原區,0,1,0,8,3,5,50,14,7,1,5,4,5,7,4,4,5,5,4,2,17,23,3,10,1,1,B03,7,9,1,8,2,2,,23,23,1,22,8,B03,120.70513,24.241161,2
2022,12,21,19,14,臺中市,東區,0,1,0,8,3,5,50,4,1,1,5,4,5,7,1,1,5,5,5,2,16,42,2,9,1,1,C03,7,15,1,10,2,12,,42,42,1,21,8,C03,120.7012,24.14271,2
2022,12,21,19,14,臺中市,大里區,0,1,0,8,1,5,50,4,1,1,5,4,5,7,2,1,5,5,5,1,16,26,3,10,1,1,B03,7,5,1,8,2,8,,26,26,1,5,8,B03,120.688963,24.104806,2
2022,12,21,19,30,臺中市,南屯區,0,0,0,8,,,50,,,,,,,,,,,,,,,26,,,,,B03,,,1,,1,,,26,,1,22,,B03,120.622705,24.149613,3
2022,12,21,19,35,臺中市,沙鹿區,0,2,0,8,3,5,50,4,1,1,5,4,5,7,1,1,1,2,5,1,17,23,2,8,1,1,C03,7,9,1,10,2,11,,23,23,1,4,8,C03,120.614839,24.241916,2
2022,12,21,19,42,臺中市,西屯區,0,2,0,8,3,5,50,4,4,1,5,4,5,7,2,1,10,5,5,2,13,23,2,9,1,1,C03,7,9,1,10,2,11,,23,23,1,22,8,C03,120.608091,24.169578,2
2022,12,21,19,44,臺中市,豐原區,0,1,0,8,3,5,50,4,2,1,5,4,5,7,2,1,10,5,5,2,2,15,3,10,1,1,B12,7,5,1,8,2,1,,15,15,1,22,8,B12,120.729924,24.25515,2
2022,12,21,19,57,臺中市,東區,0,0,0,,,,40,,,,,,,,,,,,,,,12,,,,,B03,,,1,,2,,,12,,1,21,,B03,120.708474,24.140551,3
2022,12,21,19,59,臺中市,北區,0,1,0,8,3,5,50,14,9,1,5,4,5,7,4,4,5,4,5,2,17,7,3,10,1,1,B12,7,8,1,8,2,5,,7,7,1,22,9,B12,120.689383,24.154106,2
2022,12,21,20,7,臺中市,北屯區,0,1,0,8,3,5,50,4,9,1,5,4,5,7,2,1,1,4,5,1,16,26,2,9,1,1,C03,7,5,1,10,2,14,,26,26,1,21,8,C03,120.675998,24.201268,2
2022,12,21,20,15,臺中市,沙鹿區,0,0,0,8,,,50,,,,,,,,,,,,,,,42,,,,,C03,,,1,,2,,,42,,1,18,,C03,120.574166,24.226944,3
2022,12,21,20,16,臺中市,大甲區,0,1,0,8,3,5,50,4,1,1,5,4,5,7,4,4,10,5,5,2,15,6,3,10,1,1,B03,7,9,1,8,2,2,,6,6,1,22,9,B03,120.620856,24.346079,2
2022,12,21,20,36,臺中市,烏日區,0,0,0,8,,,60,,,,,,,,,,,,,,,23,,,,,B03,,,1,,2,,,23,,1,21,,B03,120.608744,24.108089,3
2022,12,21,20,36,臺中市,豐原區,0,0,0,8,,,50,,,,,,,,,,,,,,,26,,,,,B03,,,1,,2,,,26,,1,22,,B03,120.728601,24.245469,3
2022,12,21,20,45,臺中市,西區,0,1,0,8,3,5,40,3,8,1,5,4,5,7,4,4,5,5,4,2,18,42,2,9,1,1,C03,7,9,1,10,2,12,,42,42,1,21,8,C03,120.661659,24.133685,2
2022,12,21,20,47,臺中市,大里區,0,2,0,8,3,5,50,3,1,1,5,4,4,7,2,1,1,3,4,1,16,26,2,9,1,1,C03,7,9,1,10,2,11,,26,26,1,5,8,C03,120.688518,24.11009,2
2022,12,21,20,50,臺中市,龍井區,0,1,0,8,3,5,40,11,9,1,5,4,5,7,4,4,5,5,5,1,18,43,2,9,3,4,F01,7,9,8,20,2,15,,43,43,1,16,2,F01,120.559593,24.184616,2
2022,12,21,21,4,臺中市,東區,0,0,0,8,,,30,,,,,,,,,,,,,,,6,,,,,B03,,,1,,2,,,6,,1,22,,B03,120.705886,24.137172,3
2022,12,21,21,6,臺中市,西區,0,1,0,8,3,5,50,4,1,1,5,4,5,7,1,1,5,5,5,2,13,16,2,9,3,4,C03,7,9,1,10,1,11,,16,16,1,21,8,C03,120.663182,24.156542,2
2022,12,21,21,7,臺中市,北屯區,0,0,0,8,,,50,,,,,,,,,,,,,,,23,,,,,B03,,,1,,2,,,23,,1,21,,B03,120.677123,24.183918,3
2022,12,21,21,7,臺中市,石岡區,0,0,0,8,,,50,,,,,,,,,,,,,,,23,,,,,B12,,,1,,2,,,44,23,1,22,,B12,120.763972,24.277187,3
2022,12,21,21,11,臺中市,北區,0,0,0,8,,,50,,,,,,,,,,,,,,,23,,,,,B03,,,6,,1,,,23,,1,5,,B03,120.677473,24.152379,3
2022,12,21,21,18,臺中市,西屯區,0,1,0,8,1,5,50,14,9,1,5,4,5,7,4,4,8,4,5,1,16,23,3,10,1,4,B03,7,9,1,8,2,4,,23,23,1,4,8,B03,120.616036,24.18889,2
2022,12,21,21,19,臺中市,西屯區,0,2,0,8,3,5,50,4,8,1,5,4,5,7,1,1,10,5,5,2,13,16,2,9,1,1,C03,7,9,1,10,2,11,,16,16,1,22,8,C03,120.641103,24.173546,2
2022,12,21,21,26,臺中市,沙鹿區,0,2,0,7,3,5,50,3,2,1,5,4,5,7,4,4,4,5,4,2,16,6,2,8,1,1,C03,7,5,1,10,2,12,,6,6,1,22,9,C03,120.574243,24.228268,2
2022,12,21,21,29,臺中市,南區,0,0,0,8,,,50,,,,,,,,,,,,,,,23,,,,,B03,,,1,8,2,,,23,23,1,5,,B03,120.65086,24.120151,3
2022,12,21,21,30,臺中市,南屯區,0,0,0,8,,,50,,,,,,,,,,,,,,,12,,,,,B03,,,1,8,2,,,12,12,1,12,,B03,120.646415,24.149204,3
2022,12,21,21,31,臺中市,霧峰區,0,2,0,8,3,5,50,4,1,1,5,4,5,7,1,1,9,5,5,1,16,6,2,9,1,1,C03,7,5,1,10,2,12,,6,6,1,22,8,C03,120.697921,24.0595,2
2022,12,21,21,33,臺中市,龍井區,0,0,0,8,,,30,,,,,,,,,,,,,,,6,,,,,C03,,,1,,2,,,6,,1,22,,C03,120.592635,24.181618,3
2022,12,21,21,40,臺中市,南屯區,0,1,0,8,3,5,50,4,1,1,5,4,5,7,2,1,10,5,5,2,16,10,3,10,1,1,B01,7,11,1,4,2,8,,10,10,1,22,8,B01,120.643846,24.1488,2
2022,12,21,21,43,臺中市,大里區,0,1,0,8,3,5,50,4,1,1,5,4,5,7,2,1,1,5,5,1,17,9,3,10,1,1,B03,7,6,1,8,2,15,,9,9,1,5,8,B03,120.687298,24.095353,2
2022,12,21,21,47,臺中市,東區,0,0,0,8,,,50,,,,,,,,,,,,,,,23,,,,,C03,,,1,,2,,,23,23,1,22,,C03,120.687868,24.136529,3
2022,12,21,21,50,臺中市,霧峰區,0,0,0,8,,,50,,,,,,,,,,,,,,,19,,,,,B03,,,1,,2,,,19,,1,4,,B03,120.70049,24.063927,3
2022,12,21,21,57,臺中市,北區,0,2,0,8,3,5,50,3,1,1,5,4,5,7,1,1,1,4,4,2,16,25,2,9,1,1,C03,7,9,1,10,2,11,,25,25,1,5,5,C03,120.689506,24.147001,2
2022,12,21,22,9,臺中市,北屯區,0,0,0,8,,,50,,,,,,,,,,,,,,,23,,,,,B03,,,1,,1,,,23,23,1,21,,B03,120.69426,24.171866,3
2022,12,21,22,25,臺中市,南區,0,2,0,8,1,5,50,3,2,1,5,4,5,7,1,1,10,5,5,2,17,23,2,9,1,1,C03,7,9,1,10,2,11,12,23,23,1,21,8,C03,120.66589,24.113829,2
2022,12,21,22,35,臺中市,西區,0,1,0,8,3,5,50,4,1,1,5,4,5,7,4,4,10,5,5,2,16,6,2,9,3,4,C03,7,9,1,10,2,12,,6,6,1,21,8,C03,120.659521,24.147305,2
2022,12,21,22,47,臺中市,南屯區,0,1,0,8,3,5,50,4,1,1,5,4,5,7,2,1,10,5,5,2,16,6,3,10,1,1,C03,7,6,1,10,2,13,12,6,6,1,5,8,C03,120.620854,24.13999,2