年,月,日,時,分,縣市,區,死,受傷,2-30,天候,光線,道路類別,速限,道路型態,事故位置,路面鋪裝,路面狀態,路面缺陷,障礙物,視距,號誌種類,號誌動作,分向設施,快車道或一般車道間,快慢車道間,路面邊線,事故類型及型態,主要肇因,受傷程度,主要傷處,保護裝備,行動電話,當事者區分,車輛用途,當事者行動狀態,駕駛資格情形,駕駛執照種類,飲酒情形,車輛撞擊部位最初,車輛撞擊部位其他,肇事因素個別,肇事因素主要,肇事逃逸,職業,旅次目的,車種,GPS緯度,GPS經度,事故類別
2022,12,22,9,55,臺中市,西屯區,0,0,0,8,,,50,,,,,,,,,,,,,,,23,,,,,A02,,,1,,2,,,23,,1,22,,A02,120.623124,24.17593,3
2022,12,22,9,56,臺中市,西屯區,0,1,0,8,1,5,40,3,1,1,5,4,5,7,4,4,3,4,5,2,12,23,2,9,1,1,C03,7,9,1,10,2,11,,23,23,1,22,8,C03,120.623627,24.181932,2
2022,12,22,9,58,臺中市,西屯區,0,2,0,8,1,5,40,3,1,1,5,4,5,7,4,4,1,4,1,2,16,6,2,9,1,1,C03,7,6,1,10,2,12,,6,6,1,21,1,C03,120.651506,24.161236,2
2022,12,22,10,0,臺中市,西屯區,0,2,0,8,1,5,30,4,1,1,5,4,5,7,4,4,10,5,5,2,15,6,2,9,1,4,C03,7,9,1,10,2,12,,6,6,1,22,8,C03,120.643723,24.181611,2
2022,12,22,10,4,臺中市,龍井區,0,1,0,8,1,5,50,4,1,1,5,4,5,7,4,4,10,5,5,2,17,30,3,10,1,1,A12,7,5,1,7,2,15,,30,30,1,1,8,A12,120.526631,24.212946,2
2022,12,22,10,12,臺中市,大里區,0,0,0,8,,,50,,,,,,,,,,,,,,,23,,,,,B03,,,1,,2,,,23,,1,22,,B03,120.691235,24.099533,3
2022,12,22,10,15,臺中市,北屯區,0,1,0,8,1,5,80,10,9,1,5,4,5,7,4,4,1,4,5,1,29,42,3,10,1,1,B03,7,9,1,8,2,15,,42,42,1,21,8,B03,120.720884,24.168242,2
2022,12,22,10,18,臺中市,西區,0,2,0,8,1,5,50,14,9,1,5,4,5,7,4,4,9,5,5,2,17,4,2,8,1,1,C03,7,11,1,10,1,13,,4,4,1,22,9,C03,120.654372,24.152516,2
2022,12,22,10,19,臺中市,霧峰區,0,1,0,8,1,5,40,4,1,1,5,4,5,7,1,1,10,5,5,2,16,8,3,10,3,4,B03,7,9,1,8,2,5,,44,8,1,3,8,B03,120.695953,24.065768,2
2022,12,22,10,19,臺中市,霧峰區,0,0,0,8,,,40,,,,,,,,,,,,,,,23,,,,,B03,,,1,,2,,,23,23,1,3,,B03,120.695953,24.065768,3
2022,12,22,10,28,臺中市,大雅區,0,0,0,8,,,50,,,,,,,,,,,,,,,23,,,,,B11,,,1,,2,,,23,,1,22,,B11,120.63706,24.234415,3
2022,12,22,10,30,臺中市,東區,0,0,0,,,,50,,,,,,,,,,,,,,,19,,,,,B03,,,1,,2,,,19,,1,22,,B03,120.690194,24.131713,3
2022,12,22,10,30,臺中市,南屯區,0,1,0,8,1,5,50,14,9,1,5,4,5,7,4,4,9,5,5,2,17,23,3,10,1,1,C03,7,1,1,10,2,15,,19,23,1,22,8,C03,120.614764,24.139237,2
2022,12,22,10,40,臺中市,北區,0,0,0,8,,,40,,,,,,,,,,,,,,,23,,,,,C04,,,1,,1,,,23,,1,22,,C04,120.679741,24.152147,3
2022,12,22,10,43,臺中市,潭子區,0,1,0,8,1,5,50,3,1,1,5,4,5,7,1,1,5,4,4,2,14,12,3,10,1,1,B03,7,2,1,8,2,7,,12,12,1,22,8,B03,120.701039,24.209742,2
2022,12,22,10,45,臺中市,南屯區,0,0,0,8,1,5,50,14,9,1,5,4,5,7,4,4,10,5,5,2,17,23,3,10,1,1,B01,7,3,1,1,2,2,,23,23,1,10,4,B01,120.650844,24.155491,3
2022,12,22,10,48,臺中市,南區,0,0,0,8,,,50,,,,,,,,,,,,,,,26,,,,,C03,,,1,,2,,,26,,1,5,,C03,120.668478,24.11471,3
2022,12,22,10,54,臺中市,西區,0,2,0,8,1,5,50,14,9,1,5,4,5,7,4,4,5,4,5,2,12,7,2,9,1,1,C03,7,7,1,10,2,14,,7,7,1,22,9,C03,120.676271,24.140626,2
2022,12,22,10,59,臺中市,中區,0,1,0,8,1,5,50,4,2,1,5,4,5,6,2,1,5,2,5,2,18,42,2,7,1,1,C03,7,9,1,10,2,12,,42,42,1,5,9,C03,120.683658,24.141452,2
2022,12,22,11,0,臺中市,北區,0,1,0,8,1,5,50,4,1,1,5,4,5,7,1,1,10,5,5,2,13,16,3,10,1,1,C03,7,9,1,10,2,11,,16,16,1,22,8,C03,120.68666,24.16298,2
2022,12,22,11,5,臺中市,西屯區,0,0,0,8,,,80,,,,,,,,,,,,,,,37,,,,,B12,,,1,,1,,,37,,1,22,,B12,120.634948,24.179291,3
2022,12,22,11,6,臺中市,太平區,0,1,0,8,1,5,50,4,9,1,5,4,5,7,2,1,1,4,5,2,12,26,3,10,1,1,B12,7,7,1,8,2,5,,26,26,1,22,8,B12,120.710704,24.140687,2
2022,12,22,11,7,臺中市,西區,0,0,0,8,,,50,,,,,,,,,,,,,,,23,,,,,B03,,,1,,1,,,23,,1,4,,B03,120.652978,24.148839,4
2022,12,22,11,8,臺中市,潭子區,0,2,0,8,1,5,50,14,7,1,5,4,5,7,4,4,5,4,4,2,16,26,2,9,1,1,C04,7,11,1,8,2,14,,26,26,1,22,8,C04,120.702098,24.213964,2
2022,12,22,11,13,臺中市,豐原區,0,0,0,8,,,50,,,,,,,,,,,,,,,16,,,,,B03,,,1,,2,,,16,,1,21,,B03,120.709528,24.251221,3
2022,12,22,11,14,臺中市,中區,0,0,0,8,,,50,,,,,,,,,,,,,,,23,,,,,B12,,,1,,1,,,23,,1,21,,B12,120.677263,24.140206,3
2022,12,22,11,20,臺中市,烏日區,0,0,0,8,1,5,50,4,1,1,5,4,5,7,2,1,5,2,5,1,12,17,3,10,3,4,B03,7,9,4,10,2,8,,17,17,1,21,9,B03,120.628717,24.101974,3
2022,12,22,11,23,臺中市,大里區,0,0,0,8,,,40,,,,,,,,,,,,,,,44,,,,,C03,,,8,,2,,,44,,1,3,,C03,120.702523,24.081307,3
2022,12,22,11,29,臺中市,北屯區,0,1,0,8,1,5,50,3,1,1,5,4,5,7,4,4,10,5,5,2,16,19,2,9,1,1,C03,7,1,1,10,2,11,,19,19,1,22,7,C03,120.690469,24.177583,2
2022,12,22,11,33,臺中市,南屯區,0,0,0,8,,,50,,,,,,,,,,,,,,,12,,,,,B12,,,1,,1,,,12,,1,22,,B12,120.631989,24.148318,3
2022,12,22,11,36,臺中市,南屯區,0,1,0,8,1,5,50,3,1,1,5,4,5,7,4,4,10,5,5,2,16,10,3,10,1,1,B03,7,11,1,8,2,4,,10,10,1,5,8,B03,120.649761,24.152918,2
2022,12,22,11,43,臺中市,大雅區,0,1,0,8,1,5,50,3,1,1,5,4,5,7,1,1,5,5,5,1,12,6,3,10,1,1,B03,7,9,1,8,2,2,,6,6,1,22,9,B03,120.66703,24.213456,2
2022,12,22,11,43,臺中市,梧棲區,0,0,0,8,,,50,,,,,,,,,,,,,,,16,,,,,B12,,,1,,1,,,16,,1,3,,B12,120.528027,24.220817,3
2022,12,22,11,45,臺中市,太平區,0,3,0,8,1,5,50,14,9,1,5,4,5,7,4,4,5,4,5,2,13,23,2,9,1,1,C03,7,9,1,10,2,11,,23,23,1,22,5,C03,120.709501,24.127988,2
2022,12,22,11,46,臺中市,大甲區,0,1,0,8,1,5,50,4,1,1,5,4,5,7,4,4,10,5,5,2,15,6,3,10,1,1,C03,7,9,1,10,2,12,,6,6,1,21,8,C03,120.62687,24.349293,2
2022,12,22,11,47,臺中市,烏日區,0,2,0,8,1,5,50,14,9,1,5,4,5,7,4,4,5,4,5,1,16,19,2,9,1,1,C03,7,1,3,18,2,11,,19,19,1,19,8,C03,120.643538,24.07772,2
2022,12,22,11,49,臺中市,大里區,0,1,0,8,1,5,50,14,7,1,5,4,5,7,4,4,1,4,5,1,18,26,2,9,1,1,C03,7,9,3,18,2,14,,26,26,1,5,5,C03,120.684608,24.096905,2
2022,12,22,11,51,臺中市,北屯區,0,0,0,8,,,30,,,,,,,,,,,,,,,43,,,,,B03,,,1,,1,,,43,,1,21,,B03,120.684841,24.200861,3
2022,12,22,11,57,臺中市,北屯區,0,1,0,8,1,5,50,5,2,1,5,4,5,7,4,4,10,4,5,2,16,6,2,9,1,1,C03,7,9,1,10,2,11,,6,6,1,22,8,C03,120.74079,24.179846,2
2022,12,22,12,0,臺中市,北屯區,0,0,0,8,,,80,,,,,,,,,,,,,,,23,,,,,B03,,,1,,1,,,23,,1,22,,B03,120.68847,24.201012,3
2022,12,22,12,0,臺中市,神岡區,0,0,0,8,,,30,,,,,,,,,,,,,,,12,,,,,B03,,,1,,1,,,12,,2,12,,B03,120.692359,24.247251,3
2022,12,22,12,5,臺中市,豐原區,0,0,0,8,,,50,,,,,,,,,,,,,,,23,,,,,B02,,,1,,2,,,23,23,1,21,,B02,120.725053,24.260409,3
2022,12,22,12,7,臺中市,南屯區,0,0,0,8,,,50,,,,,,,,,,,,,,,23,,,,,B03,,,1,,2,,,23,,1,22,,B03,120.620919,24.151673,3
2022,12,22,12,10,臺中市,北屯區,0,0,0,8,,,50,,,,,,,,,,,,,,,16,,,,,B03,,,1,,1,,,16,,1,21,,B03,120.67083,24.20078,3
2022,12,22,12,13,臺中市,北區,0,1,0,8,1,5,50,4,1,1,5,4,5,7,4,4,5,4,5,2,16,6,2,9,1,1,C03,7,9,4,11,2,11,,6,6,1,22,8,C03,120.674744,24.148055,2
2022,12,22,12,16,臺中市,大里區,0,0,0,8,,,50,,,,,,,,,,,,,,,23,,,,,B03,,,1,,2,,,23,,1,22,,B03,120.689398,24.106456,3
2022,12,22,12,19,臺中市,中區,0,2,0,8,1,5,50,4,1,1,5,4,5,7,2,1,10,5,5,2,13,23,2,9,1,1,C03,7,9,1,10,2,11,,23,23,1,22,8,C03,120.682423,24.135613,2
2022,12,22,12,23,臺中市,西區,0,1,0,8,1,5,50,4,1,1,5,4,5,7,4,4,10,5,5,2,15,6,3,10,1,1,C03,7,9,1,10,2,11,,6,6,1,19,9,C03,120.662369,24.157003,2
2022,12,22,12,23,臺中市,西屯區,0,1,0,8,1,5,1,4,1,1,5,4,5,7,1,1,10,5,5,2,16,25,3,10,2,1,F01,7,9,8,20,2,16,,25,25,1,22,8,F01,120.624472,24.178696,2
2022,12,22,12,24,臺中市,豐原區,0,1,0,8,1,5,50,14,9,1,5,4,5,7,4,4,4,4,5,1,12,7,2,9,1,1,C03,7,7,1,10,2,14,,7,7,1,22,8,C03,120.724378,24.227556,2
2022,12,22,12,25,臺中市,清水區,0,0,0,8,1,5,40,14,8,1,5,4,5,7,4,4,1,4,3,1,17,43,,,,,C03,,,6,,1,,,43,43,1,5,,C03,120.557915,24.273691,3
2022,12,22,12,26,臺中市,龍井區,0,1,0,8,1,5,30,4,1,1,5,4,5,7,4,4,10,5,5,1,18,23,2,9,1,1,C04,7,9,1,10,2,14,,23,23,1,12,8,C04,120.50298,24.216749,2
2022,12,22,12,32,臺中市,太平區,0,1,0,8,1,5,30,4,1,1,5,4,5,7,4,4,10,5,5,2,15,6,2,9,1,1,C03,7,9,4,8,2,11,,6,6,1,4,5,C03,120.711624,24.157521,2
2022,12,22,12,34,臺中市,西屯區,0,1,0,8,1,5,50,14,9,1,5,4,5,7,4,4,9,4,5,2,16,10,3,10,1,1,B12,7,11,1,8,2,4,,10,10,1,21,8,B12,120.611613,24.191651,2
2022,12,22,12,36,臺中市,豐原區,0,1,0,8,1,5,50,3,1,1,5,4,5,7,4,4,5,5,5,2,12,3,2,9,1,1,C03,7,9,4,8,2,14,,3,3,1,20,8,C03,120.744606,24.255613,2
2022,12,22,12,38,臺中市,南區,0,0,0,8,,,40,,,,,,,,,,,,,,,19,,,,,B03,,,1,,2,,,19,,1,22,,B03,120.679053,24.131826,3
2022,12,22,12,41,臺中市,西屯區,0,2,0,8,1,5,50,4,1,1,5,4,5,7,1,1,4,3,5,2,16,6,2,9,1,1,C03,7,9,1,10,2,11,,44,6,1,22,8,C03,120.645069,24.181945,2
2022,12,22,12,50,臺中市,西區,0,1,0,8,1,5,50,14,9,1,5,4,5,7,4,4,5,4,5,2,16,19,3,10,1,1,C03,7,1,1,10,2,13,,19,19,1,4,5,C03,120.654508,24.153575,2
2022,12,22,12,50,臺中市,豐原區,0,0,0,8,,,50,,,,,,,,,,,,,,,17,,,,,B02,,,1,,2,,,17,17,1,22,,B02,120.724424,24.24278,3
2022,12,22,12,53,臺中市,北區,0,0,0,8,,,50,,,,,,,,,,,,,,,23,,,,,B03,,,1,,2,,,23,,1,22,,B03,120.680861,24.149388,3
2022,12,22,13,0,臺中市,北屯區,0,1,0,8,1,5,50,14,9,1,5,4,5,7,4,4,5,4,5,2,17,42,2,9,1,1,C03,7,9,1,10,2,14,,42,42,1,5,8,C03,120.718606,24.186775,2
2022,12,22,13,0,臺中市,西屯區,0,1,0,8,1,5,50,4,1,1,5,4,5,7,1,1,10,5,5,2,3,15,3,10,1,1,B03,7,5,1,8,1,4,,15,15,1,22,8,B03,120.649449,24.158266,2
2022,12,22,13,6,臺中市,太平區,0,0,0,8,,,50,,,,,,,,,,,,,,,12,,,,,B03,,,1,,1,,,12,,1,22,,B03,120.723978,24.134082,3
2022,12,22,13,8,臺中市,太平區,0,1,0,8,1,5,50,4,2,1,5,4,5,7,4,4,5,5,5,2,17,19,2,8,3,4,C03,7,1,1,10,2,14,,19,19,1,18,8,C03,120.711562,24.153683,2
2022,12,22,13,10,臺中市,南區,0,1,0,8,1,5,50,14,9,1,5,4,3,5,4,4,10,5,5,2,17,19,2,9,1,1,C03,7,1,1,10,1,12,,19,19,1,22,8,C03,120.667411,24.125719,2
2022,12,22,13,13,臺中市,太平區,0,0,0,8,,,40,,,,,,,,,,,,,,,19,,,,,B03,,,1,,2,,,19,,1,22,,B03,120.712727,24.158112,3
2022,12,22,13,14,臺中市,西屯區,0,0,0,8,,,50,,,,,,,,,,,,,,,23,,,,,A11,,,1,,1,,,23,,1,22,,A11,120.615531,24.174993,3
2022,12,22,13,15,臺中市,東勢區,0,1,0,8,1,5,50,14,9,1,5,4,5,7,4,4,5,4,5,1,16,26,2,9,1,1,C03,7,9,1,10,2,12,,26,26,1,22,9,C03,120.831346,24.25698,2
2022,12,22,13,16,臺中市,北屯區,0,1,0,8,1,5,50,4,1,1,5,4,5,7,1,1,10,5,5,2,3,23,3,10,1,1,B03,7,5,1,8,2,8,,23,23,1,22,8,B03,120.693245,24.183019,2
2022,12,22,13,26,臺中市,西屯區,0,1,0,8,1,5,50,4,1,1,5,4,5,7,2,1,10,5,5,2,16,6,3,10,1,1,B11,7,5,1,8,2,6,,6,6,1,21,8,B11,120.660621,24.172561,2
2022,12,22,13,27,臺中市,南屯區,0,0,0,8,,,50,,,,,,,,,,,,,,,23,,,,,B03,,,1,,2,,,23,,1,22,,B03,120.636855,24.151452,3
2022,12,22,13,33,臺中市,清水區,0,0,0,8,,,70,,,,,,,,,,,,,,,16,,,,,A41,,,1,,1,,,16,,1,21,,A41,120.552289,24.293688,3
2022,12,22,13,36,臺中市,南屯區,0,0,0,8,,,50,,,,,,,,,,,,,,,16,,,,,C03,,,1,,1,,,16,,1,4,,C03,120.638358,24.147176,3
2022,12,22,13,37,臺中市,南區,0,2,0,8,1,5,50,4,1,1,5,4,5,7,1,1,10,5,5,2,13,23,2,9,1,1,C03,7,9,1,10,2,11,,23,23,1,22,9,C03,120.67922,24.126795,2
2022,12,22,13,40,臺中市,南區,0,0,0,8,,,50,,,,,,,,,,,,,,,23,,,,,B12,,,1,,2,,,23,,1,22,,B12,120.662268,24.12096,3
2022,12,22,13,47,臺中市,梧棲區,0,0,0,,,,30,,,,,,,,,,,,,,,23,,,,,A12,,,1,,1,,,23,,1,10,,A12,120.522327,24.239135,3
2022,12,22,13,50,臺中市,大雅區,0,0,0,8,,,30,,,,,,,,,,,,,,,23,,,,,B11,,,1,,2,,,23,,1,22,,B11,120.637417,24.222034,3
2022,12,22,13,50,臺中市,北屯區,0,0,0,8,,,50,,,,,,,,,,,,,,,16,,,,,B12,,,1,,1,,,16,,1,5,,B12,120.685451,24.173453,3
2022,12,22,13,52,臺中市,霧峰區,0,1,0,8,1,5,50,5,1,1,5,4,5,7,1,1,10,5,5,2,16,25,2,9,1,1,C03,7,5,1,10,2,12,,25,25,1,18,8,C03,120.702958,24.070521,2
2022,12,22,13,54,臺中市,西屯區,0,0,0,8,,,50,,,,,,,,,,,,,,,23,,,,,B03,,,6,,2,,,23,23,1,22,,B03,120.652238,24.206416,3
2022,12,22,14,0,臺中市,龍井區,0,0,0,8,,,30,,,,,,,,,,,,,,,42,,,,,,,,,,,,,42,,1,,,,120.58758,24.180613,3
2022,12,22,14,0,臺中市,沙鹿區,0,0,0,8,,,60,,,,,,,,,,,,,,,42,,,,,A12,,,1,,1,,,42,,1,10,,A12,120.615128,24.244076,3
2022,12,22,14,10,臺中市,北屯區,0,1,0,8,1,5,50,14,9,1,5,4,5,7,4,4,10,5,5,2,14,12,3,10,1,1,B12,7,2,1,8,2,3,,12,12,1,22,8,B12,120.66407,24.199088,2
2022,12,22,14,14,臺中市,太平區,0,2,0,8,1,5,50,3,1,1,5,4,5,7,1,1,10,5,5,2,16,25,2,8,1,1,C03,7,9,1,10,2,11,,25,25,1,22,5,C03,120.733638,24.155481,2
2022,12,22,14,15,臺中市,北屯區,0,0,0,8,,,50,,,,,,,,,,,,,,,6,,,,,B03,,,1,,1,,,6,6,1,22,,B03,120.663979,24.200782,3
2022,12,22,14,15,臺中市,西屯區,0,0,0,8,,,50,,,,,,,,,,,,,,,6,,,,,B03,,,1,,1,,,6,,1,22,,B03,120.642925,24.187249,3
2022,12,22,14,18,臺中市,南屯區,0,2,0,8,1,5,50,4,1,1,5,4,5,7,1,1,5,5,5,2,16,6,2,8,1,1,C03,7,5,1,9,2,11,,6,6,1,22,8,C03,120.648711,24.147736,2
2022,12,22,14,18,臺中市,龍井區,0,0,0,8,,,50,,,,,,,,,,,,,,,17,,,,,B02,,,1,,2,,,17,,1,22,,B02,120.590856,24.181308,3
2022,12,22,14,18,臺中市,清水區,0,2,0,8,1,5,30,4,1,1,5,4,5,7,4,4,10,5,5,2,16,6,2,9,1,1,C03,7,9,1,10,2,12,,6,6,1,21,8,C03,120.577227,24.269689,2
2022,12,22,14,22,臺中市,西屯區,0,1,0,8,1,5,50,14,9,1,5,4,5,7,4,4,1,4,5,2,18,42,2,8,1,1,C03,7,9,1,10,2,12,,42,42,1,5,1,C03,120.631229,24.170826,2
2022,12,22,14,23,臺中市,大里區,0,0,0,8,,,80,,,,,,,,,,,,,,,37,,,,,B03,,,1,,2,,,44,67,1,22,,B03,120.690704,24.098029,3
2022,12,22,14,27,臺中市,西屯區,0,0,0,8,,,50,,,,,,,,,,,,,,,44,,,,,B03,,,1,,10,,,44,,1,22,,B03,120.653276,24.157326,3
2022,12,22,14,28,臺中市,北屯區,0,2,0,8,1,5,50,3,1,1,5,4,5,7,4,4,10,5,5,2,16,6,3,10,1,1,B12,7,5,1,8,2,1,,6,6,1,2,8,B12,120.69224,24.165856,2
2022,12,22,14,30,臺中市,南屯區,0,0,0,,,,50,,,,,,,,,,,,,,,23,,,,,B03,,,1,,2,,,23,,1,22,,B03,120.607772,24.127267,3
2022,12,22,14,30,臺中市,梧棲區,0,2,0,8,1,5,50,4,1,1,5,4,5,7,1,1,10,5,5,2,16,25,2,8,1,1,C03,7,5,1,10,2,11,,25,25,1,18,8,C03,120.542297,24.2411,2
2022,12,22,14,32,臺中市,南屯區,0,1,0,8,1,5,50,4,1,1,5,4,5,7,2,1,5,4,5,2,16,8,3,10,1,1,B03,7,5,1,8,2,5,,8,8,1,5,8,B03,120.653005,24.135752,2
2022,12,22,14,32,臺中市,北屯區,0,0,0,8,,,50,,,,,,,,,,,,,,,23,,,,,B03,,,1,,1,,,23,,1,22,,B03,120.670951,24.199415,3
2022,12,22,14,33,臺中市,大雅區,0,0,0,8,,,50,,,,,,,,,,,,,,,23,,,,,B03,,,1,,2,,,23,,1,22,,B03,120.65424,24.221174,3
2022,12,22,14,40,臺中市,太平區,0,0,0,8,,,40,,,,,,,,,,,,,,,16,,,,,B03,,,1,,2,,,16,,1,9,,B03,120.715332,24.151847,3
2022,12,22,14,42,臺中市,潭子區,0,0,0,8,,,60,,,,,,,,,,,,,,,23,,,,,B12,,,1,,2,,,23,,1,21,,B12,120.708025,24.227195,3
2022,12,22,14,53,臺中市,霧峰區,0,0,0,8,,,30,,,,,,,,,,,,,,,23,,,,,B02,,,1,,2,,,23,23,1,12,,B02,120.667856,24.077468,3
2022,12,22,14,54,臺中市,南屯區,0,0,0,8,,,50,,,,,,,,,,,,,,,23,,,,,B03,,,1,,1,,,23,,1,22,,B03,120.645836,24.14683,3
2022,12,22,14,58,臺中市,北屯區,0,0,0,8,,,50,,,,,,,,,,,,,,,16,,,,,B12,,,1,,1,,,16,,1,4,,B12,120.668686,24.173571,3
2022,12,22,15,3,臺中市,西區,0,0,0,8,,,50,,,,,,,,,,,,,,,23,,,,,A11,,,1,,1,,,23,,1,4,,A11,120.65673,24.136575,3
2022,12,22,15,3,臺中市,大里區,0,0,0,8,1,5,50,14,9,1,5,4,5,7,4,4,9,5,5,2,29,44,,,,,B03,,,1,,9,,,44,,1,22,,B03,120.691049,24.089771,3
2022,12,22,15,5,臺中市,西屯區,0,1,0,8,1,5,50,14,7,1,5,4,5,7,4,4,5,4,4,2,13,23,2,9,1,1,C02,7,9,1,9,2,11,,23,23,1,22,8,C02,120.619955,24.170335,2
2022,12,22,15,9,臺中市,南區,0,0,0,8,,,1,,,,,,,,,,,,,,,19,,,,,B03,,,1,8,2,,,19,19,1,21,,B03,120.673439,24.129606,3
2022,12,22,15,10,臺中市,西區,0,0,0,8,,,50,,,,,,,,,,,,,,,12,,,,,B03,,,1,,1,,,12,,1,21,,B03,120.656323,24.136824,3
2022,12,22,15,10,臺中市,大里區,0,2,0,8,1,5,50,4,1,1,5,4,5,7,1,1,10,5,5,2,16,19,2,9,1,1,B03,7,5,1,8,2,1,,23,19,1,22,8,B03,120.69577,24.087915,2
2022,12,22,15,19,臺中市,南屯區,0,1,0,8,1,5,50,4,1,1,5,4,5,7,1,1,5,5,5,2,16,6,3,10,1,1,B03,7,6,1,8,2,8,,6,6,1,22,8,B03,120.637309,24.130189,2
2022,12,22,15,20,臺中市,大里區,0,0,0,8,,,50,,,,,,,,,,,,,,,19,,,,,B03,,,1,,2,,,19,,1,5,,B03,120.689748,24.106443,3
2022,12,22,15,24,臺中市,西屯區,0,2,0,8,1,5,30,3,9,1,5,4,5,7,3,1,10,5,5,2,13,6,2,9,1,1,C03,7,5,1,10,2,13,,6,6,1,22,8,C03,120.65382,24.178147,2
2022,12,22,15,25,臺中市,豐原區,0,0,0,8,,,50,,,,,,,,,,,,,,,7,,,,,B12,,,1,,2,,,7,,1,22,,B12,120.750433,24.269326,3
2022,12,22,15,27,臺中市,南屯區,0,0,0,8,,,50,,,,,,,,,,,,,,,16,,,,,B12,,,1,,1,,,16,,1,4,,B12,120.646808,24.148836,3
2022,12,22,15,28,臺中市,豐原區,0,1,0,8,1,5,30,3,1,1,5,4,5,7,4,4,10,5,5,2,16,6,3,10,3,4,B12,7,6,1,8,2,8,,6,6,1,9,8,B12,120.71847,24.232358,2
2022,12,22,15,29,臺中市,東區,0,1,0,8,1,5,50,4,1,1,5,4,5,7,4,4,10,5,5,2,16,6,2,9,1,1,C03,7,9,1,10,2,11,,6,6,1,22,8,C03,120.706741,24.141083,2
2022,12,22,15,30,臺中市,北屯區,0,0,0,8,,,50,,,,,,,,,,,,,,,19,,,,,B03,,,1,,1,,,19,19,1,21,,B03,120.719376,24.174325,3
2022,12,22,15,30,臺中市,豐原區,0,0,0,8,,,30,,,,,,,,,,,,,,,17,,,,,A12,,,1,,2,,,17,17,1,21,,A12,120.723052,24.223944,3
2022,12,22,15,40,臺中市,大雅區,0,1,0,8,1,5,50,3,2,1,5,4,5,7,4,4,9,5,5,1,17,23,2,9,1,1,C03,7,9,1,10,2,11,,23,23,1,21,8,C03,120.671557,24.228146,2
2022,12,22,15,44,臺中市,南區,0,1,0,8,1,5,40,3,2,1,5,4,5,7,2,1,3,4,4,2,16,10,2,7,3,4,C03,7,11,1,10,2,13,,10,10,1,5,8,C03,120.651091,24.120383,2
2022,12,22,15,48,臺中市,東區,0,0,0,8,,,50,,,,,,,,,,,,,,,23,,,,,B12,,,1,,1,,,23,23,1,22,,B12,120.697147,24.138874,3
2022,12,22,15,50,臺中市,西區,0,1,0,8,1,5,50,14,9,1,5,4,5,7,4,4,5,4,5,2,13,23,2,9,1,1,C03,7,9,1,10,2,11,,23,23,1,5,8,C03,120.662047,24.154463,2
2022,12,22,15,50,臺中市,南區,0,1,0,8,1,5,50,14,9,1,5,4,5,7,4,4,1,4,5,2,16,19,3,10,1,1,B03,7,1,1,8,2,4,,19,19,1,21,8,B03,120.678555,24.127616,2
2022,12,22,15,58,臺中市,霧峰區,0,0,0,8,,,60,,,,,,,,,,,,,,,16,,,,,A41,,,1,,2,,,16,,1,4,,A41,120.695872,24.011972,3
2022,12,22,16,3,臺中市,后里區,0,0,0,8,,,40,,,,,,,,,,,,,,,12,,,,,B03,,,1,,2,,,12,,1,22,,B03,120.71266,24.305364,3
2022,12,22,16,7,臺中市,北屯區,0,0,0,6,,,50,,,,,,,,,,,,,,,12,,,,,B03,,2,1,8,1,3,,12,12,1,21,8,B03,120.695535,24.177582,3
2022,12,22,16,17,臺中市,烏日區,0,0,0,8,1,5,30,14,9,1,5,4,5,7,4,4,10,5,5,2,11,17,,,,,B03,,,1,,2,,,17,,1,22,,B03,120.62251,24.106615,3
2022,12,22,16,20,臺中市,龍井區,0,2,0,8,1,5,50,14,9,1,5,4,5,7,4,4,9,4,5,1,13,23,2,7,1,1,C03,7,9,1,10,2,11,,23,23,1,22,8,C03,120.581493,24.185441,2
2022,12,22,16,20,臺中市,清水區,0,2,0,8,1,5,50,4,1,1,5,4,5,7,1,1,10,5,5,2,16,25,2,9,1,1,C03,7,9,1,10,2,14,,25,25,1,21,8,C03,120.564102,24.277218,2
2022,12,22,16,21,臺中市,太平區,0,0,0,,,,80,,,,,,,,,,,,,,,23,,,,,B03,,,1,,1,,,23,,1,18,,B03,120.716079,24.152648,3
2022,12,22,16,30,臺中市,潭子區,0,0,0,8,,,50,,,,,,,,,,,,,,,23,,,,,B12,,,1,,2,,,23,,1,21,,B12,120.688504,24.218111,3
2022,12,22,16,30,臺中市,西區,0,1,0,8,1,5,50,14,8,1,5,4,5,7,4,4,10,4,4,2,17,19,3,10,1,1,B02,7,1,1,8,2,15,,19,19,1,22,9,B02,120.657466,24.135754,2
2022,12,22,16,34,臺中市,北屯區,0,2,0,8,2,5,50,5,1,1,5,4,5,7,2,1,10,5,5,2,13,23,2,9,1,1,C03,7,9,1,10,2,11,14,23,23,1,5,8,C03,120.671631,24.189183,2
2022,12,22,16,34,臺中市,西屯區,0,0,0,8,,,30,,,,,,,,,,,,,,,23,,,,,C03,,,1,,1,,,23,,1,22,,C03,120.638855,24.159158,3