年,月,日,時,分,縣市,區,死,受傷,2-30,天候,光線,道路類別,速限,道路型態,事故位置,路面鋪裝,路面狀態,路面缺陷,障礙物,視距,號誌種類,號誌動作,分向設施,快車道或一般車道間,快慢車道間,路面邊線,事故類型及型態,主要肇因,受傷程度,主要傷處,保護裝備,行動電話,當事者區分,車輛用途,當事者行動狀態,駕駛資格情形,駕駛執照種類,飲酒情形,車輛撞擊部位最初,車輛撞擊部位其他,肇事因素個別,肇事因素主要,肇事逃逸,職業,旅次目的,車種,GPS緯度,GPS經度,事故類別
2022,12,22,16,38,臺中市,南區,0,0,0,8,,,50,,,,,,,,,,,,,,,16,,,,,B12,,,1,6,2,,,16,16,1,21,,B12,120.660281,24.12426,3
2022,12,22,16,40,臺中市,沙鹿區,0,0,0,8,,,70,,,,,,,,,,,,,,,17,,,,,D02,,,1,,1,,,17,,1,21,,D02,120.60587,24.247424,3
2022,12,22,16,45,臺中市,西屯區,0,1,0,8,1,5,50,14,9,1,5,4,5,7,1,1,1,4,5,2,16,44,3,10,1,1,C03,7,5,1,10,2,14,,44,44,1,22,8,C03,120.666097,24.178031,2
2022,12,22,16,49,臺中市,烏日區,0,0,0,,,,50,,,,,,,,,,,,,,,19,,,,,B03,,,1,,2,,,19,,1,22,,B03,120.62496,24.102186,3
2022,12,22,16,50,臺中市,北屯區,0,0,0,8,,,50,,,,,,,,,,,,,,,6,,,,,C03,,,1,,2,,,44,6,1,21,,C03,120.69432,24.171916,3
2022,12,22,16,54,臺中市,南區,0,1,0,8,1,5,50,3,1,1,5,4,5,7,4,4,10,5,5,2,16,42,2,9,1,1,C03,7,9,1,10,2,14,,42,42,1,22,8,C03,120.66706,24.128662,2
2022,12,22,16,57,臺中市,清水區,0,2,0,8,1,5,50,3,1,1,5,4,5,7,4,4,10,5,5,2,16,23,2,9,1,1,C03,7,9,1,10,2,11,,23,23,1,5,5,C03,120.577909,24.267838,2
2022,12,22,16,58,臺中市,西區,0,0,0,8,,,50,,,,,,,,,,,,,,,6,,,,,B03,,,1,,2,,,6,,1,2,,B03,120.673063,24.134209,3
2022,12,22,17,0,臺中市,大肚區,0,1,0,8,1,5,30,4,1,1,5,4,5,7,4,4,10,5,5,2,15,6,2,8,1,1,C03,7,9,1,10,2,11,,6,6,1,22,8,C03,120.581025,24.173593,2
2022,12,22,17,0,臺中市,豐原區,0,1,0,8,3,5,30,4,1,1,4,4,5,7,4,4,10,5,5,2,18,42,2,9,1,1,C03,7,9,1,10,2,14,,42,42,1,21,8,C03,120.71161,24.243316,2
2022,12,22,17,2,臺中市,西區,0,0,0,8,,,50,,,,,,,,,,,,,,,23,,,,,B03,,,1,,1,,,23,,1,4,,B03,120.665531,24.139269,3
2022,12,22,17,5,臺中市,太平區,0,0,0,8,,,30,,,,,,,,,,,,,,,43,,,,,C03,,,1,,1,,,43,,1,21,,C03,120.720789,24.149751,3
2022,12,22,17,9,臺中市,大里區,0,0,0,8,,,60,,,,,,,,,,,,,,,23,,,,,B03,,,1,,2,,,23,,1,5,,B03,120.680841,24.104611,3
2022,12,22,17,10,臺中市,南區,0,1,0,8,1,5,40,14,8,1,5,4,5,7,4,4,3,4,4,2,17,23,2,9,3,4,C03,7,9,1,10,11,11,,23,23,1,5,8,C03,120.66611,24.127111,2
2022,12,22,17,10,臺中市,南屯區,0,0,0,8,,,50,,,,,,,,,,,,,,,7,,,,,B03,,,1,,1,,,7,7,1,4,,B03,120.636123,24.12184,3
2022,12,22,17,11,臺中市,西屯區,0,1,0,8,1,5,50,14,9,1,5,4,5,7,4,4,5,4,5,1,17,19,3,10,1,1,B03,7,1,1,8,2,4,7,19,19,1,1,9,B03,120.621772,24.191424,2
2022,12,22,17,15,臺中市,烏日區,0,1,0,8,3,5,50,3,2,1,5,4,5,7,4,4,5,4,4,2,17,16,3,10,1,1,B03,7,9,1,8,2,5,,16,16,1,21,8,B03,120.641666,24.109997,2
2022,12,22,17,17,臺中市,中區,0,2,0,8,2,5,50,4,1,1,5,4,5,7,4,4,10,5,5,2,16,23,2,8,1,1,C03,7,9,1,10,2,12,,23,23,1,21,8,C03,120.67783,24.14253,2
2022,12,22,17,18,臺中市,潭子區,0,1,0,8,3,5,30,4,1,1,5,4,5,7,4,4,5,4,4,2,15,6,3,10,1,1,B03,7,9,1,8,2,5,,6,6,1,22,9,B03,120.701813,24.194401,2
2022,12,22,17,18,臺中市,南屯區,0,0,0,8,3,5,40,14,8,1,5,4,5,7,4,4,3,4,4,2,17,7,3,10,1,1,C03,7,9,5,10,6,11,,7,7,1,22,8,C03,120.636674,24.151513,3
2022,12,22,17,18,臺中市,大里區,0,0,0,8,1,5,50,14,7,1,5,4,5,7,1,1,1,4,4,2,16,25,,,,,B03,,,1,,2,,,25,,1,22,,B03,120.69613,24.087247,3
2022,12,22,17,18,臺中市,大里區,0,1,0,8,3,5,30,3,1,1,5,4,5,7,4,4,10,5,5,2,16,6,3,10,1,1,A12,7,5,1,2,2,1,,6,6,1,22,8,A12,120.690975,24.091374,2
2022,12,22,17,20,臺中市,潭子區,0,2,0,8,3,5,60,4,1,1,5,4,5,7,4,4,10,5,5,2,16,11,2,9,1,1,C03,7,11,1,10,2,13,,11,11,1,22,8,C03,120.686969,24.212597,2
2022,12,22,17,20,臺中市,沙鹿區,0,1,0,7,2,5,50,4,7,1,5,4,5,7,1,1,5,4,4,2,17,42,2,9,1,1,C03,7,6,1,10,2,15,,42,42,1,18,9,C03,120.562456,24.233421,2
2022,12,22,17,22,臺中市,大甲區,0,1,0,8,1,5,50,14,13,1,5,4,5,7,4,4,9,5,5,1,18,23,2,1,1,1,F02,7,9,8,20,2,16,,23,23,1,22,9,F02,120.616685,24.341243,2
2022,12,22,17,23,臺中市,大雅區,0,1,0,8,3,5,50,14,9,1,5,4,5,7,4,4,9,5,5,2,17,6,3,10,1,1,B03,7,5,1,8,2,1,,6,6,1,21,8,B03,120.647447,24.21475,2
2022,12,22,17,23,臺中市,北屯區,0,1,0,8,3,5,50,14,9,1,5,4,5,7,4,4,1,4,5,2,17,26,2,9,1,1,F01,7,9,8,20,2,16,,26,26,1,21,8,F01,120.68565,24.172563,2
2022,12,22,17,23,臺中市,西屯區,0,1,0,8,3,5,50,4,1,1,5,4,5,7,1,1,10,5,5,2,17,6,3,10,3,4,B03,7,5,3,18,4,2,,6,6,1,22,9,B03,120.648083,24.195445,2
2022,12,22,17,25,臺中市,潭子區,0,2,0,8,2,5,50,3,1,1,5,4,5,7,3,1,10,5,5,2,17,6,2,9,1,1,C03,7,2,1,10,2,14,,6,6,1,22,8,C03,120.68182,24.216115,2
2022,12,22,17,25,臺中市,石岡區,0,0,0,8,,,50,,,,,,,,,,,,,,,23,,,,,B12,,,1,,2,,,23,,1,22,,B12,120.816355,24.259801,3
2022,12,22,17,26,臺中市,龍井區,0,2,0,8,1,5,50,14,9,1,5,4,5,7,4,4,9,5,4,1,2,23,2,9,1,1,C03,7,9,1,10,2,11,,23,23,1,12,8,C03,120.535126,24.177143,2
2022,12,22,17,26,臺中市,烏日區,0,0,0,8,3,5,50,5,1,1,5,4,5,7,1,1,9,4,4,1,13,16,,,,,B03,,,1,,2,,,16,,1,22,,B03,120.634099,24.108047,3
2022,12,22,17,27,臺中市,沙鹿區,0,1,0,8,1,5,40,4,1,1,5,4,5,7,2,1,10,5,5,2,13,16,3,10,3,3,B03,7,9,1,8,3,1,,16,16,1,9,1,B03,120.5975,24.249722,2
2022,12,22,17,27,臺中市,梧棲區,0,0,0,8,,,50,,,,,,,,,,,,,,,19,,,,,B01,,,1,,1,,,19,,1,10,,B01,120.53217,24.258443,3
2022,12,22,17,29,臺中市,東區,0,0,0,8,,,50,,,,,,,,,,,,,,,23,,,,,B12,,,1,,2,,,23,,1,22,,B12,120.697756,24.142823,3
2022,12,22,17,29,臺中市,大肚區,0,0,0,8,,,50,,,,,,,,,,,,,,,8,,,,,C03,,,1,,2,,,8,,1,4,,C03,120.545393,24.150946,3
2022,12,22,17,30,臺中市,北屯區,0,0,0,8,,,50,,,,,,,,,,,,,,,23,,,,,B03,,,1,,1,,,23,,1,21,,B03,120.718746,24.160976,3
2022,12,22,17,30,臺中市,沙鹿區,0,0,0,8,,,50,,,,,,,,,,,,,,,23,,,,,B03,,,1,,2,,,23,,1,22,,B03,120.598111,24.251541,3
2022,12,22,17,35,臺中市,北屯區,0,0,0,6,,,50,,,,,,,,,,,,,,,16,,,,,B12,,9,1,8,1,1,,16,16,1,21,8,B12,120.69756,24.170072,3
2022,12,22,17,35,臺中市,烏日區,0,0,0,8,2,5,50,14,9,1,5,4,5,7,4,4,1,4,5,1,16,23,,,,,B03,,,1,,2,,,44,23,1,22,,B03,120.634584,24.106848,3
2022,12,22,17,35,臺中市,大肚區,0,2,0,8,2,5,50,4,1,1,5,4,5,7,1,1,10,5,5,2,16,6,3,10,1,1,B03,7,5,1,8,2,5,,6,6,1,4,8,B03,120.561241,24.12534,2
2022,12,22,17,36,臺中市,東區,0,1,0,8,2,5,50,4,2,1,5,4,5,7,1,1,10,5,5,2,12,23,2,8,1,1,C03,7,9,1,10,2,14,,23,23,1,21,8,C03,120.697664,24.144703,2
2022,12,22,17,37,臺中市,霧峰區,0,0,0,8,3,5,40,4,1,1,5,4,5,7,4,4,5,4,4,2,17,67,,,,,,,,,,,,,67,,1,,,,120.683,24.065358,3
2022,12,22,17,38,臺中市,龍井區,0,0,0,8,,,30,,,,,,,,,,,,,,,17,,,,,B03,,,1,,2,,,17,,1,21,,B03,120.58752,24.178703,3
2022,12,22,17,39,臺中市,梧棲區,0,1,0,8,3,5,30,3,1,1,5,4,5,7,4,4,10,5,5,2,16,6,3,10,1,1,B12,7,5,1,8,2,4,,6,6,1,20,1,B12,120.525691,24.230424,2
2022,12,22,17,39,臺中市,豐原區,0,2,0,8,3,5,50,3,1,1,5,4,5,7,4,4,5,5,5,2,11,6,2,9,1,1,C03,7,5,1,10,2,14,,6,6,1,21,1,C03,120.612,24.254364,2
2022,12,22,17,40,臺中市,神岡區,0,1,0,8,1,5,50,14,8,1,5,4,5,7,4,4,5,4,4,1,17,6,3,10,1,1,B03,7,6,1,8,2,2,,6,6,1,12,8,B03,120.674637,24.251928,2
2022,12,22,17,42,臺中市,潭子區,0,2,0,8,3,5,50,14,9,1,5,4,5,7,4,4,5,5,5,1,16,26,2,9,1,1,C03,7,11,1,10,2,12,,26,26,1,22,8,C03,120.673741,24.208132,2
2022,12,22,17,42,臺中市,東區,0,0,0,8,,,40,,,,,,,,,,,,,,,6,,,,,C03,,,1,10,2,,,6,6,1,5,,C03,120.651633,24.112626,3
2022,12,22,17,46,臺中市,大甲區,0,0,0,,,,50,,,,,,,,,,,,,,,23,,,,,B03,,,1,,1,,,23,23,1,22,,B03,120.633737,24.356622,3
2022,12,22,17,47,臺中市,東區,0,1,0,8,3,5,50,5,1,1,5,4,5,7,1,1,5,4,5,2,16,42,3,10,1,1,B03,7,6,1,8,2,8,,42,42,1,21,8,B03,120.694606,24.140412,2
2022,12,22,17,47,臺中市,霧峰區,0,0,0,8,2,8,30,14,9,1,5,4,5,7,4,4,10,5,5,2,20,42,,,,,B12,,,1,,2,,,42,,1,22,,B12,120.665012,24.064245,3
2022,12,22,17,48,臺中市,大雅區,0,0,0,8,,,50,,,,,,,,,,,,,,,7,,,,,B03,,,1,,2,,,7,,1,22,,B03,120.657439,24.220712,3
2022,12,22,17,48,臺中市,北屯區,0,0,0,8,,,50,,,,,,,,,,,,,,,19,,,,,B03,,,1,,1,,,19,,1,21,,B03,120.69913,24.182838,3
2022,12,22,17,48,臺中市,龍井區,0,2,0,8,3,5,30,3,1,1,5,4,5,7,4,4,10,5,5,2,16,23,2,8,1,1,C03,7,9,1,10,2,11,,23,23,1,21,1,C03,120.58752,24.178703,2
2022,12,22,17,49,臺中市,大雅區,0,0,0,8,,,50,,,,,,,,,,,,,,,19,,,,,B03,,,1,,1,,,19,19,1,21,,B03,120.64447,24.220971,3
2022,12,22,17,49,臺中市,東區,0,1,0,8,3,5,50,4,1,1,5,4,5,7,1,1,10,5,5,2,16,6,3,10,1,1,B03,7,6,3,18,2,5,,6,6,1,21,8,B03,120.701411,24.142563,2
2022,12,22,17,54,臺中市,西區,0,2,0,8,3,5,50,4,2,1,5,4,5,7,1,1,1,4,4,2,12,7,2,9,1,1,C03,7,7,1,10,1,14,,7,7,1,2,9,C03,120.666435,24.133766,2
2022,12,22,17,54,臺中市,北屯區,0,0,0,8,,,50,,,,,,,,,,,,,,,6,,,,,B03,,,1,,1,,,6,,1,5,,B03,120.671388,24.18959,3
2022,12,22,17,55,臺中市,南區,0,0,0,8,,,50,,,,,,,,,,,,,,,16,,,,,C03,,,1,10,2,,,16,16,1,21,,C03,120.670229,24.112183,3
2022,12,22,18,0,臺中市,豐原區,0,0,0,8,,,50,,,,,,,,,,,,,,,6,,,,,B03,,,1,,2,,,6,6,1,21,,B03,120.72787,24.254821,3
2022,12,22,18,4,臺中市,南屯區,0,0,0,8,,,50,,,,,,,,,,,,,,,23,,,,,C03,,,1,,1,,,23,,1,22,,C03,120.643922,24.136508,3
2022,12,22,18,5,臺中市,西屯區,0,2,0,8,1,5,40,3,1,1,5,4,5,7,4,4,10,4,5,2,16,14,2,9,1,1,C03,7,9,1,10,2,12,,14,14,1,5,8,C03,120.663675,24.166147,2
2022,12,22,18,9,臺中市,南屯區,0,0,0,8,,,50,,,,,,,,,,,,,,,2,,,,,B03,,,1,,2,,,2,,1,5,,B03,120.622284,24.150161,3
2022,12,22,18,9,臺中市,南屯區,0,0,0,,,,50,,,,,,,,,,,,,,,17,,,,,B03,,,1,,9,,,17,,1,22,,B03,120.646372,24.136191,3
2022,12,22,18,10,臺中市,南屯區,0,0,0,,,,50,,,,,,,,,,,,,,,16,,,,,C03,,,1,,1,,,16,,1,22,,C03,120.639742,24.14721,3
2022,12,22,18,10,臺中市,西屯區,0,1,0,8,1,5,50,4,2,1,5,4,5,7,1,1,10,5,5,2,11,6,3,10,1,1,B03,7,6,1,8,2,8,,6,6,1,22,8,B03,120.662138,24.165401,2
2022,12,22,18,10,臺中市,烏日區,0,0,0,8,,,30,,,,,,,,,,,,,,,10,,,,,C03,,,1,,2,,,10,,1,22,,C03,120.60675,24.11993,3
2022,12,22,18,11,臺中市,大里區,0,0,0,8,,,50,,,,,,,,,,,,,,,40,,,,,B03,,,1,,11,,,40,,1,5,,B03,120.688108,24.100675,3
2022,12,22,18,14,臺中市,龍井區,0,1,0,8,3,5,30,4,1,1,5,4,5,7,2,1,10,5,5,2,16,23,3,10,1,1,B12,7,5,1,8,2,5,,23,23,1,12,8,B12,120.545446,24.186218,2
2022,12,22,18,16,臺中市,南區,0,0,0,8,,,50,,,,,,,,,,,,,,,17,,,,,B03,,,1,,2,,,17,,1,22,,B03,120.653659,24.113755,3
2022,12,22,18,16,臺中市,大里區,0,0,0,8,,,50,,,,,,,,,,,,,,,2,,,,,B03,,,1,,2,,,2,,1,22,,B03,120.695773,24.096526,3
2022,12,22,18,18,臺中市,龍井區,0,2,0,8,3,8,30,14,9,1,5,4,5,7,4,4,10,5,5,2,9,23,2,9,1,1,C03,7,9,1,10,2,11,,23,23,1,22,8,C03,120.587803,24.183213,2
2022,12,22,18,19,臺中市,沙鹿區,0,1,0,8,3,5,50,4,1,1,5,4,5,7,1,1,10,5,5,2,17,42,2,9,1,1,C03,7,15,1,10,2,11,,42,42,1,8,7,C03,120.560277,24.24,2
2022,12,22,18,20,臺中市,龍井區,0,0,0,8,,,30,,,,,,,,,,,,,,,42,,,,,B11,,,1,,2,,,42,42,1,10,,B11,120.578718,24.183048,3
2022,12,22,18,20,臺中市,豐原區,0,0,0,8,,,60,,,,,,,,,,,,,,,16,,,,,B03,,,1,,2,,,16,,1,21,,B03,120.721773,24.236602,3
2022,12,22,18,24,臺中市,西區,0,0,0,8,,,50,,,,,,,,,,,,,,,23,,,,,B03,,,1,,1,,,23,,1,22,,B03,120.659455,24.15751,3
2022,12,22,18,25,臺中市,北區,0,0,0,8,,,50,,,,,,,,,,,,,,,7,,,,,B03,,,1,,2,,,7,,1,5,,B03,120.685574,24.153539,3
2022,12,22,18,26,臺中市,大雅區,0,1,0,8,3,5,50,3,1,1,5,4,5,7,1,1,9,4,5,1,17,19,3,10,1,1,B03,7,1,1,8,2,5,,19,19,1,22,9,B03,120.644474,24.229064,2
2022,12,22,18,28,臺中市,北屯區,0,0,0,8,,,50,,,,,,,,,,,,,,,26,,,,,B03,,,1,,1,,,26,,1,21,,B03,120.72486,24.166773,3
2022,12,22,18,30,臺中市,南區,0,0,0,8,,,50,,,,,,,,,,,,,,,23,,,,,B03,,,1,8,2,,,23,23,1,5,,B03,120.705218,24.130535,3
2022,12,22,18,32,臺中市,大雅區,0,1,0,8,3,5,50,14,9,1,5,4,5,7,4,4,5,5,5,1,13,23,2,8,1,1,C03,7,9,1,10,2,11,,23,23,1,21,8,C03,120.649299,24.226928,2
2022,12,22,18,33,臺中市,西區,0,2,0,8,3,5,50,4,1,1,5,4,5,7,1,1,10,5,5,2,15,23,3,10,1,1,B03,7,9,1,8,2,1,,23,23,1,21,8,B03,120.657261,24.139286,2
2022,12,22,18,33,臺中市,北屯區,0,0,0,6,,,50,,,,,,,,,,,,,,,42,,,,,B03,,9,1,8,1,1,,42,42,1,21,8,B03,120.719589,24.178232,3
2022,12,22,18,35,臺中市,西區,0,2,0,8,3,5,50,4,1,1,5,4,5,7,1,1,10,5,5,2,3,15,3,10,1,1,B03,7,5,1,8,2,1,,15,15,1,4,5,B03,120.673223,24.140927,2
2022,12,22,18,35,臺中市,霧峰區,0,2,0,8,3,5,50,5,18,1,5,4,5,7,4,4,5,4,4,2,3,15,2,9,1,1,C03,7,9,1,10,2,11,,15,15,1,22,9,C03,120.700504,24.069829,2
2022,12,22,18,39,臺中市,北屯區,0,2,0,8,2,5,50,5,1,1,5,4,5,7,1,1,10,5,5,2,16,6,2,1,1,1,C03,7,5,1,10,2,12,,6,6,1,21,8,C03,120.6804,24.1969,2
2022,12,22,18,40,臺中市,大雅區,0,2,0,8,3,5,30,14,9,1,5,4,5,7,4,4,10,5,5,2,17,19,2,8,1,1,C03,7,1,3,18,2,11,,19,19,1,22,9,C03,120.646487,24.226488,2
2022,12,22,18,41,臺中市,沙鹿區,0,2,0,7,3,5,50,4,2,1,5,4,5,7,3,1,10,5,5,2,17,8,2,9,1,1,C03,7,5,1,10,2,11,,8,8,1,22,9,C03,120.574027,24.215419,2
2022,12,22,18,45,臺中市,北屯區,0,0,0,8,,,70,,,,,,,,,,,,,,,23,,,,,B03,,,1,,2,,,23,,1,5,,B03,120.71861,24.163418,3
2022,12,22,18,45,臺中市,大甲區,0,0,0,,,,50,,,,,,,,,,,,,,,16,,,,,B03,,,1,,2,,,16,16,1,22,,B03,120.629511,24.345139,3
2022,12,22,18,51,臺中市,北屯區,0,0,0,8,,,50,,,,,,,,,,,,,,,16,,,,,B03,,,1,,1,,,16,,1,21,,B03,120.693073,24.182905,3
2022,12,22,18,53,臺中市,大里區,0,0,0,8,,,80,,,,,,,,,,,,,,,16,,,,,B03,,,1,,2,,,16,,1,22,,B03,120.690704,24.098029,3
2022,12,22,18,59,臺中市,烏日區,0,0,0,8,,,30,,,,,,,,,,,,,,,67,,,,,B03,,,1,,2,,,44,67,1,21,,B03,120.643044,24.111729,3
2022,12,22,19,1,臺中市,霧峰區,0,1,0,8,3,5,50,14,9,1,5,4,5,7,4,4,5,5,5,2,16,6,3,10,1,1,B03,7,11,1,8,2,8,,6,6,1,22,9,B03,120.700155,24.06483,2
2022,12,22,19,6,臺中市,南區,0,0,0,8,,,50,,,,,,,,,,,,,,,16,,,,,C03,,,1,,2,,,16,16,1,22,,C03,120.679264,24.120989,3
2022,12,22,19,8,臺中市,西屯區,0,3,0,8,3,5,40,4,1,1,5,4,5,7,2,1,10,5,5,2,16,25,3,10,1,1,B03,7,11,3,18,2,2,,25,25,1,22,8,B03,120.644251,24.194815,2
2022,12,22,19,9,臺中市,南區,0,1,0,8,2,5,50,4,1,1,5,4,5,7,4,4,10,5,5,2,16,6,2,8,1,1,C03,7,5,1,10,2,12,,6,6,1,21,8,C03,120.667317,24.114269,2
2022,12,22,19,9,臺中市,沙鹿區,0,0,0,8,,,50,,,,,,,,,,,,,,,23,,,,,B03,,,1,,2,,,23,,1,4,,B03,120.565,24.212222,3
2022,12,22,19,10,臺中市,梧棲區,0,2,0,8,3,5,50,3,1,1,5,4,5,7,4,4,10,5,5,2,13,16,2,9,1,1,C03,7,9,1,10,2,11,,16,16,1,5,8,C03,120.533293,24.251961,2
2022,12,22,19,15,臺中市,大雅區,0,0,0,8,,,50,,,,,,,,,,,,,,,23,,,,,B03,,,1,,2,,,23,,1,22,,B03,120.669002,24.214699,3
2022,12,22,19,18,臺中市,大甲區,0,2,0,7,3,5,50,14,9,1,5,4,5,7,4,4,5,5,5,1,3,51,2,9,4,1,H01,8,16,8,20,1,16,,51,51,1,20,8,H01,120.622727,24.342917,2
2022,12,22,19,21,臺中市,清水區,0,0,0,8,,,50,,,,,,,,,,,,,,,42,,,,,B12,,,1,,2,,,42,,1,21,,B12,120.575821,24.277689,3
2022,12,22,19,24,臺中市,大雅區,0,0,0,8,,,50,,,,,,,,,,,,,,,23,,,,,C03,,,1,,2,,,23,,1,21,,C03,120.629962,24.241187,3
2022,12,22,19,25,臺中市,北屯區,0,0,0,8,,,50,,,,,,,,,,,,,,,23,,,,,B12,,,1,,1,,,23,23,1,21,,B12,120.702055,24.182855,3
2022,12,22,19,26,臺中市,中區,0,1,0,8,3,5,50,3,9,1,5,4,5,7,2,1,3,2,5,2,17,42,2,9,1,1,F01,7,5,8,20,6,16,,42,42,1,20,8,F01,120.683279,24.136286,2
2022,12,22,19,27,臺中市,梧棲區,0,0,0,8,,,30,,,,,,,,,,,,,,,12,,,,,B03,,,1,,2,,,12,,1,9,,B03,120.523203,24.248691,3
2022,12,22,19,35,臺中市,東區,0,1,0,8,3,5,50,3,2,1,5,4,5,7,3,1,5,4,4,2,18,42,2,9,1,4,C03,7,9,1,10,2,14,,42,42,1,21,8,C03,120.692476,24.149541,2
2022,12,22,19,38,臺中市,西區,0,0,0,,,,50,,,,,,,,,,,,,,,7,,,,,B03,,,1,,9,,,7,,1,5,,B03,120.669414,24.138753,3
2022,12,22,19,40,臺中市,豐原區,0,2,0,8,3,5,50,14,9,1,5,4,5,7,4,4,8,3,4,1,16,26,2,9,1,1,C03,7,5,1,10,2,11,,26,26,1,22,5,C03,120.72436,24.231386,2
2022,12,22,19,49,臺中市,大雅區,0,1,0,8,3,5,30,4,1,1,5,4,5,7,4,4,10,5,5,2,17,6,3,10,1,1,B03,7,9,1,8,5,1,,6,6,1,22,9,B03,120.651156,24.245179,2
2022,12,22,19,54,臺中市,梧棲區,0,1,0,8,3,5,50,14,9,1,5,4,5,7,4,4,5,5,5,2,11,22,2,1,1,1,C03,7,9,1,10,2,11,,22,22,1,9,8,C03,120.52964,24.254695,2
2022,12,22,19,58,臺中市,南屯區,0,2,0,8,3,5,50,4,1,1,5,4,5,7,1,1,5,2,5,2,12,3,2,9,3,4,C03,7,5,1,10,2,11,,3,3,1,22,8,C03,120.653022,24.144766,2
2022,12,22,20,6,臺中市,西區,0,0,0,8,,,50,,,,,,,,,,,,,,,23,,,,,B03,,,1,,1,,,23,,1,4,,B03,120.666622,24.14107,4
2022,12,22,20,8,臺中市,大里區,0,2,0,8,3,5,50,14,7,1,5,4,5,7,4,4,1,4,4,1,12,7,2,9,1,1,C03,7,7,3,18,2,14,,7,7,1,22,8,C03,120.698712,24.0802,2
2022,12,22,20,17,臺中市,南屯區,0,0,0,8,,,50,,,,,,,,,,,,,,,12,,,,,B12,,,1,,1,,,12,,1,3,,B12,120.653115,24.136922,3
2022,12,22,20,26,臺中市,西屯區,0,2,0,8,3,5,50,14,7,1,5,4,5,7,4,4,5,5,4,2,17,42,2,9,3,4,C03,7,5,1,10,2,11,,42,42,1,22,9,C03,120.641832,24.177316,2
2022,12,22,20,30,臺中市,霧峰區,0,0,0,8,,,30,,,,,,,,,,,,,,,12,,,,,B12,,,1,,2,,,12,,1,22,,B12,120.67667,24.041438,3
2022,12,22,20,33,臺中市,北區,0,1,0,8,3,5,50,3,7,1,5,4,5,7,3,1,5,4,4,2,17,26,2,8,1,1,C03,7,5,1,10,2,14,,26,26,1,22,9,C03,120.67633,24.159146,2
2022,12,22,20,34,臺中市,西區,0,2,0,8,3,5,30,4,1,1,5,4,5,3,4,4,10,5,5,2,15,6,2,9,1,1,C03,7,9,2,18,2,12,,6,6,1,17,8,C03,120.656817,24.154677,2
2022,12,22,20,36,臺中市,霧峰區,0,1,0,8,3,5,50,14,9,1,5,4,5,7,4,4,5,5,5,2,16,26,3,10,1,1,C03,7,5,1,10,2,14,,26,26,1,22,9,C03,120.699962,24.064295,2
2022,12,22,20,40,臺中市,大里區,0,1,0,8,3,5,60,4,1,1,5,4,5,7,2,1,5,3,4,1,16,25,3,10,1,1,B03,7,5,1,8,2,1,,25,25,1,5,8,B03,120.686313,24.095546,2
2022,12,22,20,50,臺中市,北屯區,0,1,0,8,3,5,50,14,9,1,5,4,5,7,4,4,5,4,5,2,9,23,3,10,1,1,B03,7,9,1,8,2,2,,23,23,1,21,8,B03,120.740595,24.178186,2
2022,12,22,20,55,臺中市,神岡區,0,1,0,7,3,5,50,4,1,1,5,4,5,7,1,1,5,4,4,2,17,16,2,9,1,1,C03,7,9,1,10,2,11,,16,16,1,12,8,C03,120.695515,24.236436,2
2022,12,22,20,57,臺中市,南屯區,0,0,0,8,,,40,,,,,,,,,,,,,,,7,,,,,B03,,,1,,2,,,7,,1,20,,B03,120.618118,24.11986,3
2022,12,22,21,0,臺中市,豐原區,0,2,0,8,3,5,50,4,1,1,5,4,5,7,1,1,10,5,5,2,16,6,3,10,1,1,B03,7,5,1,8,2,1,,6,6,1,22,8,B03,120.722452,24.252084,2
2022,12,22,21,3,臺中市,北屯區,0,0,0,8,,,50,,,,,,,,,,,,,,,7,,,,,C03,,,1,,1,,,7,,1,21,,C03,120.69378,24.164368,3
2022,12,22,21,12,臺中市,北屯區,0,0,0,8,,,40,,,,,,,,,,,,,,,23,,,,,B03,,,1,,1,,,23,,1,5,,B03,120.676365,24.175403,3
2022,12,22,21,15,臺中市,南區,0,1,0,8,3,5,50,4,1,1,5,4,5,7,1,1,10,5,5,2,18,23,2,9,1,1,C03,7,6,1,10,2,12,,23,23,1,22,8,C03,120.650118,24.120638,2
2022,12,22,21,18,臺中市,南屯區,0,0,0,8,,,50,,,,,,,,,,,,,,,27,,,,,B03,,,1,8,2,,,27,27,1,23,,B03,120.638358,24.147176,3
2022,12,22,21,20,臺中市,龍井區,0,0,0,8,,,50,,,,,,,,,,,,,,,42,,,,,B03,,,1,,2,,,42,,1,22,,B03,120.579095,24.182981,3
2022,12,22,21,25,臺中市,豐原區,0,0,0,8,,,50,,,,,,,,,,,,,,,26,,,,,B03,,,1,,2,,,26,,1,22,,B03,120.713126,24.26099,3
2022,12,22,21,27,臺中市,北區,0,2,0,8,3,5,50,5,1,1,5,4,5,7,1,1,10,5,5,2,11,6,3,10,3,4,B03,7,5,1,8,2,6,,6,6,1,5,8,B03,120.678916,24.157257,2
2022,12,22,21,29,臺中市,東區,0,2,0,8,3,5,50,4,1,1,5,4,5,7,1,1,10,5,5,2,16,6,2,7,3,4,C03,7,5,1,10,2,14,,6,6,1,5,8,C03,120.701723,24.140083,2
2022,12,22,21,34,臺中市,北屯區,0,1,0,8,1,5,50,3,1,1,5,4,5,7,4,4,10,5,5,2,17,26,3,10,1,1,C03,7,5,1,10,2,12,,26,26,1,21,8,C03,120.738368,24.178296,2