年,月,日,時,分,縣市,區,死,受傷,2-30,天候,光線,道路類別,速限,道路型態,事故位置,路面鋪裝,路面狀態,路面缺陷,障礙物,視距,號誌種類,號誌動作,分向設施,快車道或一般車道間,快慢車道間,路面邊線,事故類型及型態,主要肇因,受傷程度,主要傷處,保護裝備,行動電話,當事者區分,車輛用途,當事者行動狀態,駕駛資格情形,駕駛執照種類,飲酒情形,車輛撞擊部位最初,車輛撞擊部位其他,肇事因素個別,肇事因素主要,肇事逃逸,職業,旅次目的,車種,GPS緯度,GPS經度,事故類別
2022,12,23,10,15,臺中市,潭子區,0,2,0,8,1,5,60,3,2,1,5,4,5,7,2,1,10,5,5,2,13,23,2,3,1,1,C03,7,9,1,10,2,11,13,23,23,1,22,8,C03,120.707632,24.225728,2
2022,12,23,10,20,臺中市,豐原區,0,0,0,,,,50,,,,,,,,,,,,,,,16,,,,,B12,,,1,,2,,,16,16,1,21,,B12,120.719515,24.258145,3
2022,12,23,10,24,臺中市,大甲區,0,0,0,8,,,50,,,,,,,,,,,,,,,6,,,,,B03,,,1,,1,,,6,,1,4,,B03,120.618788,24.35233,3
2022,12,23,10,25,臺中市,中區,0,2,0,8,1,5,30,15,9,1,5,4,5,7,4,4,10,5,5,2,10,23,2,9,1,1,C03,7,9,1,10,2,11,,23,23,1,22,8,C03,120.6824,24.136286,2
2022,12,23,10,28,臺中市,南屯區,0,0,0,8,,,50,,,,,,,,,,,,,,,7,,,,,B03,,,,,1,,,7,,1,4,,B03,120.653254,24.128742,3
2022,12,23,10,34,臺中市,東區,0,1,0,8,1,5,50,4,1,1,5,4,5,7,1,1,9,4,5,2,12,23,3,10,1,1,C03,7,9,1,10,2,14,,23,23,1,5,1,C03,120.702253,24.138956,2
2022,12,23,10,38,臺中市,西區,0,1,0,8,1,5,50,14,9,1,5,4,5,7,4,4,5,4,5,2,13,23,2,9,1,1,C03,7,9,1,10,2,11,,23,16,1,21,8,C03,120.659085,24.150697,2
2022,12,23,10,38,臺中市,南屯區,0,1,0,8,1,5,50,4,1,1,5,4,5,7,1,1,3,4,5,2,17,43,2,9,1,1,C03,7,9,1,8,2,12,,43,43,1,22,8,C03,120.646601,24.146825,2
2022,12,23,10,47,臺中市,東區,0,1,0,8,1,5,50,4,1,1,5,4,5,7,1,1,10,5,5,2,13,23,3,10,1,1,C03,7,9,1,10,2,11,,23,23,1,22,9,C03,120.705743,24.129941,2
2022,12,23,10,50,臺中市,神岡區,0,0,0,8,,,50,,,,,,,,,,,,,,,7,,,,,B02,,,1,,2,,,7,,1,21,,B02,120.69683,24.248638,3
2022,12,23,11,7,臺中市,大甲區,0,0,0,8,,,50,,,,,,,,,,,,,,,42,,,,,B12,,,1,,2,,,42,,1,21,,B12,120.622703,24.35731,3
2022,12,23,11,8,臺中市,大雅區,0,1,0,8,1,5,50,14,8,1,5,4,5,7,4,4,1,4,4,1,14,23,2,9,1,1,C03,7,9,1,10,2,11,,23,23,1,21,8,C03,120.630959,24.240061,2
2022,12,23,11,9,臺中市,北屯區,0,0,0,8,,,50,,,,,,,,,,,,,,,10,,,,,C03,,,1,,1,,,10,,1,22,,C03,120.719378,24.177471,3
2022,12,23,11,15,臺中市,南屯區,0,0,0,8,,,50,,,,,,,,,,,,,,,67,,,,,,,,,,,,,67,,1,22,,,120.587224,24.148443,3
2022,12,23,11,17,臺中市,西屯區,0,2,0,8,1,5,50,4,1,1,5,4,5,7,4,4,10,5,5,2,15,6,2,1,1,1,B03,7,9,1,8,2,2,,6,6,1,21,8,B03,120.653758,24.161196,2
2022,12,23,11,18,臺中市,潭子區,0,0,0,8,,,40,,,,,,,,,,,,,,,12,,,,,B03,,,1,,2,,,12,,1,21,,B03,120.719692,24.194037,3
2022,12,23,11,18,臺中市,東區,0,2,0,8,1,5,50,4,1,1,5,4,5,7,1,1,10,5,5,2,16,8,2,8,1,1,C03,7,5,3,18,2,14,,8,6,1,5,8,C03,120.702975,24.144562,2
2022,12,23,11,23,臺中市,西屯區,0,0,0,8,,,50,,,,,,,,,,,,,,,42,,,,,B03,,,1,,1,,,42,,1,22,,B03,120.652133,24.176298,3
2022,12,23,11,23,臺中市,霧峰區,0,0,0,8,,,50,,,,,,,,,,,,,,,23,,,,,B03,,,1,,2,,,23,23,1,12,,B03,120.692471,24.046237,3
2022,12,23,11,25,臺中市,龍井區,0,0,0,8,,,60,,,,,,,,,,,,,,,7,,,,,A41,,,1,,2,,,7,,1,10,,A41,120.509771,24.219187,3
2022,12,23,11,30,臺中市,西屯區,0,1,0,8,1,5,50,14,9,1,5,4,5,7,4,4,1,3,5,2,16,43,3,10,1,1,B03,7,9,1,8,1,2,,43,43,1,22,8,B03,120.647546,24.159335,2
2022,12,23,11,31,臺中市,南區,0,0,0,8,,,40,,,,,,,,,,,,,,,40,,,,,B12,,,1,,2,,,40,,1,10,,B12,120.684041,24.129007,3
2022,12,23,11,31,臺中市,大甲區,0,0,0,8,1,5,40,1,2,1,5,4,5,7,3,1,5,5,5,1,14,12,3,10,1,1,B12,7,1,1,7,1,3,,12,12,1,22,8,B12,120.614192,24.331559,3
2022,12,23,11,33,臺中市,大里區,0,1,0,8,1,5,40,4,1,1,5,4,5,7,4,4,10,5,5,2,16,6,2,9,1,1,C03,7,9,1,10,2,13,,6,6,1,3,8,C03,120.685344,24.111992,2
2022,12,23,11,34,臺中市,西屯區,0,1,0,8,1,5,40,14,8,1,5,4,5,7,4,4,5,4,4,2,12,40,3,10,1,1,B03,7,14,1,8,2,4,,40,40,1,22,8,B03,120.646278,24.173176,2
2022,12,23,11,35,臺中市,霧峰區,0,1,0,8,1,5,50,4,1,1,5,4,5,7,4,4,10,5,5,2,3,15,3,10,1,1,C03,7,9,1,10,2,11,,15,15,1,18,8,C03,120.697647,24.063365,2
2022,12,23,11,36,臺中市,西區,0,0,0,8,,,50,,,,,,,,,,,,,,,19,,,,,C03,,,1,,1,,,19,,1,5,,C03,120.66918,24.147823,3
2022,12,23,11,36,臺中市,南屯區,0,0,0,8,,,50,,,,,,,,,,,,,,,7,,,,,A11,,,1,,3,,,7,,1,22,,A11,120.622441,24.150046,3
2022,12,23,11,37,臺中市,霧峰區,0,0,0,8,,,50,,,,,,,,,,,,,,,23,,,,,B03,,,1,,2,,,23,,1,12,,B03,120.690433,24.014278,3
2022,12,23,11,39,臺中市,大雅區,0,2,0,8,1,5,50,3,1,1,5,4,5,7,2,1,10,4,5,1,17,25,3,10,1,1,A41,7,9,1,1,2,1,,25,25,1,22,9,A41,120.643374,24.22815,2
2022,12,23,11,40,臺中市,太平區,0,1,0,8,1,5,30,11,9,1,5,4,5,7,4,4,5,5,5,1,18,13,2,9,3,3,C03,7,9,1,10,2,12,,13,13,1,18,8,C03,120.8052,24.102488,2
2022,12,23,11,40,臺中市,烏日區,0,0,0,8,1,5,50,4,2,1,5,4,5,7,1,1,9,4,4,1,16,17,,,,,B12,,,1,,2,,,17,,1,22,,B12,120.622068,24.10642,3
2022,12,23,11,46,臺中市,烏日區,0,3,0,8,1,5,50,4,1,1,5,4,5,7,3,1,10,5,5,2,16,6,2,9,1,1,C03,7,9,1,10,2,12,,14,6,1,22,8,C03,120.644256,24.112747,2
2022,12,23,11,49,臺中市,霧峰區,0,0,0,8,,,50,,,,,,,,,,,,,,,23,,,,,A32,,,1,,2,,,23,,1,12,,A32,120.695196,24.012926,3
2022,12,23,11,52,臺中市,南區,0,1,0,8,1,5,50,5,1,1,5,4,5,7,1,1,9,4,5,2,12,1,2,9,1,1,C03,7,9,1,10,2,12,,1,1,1,4,1,C03,120.668398,24.114381,2
2022,12,23,11,53,臺中市,西區,0,0,0,8,,,50,,,,,,,,,,,,,,,7,,,,,C03,,,1,,1,,,7,,1,18,,C03,120.657639,24.157988,3
2022,12,23,11,54,臺中市,龍井區,0,2,0,8,1,5,30,3,1,1,5,4,5,7,4,4,10,5,5,2,16,8,3,10,1,1,B03,7,5,1,8,2,5,,8,8,1,19,7,B03,120.547626,24.213942,2
2022,12,23,11,55,臺中市,潭子區,0,0,0,8,,,80,,,,,,,,,,,,,,,35,,,,,A12,,,1,,2,,,35,,1,22,,A12,120.722281,24.193107,3
2022,12,23,11,57,臺中市,潭子區,0,1,0,8,1,7,80,14,7,1,5,4,5,7,4,4,2,4,5,1,13,16,3,10,1,1,B12,7,9,1,8,2,1,,16,16,1,22,8,B12,120.722348,24.192801,2
2022,12,23,12,1,臺中市,清水區,0,0,0,8,,,50,,,,,,,,,,,,,,,42,,,,,B11,,,1,,2,,,42,,1,21,,B11,120.575359,24.269553,3
2022,12,23,12,4,臺中市,南屯區,0,1,0,8,1,5,50,14,9,1,5,4,5,7,4,4,5,2,5,2,16,6,3,10,1,1,B12,7,6,1,8,2,5,,6,6,1,22,8,B12,120.652358,24.148841,2
2022,12,23,12,7,臺中市,南屯區,0,2,0,8,1,5,50,14,9,1,5,4,5,7,4,4,5,5,5,2,17,19,2,9,1,1,C03,7,1,1,10,2,14,,19,19,1,4,8,C03,120.602735,24.135709,2
2022,12,23,12,10,臺中市,南屯區,0,0,0,8,,,50,,,,,,,,,,,,,,,19,,,,,B11,,,1,,2,,,19,,1,22,,B11,120.636073,24.13436,3
2022,12,23,12,10,臺中市,大里區,0,0,0,8,,,50,,,,,,,,,,,,,,,23,,,,,B03,,,1,,2,,,23,,1,19,,B03,120.684374,24.097474,3
2022,12,23,12,10,臺中市,霧峰區,0,1,0,8,1,5,50,4,1,1,5,4,5,7,4,4,10,5,5,2,13,16,2,7,1,1,C03,7,9,1,10,2,11,,16,16,1,18,8,C03,120.698441,24.062434,2
2022,12,23,12,13,臺中市,潭子區,0,2,0,8,1,5,50,4,1,1,5,4,5,7,1,1,10,5,5,2,17,19,3,10,1,1,B03,7,1,1,8,2,5,,19,19,1,21,8,B03,120.703276,24.208375,2
2022,12,23,12,18,臺中市,北屯區,0,2,0,8,1,5,50,14,9,1,5,4,5,7,4,4,5,4,5,2,16,7,2,9,2,1,F01,7,7,8,20,2,16,,7,7,1,22,8,F01,120.68941,24.166787,2
2022,12,23,12,18,臺中市,西屯區,0,1,0,8,1,5,50,3,1,1,5,4,5,7,1,1,10,5,5,2,16,6,2,9,3,4,C03,7,5,1,10,2,14,,6,6,1,22,8,C03,120.648325,24.182086,2
2022,12,23,12,18,臺中市,西屯區,0,0,0,8,,,50,,,,,,,,,,,,,,,18,,,,,B02,,,1,,1,,,18,,1,21,,B02,120.635781,24.16699,3
2022,12,23,12,21,臺中市,太平區,0,0,0,8,,,50,,,,,,,,,,,,,,,12,,,,,B03,,,1,,1,,,12,,1,22,,B03,120.720857,24.149137,3
2022,12,23,12,22,臺中市,南屯區,0,2,0,8,1,5,30,4,1,1,5,4,5,7,4,4,5,5,5,2,15,6,2,9,1,1,C03,7,9,1,10,2,12,,6,6,1,22,8,C03,120.614285,24.146829,2
2022,12,23,12,24,臺中市,北屯區,0,0,0,8,,,50,,,,,,,,,,,,,,,25,,,,,C03,,,1,,1,,,25,,1,21,,C03,120.672558,24.181013,3
2022,12,23,12,27,臺中市,北屯區,0,1,0,8,1,5,50,5,1,1,5,4,5,7,2,1,1,4,5,1,16,25,2,9,1,1,C03,7,9,1,10,2,11,,25,25,1,22,8,C03,120.686582,24.201323,2
2022,12,23,12,28,臺中市,烏日區,0,0,0,8,1,5,50,4,1,1,5,4,5,7,1,1,9,4,4,2,13,6,,,,,C03,,,1,,2,,,44,6,1,22,,C03,120.607517,24.111886,3
2022,12,23,12,30,臺中市,大里區,0,1,0,8,1,5,50,14,9,1,5,4,5,7,4,4,9,4,5,1,16,26,3,10,1,1,B03,7,11,1,3,2,1,,26,26,1,12,8,B03,120.696781,24.080192,2
2022,12,23,12,35,臺中市,東區,0,1,0,8,1,5,50,4,1,1,5,4,5,7,4,4,10,5,5,2,16,6,3,10,1,1,B11,7,5,1,7,2,8,,6,6,1,22,8,B11,120.695533,24.146136,2
2022,12,23,12,36,臺中市,大雅區,0,0,0,8,,,50,,,,,,,,,,,,,,,23,,,,,C03,,,1,,2,,,23,,1,21,,C03,120.629215,24.20815,3
2022,12,23,12,36,臺中市,南屯區,0,1,0,8,1,5,40,14,7,1,5,4,5,7,4,4,5,5,4,2,12,7,2,9,1,1,C03,7,7,1,10,2,14,,7,7,1,4,8,C03,120.636804,24.145546,2
2022,12,23,12,39,臺中市,北屯區,0,1,0,8,1,5,50,14,9,1,5,4,5,7,4,4,5,5,5,2,17,1,3,10,1,1,C03,7,4,1,10,2,13,,1,1,1,4,8,C03,120.690725,24.172556,2
2022,12,23,12,39,臺中市,西屯區,0,0,0,8,,,40,,,,,,,,,,,,,,,16,,,,,C03,,,1,,1,,,16,,1,22,,C03,120.655936,24.159027,3
2022,12,23,12,40,臺中市,大甲區,0,2,0,8,1,5,50,3,1,1,5,4,5,7,1,1,10,5,5,2,16,8,2,9,1,1,C03,7,5,1,10,2,14,,8,8,1,21,8,C03,120.648091,24.407116,2
2022,12,23,12,41,臺中市,北區,0,0,0,8,,,50,,,,,,,,,,,,,,,23,,,,,B03,,,1,,1,,,23,,1,22,,B03,120.684971,24.163899,3
2022,12,23,12,43,臺中市,東區,0,1,0,8,1,5,50,14,9,1,5,4,5,7,4,4,5,4,5,2,14,12,3,10,1,1,B03,7,2,1,8,2,3,,12,12,1,5,8,B03,120.690766,24.135601,2
2022,12,23,12,45,臺中市,清水區,0,0,0,8,,,50,,,,,,,,,,,,,,,23,,,,,B03,,,1,,2,,,23,,1,5,,B03,120.574897,24.267806,3
2022,12,23,12,47,臺中市,南區,0,0,0,,,,50,,,,,,,,,,,,,,,23,,,,,B03,,,1,,2,,,23,,1,22,,B03,120.664486,24.123621,3
2022,12,23,12,50,臺中市,大雅區,0,1,0,8,1,5,30,11,9,1,5,4,5,7,4,4,10,4,5,2,11,5,2,9,1,1,C03,7,9,1,10,2,11,,5,5,1,22,9,C03,120.643965,24.239814,2
2022,12,23,12,51,臺中市,西屯區,0,0,0,8,,,60,,,,,,,,,,,,,,,42,,,,,A11,,,1,,1,,,42,42,1,21,,A11,120.638493,24.159239,3
2022,12,23,12,53,臺中市,西屯區,0,0,0,8,,,50,,,,,,,,,,,,,,,1,,,,,B03,,,1,,2,,,1,,1,22,,B03,120.648223,24.182096,3
2022,12,23,12,56,臺中市,南屯區,0,0,0,8,,,50,,,,,,,,,,,,,,,7,,,,,B03,,,1,,1,,,7,,1,22,,B03,120.6463,24.133491,3
2022,12,23,12,58,臺中市,西區,0,0,0,8,,,0,,,,,,,,,,,,,,,42,,,,,C03,,,7,,9,,,42,,1,22,,C03,120.669658,24.134526,3
2022,12,23,12,59,臺中市,沙鹿區,0,0,0,8,,,50,,,,,,,,,,,,,,,23,,,,,B03,,,1,,2,,,23,23,1,18,,B03,120.572023,24.219421,3
2022,12,23,13,0,臺中市,東區,0,0,0,,,,,,,,,,,,,,,,,,,43,,,,,B03,,,1,,1,,,43,,1,22,,B03,120.693511,24.140811,3
2022,12,23,13,0,臺中市,神岡區,0,0,0,8,,,30,,,,,,,,,,,,,,,23,,,,,B11,,,4,,2,,,23,,1,22,,B11,120.71409,24.258073,3
2022,12,23,13,10,臺中市,西區,0,0,0,,,,40,,,,,,,,,,,,,,,6,,,,,A05,,,1,,1,,,6,,1,10,,A05,120.662609,24.155678,3
2022,12,23,13,10,臺中市,梧棲區,0,1,0,8,1,5,60,4,1,1,5,4,5,7,1,1,10,5,5,2,16,6,3,10,1,1,B12,7,6,1,8,9,2,,6,6,1,9,1,B12,120.558493,24.256463,2
2022,12,23,13,12,臺中市,太平區,0,0,0,8,,,50,,,,,,,,,,,,,,,23,,,,,A41,,,1,,2,,,23,,1,10,,A41,120.729066,24.135021,3
2022,12,23,13,18,臺中市,北區,0,0,0,8,,,50,,,,,,,,,,,,,,,19,,,,,B12,,,1,,1,,,19,,1,22,,B12,120.676391,24.15005,3
2022,12,23,13,20,臺中市,豐原區,0,2,0,8,1,5,50,14,9,1,5,4,5,7,4,4,5,4,5,1,13,16,2,9,1,1,C03,7,9,1,10,2,11,,16,16,1,22,8,C03,120.722877,24.243655,2
2022,12,23,13,27,臺中市,烏日區,0,1,0,8,1,5,50,14,9,1,5,4,5,7,4,4,5,5,5,2,13,16,2,9,1,1,C03,7,9,1,10,2,11,,16,16,1,21,8,C03,120.646361,24.089136,2
2022,12,23,13,28,臺中市,西屯區,0,0,0,8,,,30,,,,,,,,,,,,,,,42,,,,,B12,,,1,,1,,,42,42,1,22,,B12,120.657265,24.175459,3
2022,12,23,13,30,臺中市,東區,0,0,0,8,,,50,,,,,,,,,,,,,,,23,,,,,C03,,,1,,2,,,23,,1,4,,C03,120.687575,24.136391,3
2022,12,23,13,34,臺中市,大里區,0,1,0,8,1,5,50,3,1,1,5,4,5,7,4,4,1,4,5,1,12,23,3,10,1,1,C03,7,9,1,10,2,11,,23,23,1,18,8,C03,120.683433,24.098067,2
2022,12,23,13,35,臺中市,北屯區,0,3,0,8,1,5,50,14,7,1,5,4,5,7,4,4,1,4,4,2,16,7,3,10,3,4,A31,7,8,4,5,2,5,,7,7,1,21,4,A31,120.717183,24.182291,2
2022,12,23,13,40,臺中市,南屯區,0,0,0,,,,50,,,,,,,,,,,,,,,23,,,,,C03,,,1,,2,,,23,,1,22,,C03,120.641575,24.134848,3
2022,12,23,13,44,臺中市,南屯區,0,0,0,8,,,50,,,,,,,,,,,,,,,23,,,,,B12,,,1,,1,,,23,,1,4,,B12,120.643168,24.143768,3
2022,12,23,13,46,臺中市,太平區,0,1,0,8,1,5,50,3,2,1,5,4,5,7,1,1,5,5,5,1,13,16,3,10,1,1,C03,7,9,1,10,2,11,,16,16,1,18,2,C03,120.733698,24.155898,2
2022,12,23,13,46,臺中市,沙鹿區,0,1,0,8,1,5,50,4,1,1,5,4,5,7,1,1,10,5,5,2,16,6,3,10,1,1,C03,7,5,1,10,2,14,,6,6,1,22,9,C03,120.566729,24.203001,2
2022,12,23,13,48,臺中市,西屯區,0,0,0,8,,,1,,,,,,,,,,,,,,,43,,,,,B12,,,1,,1,,,43,,1,21,,B12,120.63242,24.18022,3
2022,12,23,13,53,臺中市,南屯區,0,0,0,8,,,50,,,,,,,,,,,,,,,43,,,,,,,,,,,,,43,,1,,,,120.646938,24.135928,3
2022,12,23,13,53,臺中市,南屯區,0,0,0,8,,,50,,,,,,,,,,,,,,,23,,,,,A42,,,1,,1,,,23,,1,22,,A42,120.646736,24.141119,3
2022,12,23,13,53,臺中市,西屯區,0,0,0,8,,,50,,,,,,,,,,,,,,,16,,,,,B03,,,1,,1,,,16,,1,22,,B03,120.649858,24.167666,3
2022,12,23,13,56,臺中市,南屯區,0,1,0,8,1,5,50,14,7,1,5,4,5,7,4,4,5,4,4,2,13,16,2,9,1,1,C03,7,9,1,8,2,12,,16,16,1,22,8,C03,120.634667,24.154393,2
2022,12,23,13,58,臺中市,西區,0,2,0,8,1,5,50,14,9,1,5,4,5,7,4,4,5,4,5,2,12,17,2,9,1,1,C03,7,9,1,10,2,14,,17,17,1,2,9,C03,120.661667,24.151637,2
2022,12,23,14,2,臺中市,北屯區,0,0,0,8,,,50,,,,,,,,,,,,,,,23,,,,,B03,,,1,,2,,,23,,1,21,,B03,120.691399,24.170143,3
2022,12,23,14,3,臺中市,南屯區,0,0,0,8,,,50,,,,,,,,,,,,,,,17,,,,,B03,,,1,,11,,,17,,1,4,,B03,120.601965,24.136479,3
2022,12,23,14,10,臺中市,北區,0,0,0,8,,,50,,,,,,,,,,,,,,,23,,,,,B03,,,1,,1,,,23,,1,22,,B03,120.679991,24.159497,3
2022,12,23,14,13,臺中市,南屯區,0,1,0,8,1,5,50,14,9,1,5,4,5,7,4,4,5,4,5,2,12,6,3,10,3,4,B12,7,6,1,8,2,2,,6,6,1,22,8,B12,120.622086,24.140252,2
2022,12,23,14,14,臺中市,大里區,0,0,0,8,,,50,,,,,,,,,,,,,,,23,,,,,B03,,,1,,2,,,23,,1,12,,B03,120.695991,24.087835,3
2022,12,23,14,16,臺中市,北屯區,0,0,0,8,,,50,,,,,,,,,,,,,,,6,,,,,B03,,,1,,1,,,6,,1,22,,B03,120.686236,24.188702,3
2022,12,23,14,22,臺中市,西屯區,0,0,0,8,,,50,,,,,,,,,,,,,,,42,,,,,B03,,,1,,1,,,42,,1,22,,B03,120.659393,24.193331,3
2022,12,23,14,25,臺中市,太平區,0,1,0,8,1,5,30,3,2,1,5,4,5,7,4,4,10,5,5,2,16,19,3,10,1,1,B12,7,1,1,8,2,2,,19,19,1,20,8,B12,120.717156,24.120261,2
2022,12,23,14,25,臺中市,沙鹿區,0,1,0,8,1,5,30,4,1,1,5,4,5,5,4,4,10,5,5,2,16,6,3,10,1,1,C03,7,6,1,10,2,14,,6,6,1,3,8,C03,120.562733,24.243621,2
2022,12,23,14,25,臺中市,東勢區,0,2,0,8,1,5,40,3,9,1,5,4,5,7,1,1,1,4,4,1,13,23,2,9,1,1,C03,7,12,1,10,2,11,,23,23,1,22,9,C03,120.838063,24.226356,2
2022,12,23,14,27,臺中市,豐原區,0,0,0,8,,,50,,,,,,,,,,,,,,,42,,,,,B03,,,3,,2,,,42,,1,5,,B03,120.712765,24.264773,3
2022,12,23,14,28,臺中市,南屯區,0,0,0,,,,50,,,,,,,,,,,,,,,16,,,,,B03,,,1,,1,,,16,,1,22,,B03,120.64978,24.151156,3
2022,12,23,14,30,臺中市,西區,0,1,0,8,1,5,50,4,1,1,5,4,5,7,1,1,10,5,5,2,15,25,2,9,1,1,C03,7,9,1,10,2,11,,44,25,1,21,8,C03,120.658475,24.150857,2
2022,12,23,14,30,臺中市,北區,0,0,0,8,1,5,50,14,9,1,5,4,5,7,4,4,1,4,5,2,12,23,3,10,1,1,B03,7,4,1,,2,2,,23,23,1,5,5,B03,120.692251,24.160978,3
2022,12,23,14,32,臺中市,西屯區,0,0,0,8,,,50,,,,,,,,,,,,,,,26,,,,,B03,,,1,,1,,,26,,1,22,,B03,120.641904,24.159453,3
2022,12,23,14,33,臺中市,北區,0,1,0,8,1,5,50,4,1,1,5,4,5,7,1,1,10,5,5,2,15,25,3,10,1,1,B03,7,9,1,8,2,2,,25,25,1,5,8,B03,120.664089,24.162142,2
2022,12,23,14,33,臺中市,北屯區,0,1,0,8,1,5,40,14,8,1,5,4,5,7,4,4,1,4,4,2,17,19,3,10,1,1,B03,7,1,1,8,2,8,,19,19,1,4,8,B03,120.691148,24.163078,2
2022,12,23,14,40,臺中市,西屯區,0,0,0,8,,,50,,,,,,,,,,,,,,,16,,,,,B03,,,1,,1,,,16,,1,22,,B03,120.645665,24.175601,3
2022,12,23,14,41,臺中市,北區,0,0,0,8,,,50,,,,,,,,,,,,,,,16,,,,,A02,,,1,,2,,,16,,1,22,,A02,120.68245,24.145885,3
2022,12,23,14,42,臺中市,沙鹿區,0,2,0,8,1,5,40,3,8,1,5,4,5,7,4,4,3,4,3,1,17,6,2,9,1,1,C03,7,6,3,18,3,13,,6,6,1,22,9,C03,120.581299,24.208469,2
2022,12,23,14,43,臺中市,北屯區,0,2,0,8,1,5,50,14,9,1,5,4,5,7,4,4,5,4,5,2,16,30,3,10,1,1,B12,7,9,1,8,2,15,,30,30,1,22,8,B12,120.711667,24.172461,2
2022,12,23,14,44,臺中市,東區,0,1,0,8,1,5,30,3,1,1,5,4,5,7,4,4,10,5,5,2,16,6,3,10,1,1,C03,7,6,1,10,2,11,,6,6,1,5,8,C03,120.690504,24.147711,2
2022,12,23,14,44,臺中市,梧棲區,0,0,0,8,,,50,,,,,,,,,,,,,,,12,,,,,A41,,,1,,2,,,12,,1,10,,A41,120.527765,24.23902,4
2022,12,23,14,46,臺中市,北區,0,1,0,8,1,5,40,14,7,1,5,4,5,7,4,4,1,4,4,2,16,19,3,10,1,1,B03,7,1,1,8,2,4,,19,19,1,21,8,B03,120.676061,24.15783,2
2022,12,23,14,46,臺中市,龍井區,0,2,0,8,1,5,50,4,1,1,5,4,5,7,2,1,9,5,5,1,15,25,2,9,1,1,C03,7,9,1,10,2,11,,25,25,1,22,8,C03,120.585951,24.186185,2
2022,12,23,14,49,臺中市,烏日區,0,1,0,8,1,5,60,14,8,1,5,4,5,7,4,4,10,5,5,2,17,10,3,10,1,1,A12,7,11,1,7,2,15,,10,10,1,11,8,A12,120.635841,24.094651,2
2022,12,23,14,50,臺中市,清水區,0,1,0,8,1,5,50,5,1,1,5,4,5,7,1,1,10,5,5,2,13,16,2,9,1,1,C03,7,9,1,10,2,11,,16,16,1,19,5,C03,120.555012,24.265893,2
2022,12,23,14,57,臺中市,西屯區,0,2,0,8,1,5,50,4,1,1,5,4,5,7,2,1,10,5,5,2,16,6,2,8,1,1,C03,7,5,1,10,2,12,,6,6,1,21,8,C03,120.645191,24.181903,2
2022,12,23,14,59,臺中市,西屯區,0,1,0,8,1,5,50,14,7,1,5,4,5,7,4,4,1,4,4,2,17,43,3,10,1,1,B12,7,1,1,8,1,15,,43,43,1,4,8,B12,120.632445,24.180025,2
2022,12,23,15,0,臺中市,霧峰區,0,0,0,8,,,30,,,,,,,,,,,,,,,19,,,,,B03,,,1,,9,,,19,,1,4,,B03,120.687699,24.044386,3
2022,12,23,15,1,臺中市,大里區,0,0,0,8,,,50,,,,,,,,,,,,,,,18,,,,,B02,,,1,,2,,,18,,1,22,,B02,120.672654,24.114866,3
2022,12,23,15,5,臺中市,中區,0,1,0,8,1,5,40,14,8,1,5,4,5,7,4,4,5,5,4,2,13,16,2,9,1,1,C03,7,9,1,10,1,11,,16,16,1,21,8,C03,120.67652,24.144873,2
2022,12,23,15,5,臺中市,大里區,0,1,0,8,1,5,60,4,2,1,5,4,5,7,2,1,1,4,4,1,12,7,3,10,1,1,C03,7,8,1,10,2,12,,7,7,1,5,8,C03,120.67912,24.113986,2
2022,12,23,15,5,臺中市,外埔區,0,0,0,8,1,5,50,8,9,1,5,4,5,7,1,1,1,2,5,1,13,23,3,10,1,1,B03,7,9,1,8,2,1,,23,23,1,21,8,B03,120.64313,24.337343,3
2022,12,23,15,11,臺中市,大里區,0,0,0,8,,,30,,,,,,,,,,,,,,,12,,,,,B03,,,1,,2,,,12,,1,4,,B03,120.697607,24.079397,3
2022,12,23,15,15,臺中市,中區,0,0,0,8,,,50,,,,,,,,,,,,,,,6,,,,,B03,,,1,,1,,,6,6,1,21,,B03,120.678739,24.141655,3
2022,12,23,15,19,臺中市,東區,0,1,0,8,1,5,50,4,1,1,5,4,5,7,1,1,10,5,5,2,16,6,3,10,1,1,B03,7,6,1,8,2,2,,6,6,1,21,8,B03,120.697147,24.138874,2
2022,12,23,15,20,臺中市,神岡區,0,1,0,8,1,5,50,3,2,1,5,4,5,7,1,1,5,4,5,1,17,16,3,10,1,1,C03,7,9,1,10,2,11,,16,16,1,12,8,C03,120.686999,24.241258,2
2022,12,23,15,25,臺中市,北屯區,0,0,0,8,,,50,,,,,,,,,,,,,,,43,,,,,B03,,,1,,2,,,43,43,1,21,,B03,120.701936,24.182588,3
2022,12,23,15,25,臺中市,烏日區,0,0,0,8,,,60,,,,,,,,,,,,,,,16,,,,,B02,,,1,,2,,,16,,1,21,,B02,120.610435,24.107587,3
2022,12,23,15,28,臺中市,北屯區,0,0,0,8,,,50,,,,,,,,,,,,,,,1,,,,,B03,,,1,,2,,,1,,1,21,,B03,120.742093,24.180618,3
2022,12,23,15,37,臺中市,南區,0,1,0,8,1,5,50,4,1,1,5,4,5,7,1,1,10,5,5,2,16,42,2,9,1,1,C03,7,9,1,10,2,11,,42,42,1,22,8,C03,120.653495,24.122737,2