年,月,日,時,分,縣市,區,死,受傷,2-30,天候,光線,道路類別,速限,道路型態,事故位置,路面鋪裝,路面狀態,路面缺陷,障礙物,視距,號誌種類,號誌動作,分向設施,快車道或一般車道間,快慢車道間,路面邊線,事故類型及型態,主要肇因,受傷程度,主要傷處,保護裝備,行動電話,當事者區分,車輛用途,當事者行動狀態,駕駛資格情形,駕駛執照種類,飲酒情形,車輛撞擊部位最初,車輛撞擊部位其他,肇事因素個別,肇事因素主要,肇事逃逸,職業,旅次目的,車種,GPS緯度,GPS經度,事故類別
2022,12,23,19,10,臺中市,西屯區,0,1,0,8,1,5,50,14,9,1,5,4,5,7,4,4,1,4,5,2,16,6,3,10,1,1,B03,7,6,1,8,2,2,,6,6,1,22,8,B03,120.655174,24.169048,2
2022,12,23,19,13,臺中市,北屯區,0,1,0,8,3,5,50,5,4,1,5,4,5,7,1,1,10,5,5,2,29,23,2,9,1,1,C03,7,9,1,10,2,11,,23,23,1,21,8,C03,120.689018,24.164723,2
2022,12,23,19,18,臺中市,南屯區,0,1,0,8,3,5,50,4,1,1,5,4,5,7,1,1,5,2,4,2,11,6,3,10,3,4,B03,7,5,1,8,2,2,,6,6,1,22,8,B03,120.620949,24.140063,2
2022,12,23,19,20,臺中市,北區,0,1,0,8,3,5,40,14,8,1,5,4,5,7,4,4,1,4,4,2,17,19,3,10,1,1,B03,7,1,1,8,2,7,,19,19,1,20,8,B03,120.665751,24.163087,2
2022,12,23,19,20,臺中市,北區,0,1,0,8,1,5,50,4,2,1,5,4,5,7,1,1,5,4,4,2,16,8,3,10,3,4,B03,7,5,1,8,2,2,,8,8,1,22,9,B03,120.702274,24.159826,2
2022,12,23,19,20,臺中市,清水區,0,0,0,8,,,50,,,,,,,,,,,,,,,23,,,,,B03,,,1,,1,,,23,,1,21,,B03,120.558399,24.273081,3
2022,12,23,19,22,臺中市,西屯區,0,0,0,8,,,30,,,,,,,,,,,,,,,6,,,,,B03,,,1,,1,,,6,6,1,22,,B03,120.617786,24.180056,3
2022,12,23,19,30,臺中市,沙鹿區,0,0,0,8,,,50,,,,,,,,,,,,,,,12,,,,,B03,,,1,,2,,,12,,1,22,,B03,120.579377,24.219263,3
2022,12,23,19,39,臺中市,豐原區,0,0,0,8,,,50,,,,,,,,,,,,,,,17,,,,,B12,,,1,,2,,,17,17,1,22,,B12,120.719648,24.237611,3
2022,12,23,19,44,臺中市,西區,0,1,0,8,3,5,50,14,9,1,5,4,5,7,4,4,5,4,5,2,16,26,3,10,1,1,B03,7,11,1,8,2,1,,26,26,1,5,8,B03,120.661694,24.132131,2
2022,12,23,20,0,臺中市,東區,0,2,0,7,3,5,50,4,1,1,5,4,5,7,4,4,10,5,5,2,16,6,2,9,1,1,C03,7,9,6,18,2,11,,6,6,1,22,8,C03,120.706741,24.141083,2
2022,12,23,20,3,臺中市,太平區,0,0,0,,,,80,,,,,,,,,,,,,,,16,,,,,B03,,,1,,2,,,16,,1,22,,B03,120.715075,24.151884,3
2022,12,23,20,4,臺中市,大里區,0,0,0,8,,,50,,,,,,,,,,,,,,,25,,,,,C03,,,1,,11,,,25,,1,22,,C03,120.679285,24.077234,3
2022,12,23,20,7,臺中市,潭子區,0,0,0,8,,,60,,,,,,,,,,,,,,,19,,,,,B01,,,1,,2,,,19,,1,22,,B01,120.702588,24.192062,3
2022,12,23,20,7,臺中市,北區,0,0,0,8,,,50,,,,,,,,,,,,,,,26,,,,,B01,,,1,,2,,,26,,1,10,,B01,120.678142,24.148967,3
2022,12,23,20,10,臺中市,大雅區,0,2,0,8,3,5,50,14,8,1,5,4,5,7,4,4,9,4,5,1,17,40,3,10,3,4,B03,7,13,1,8,2,8,,40,40,1,22,9,B03,120.655975,24.227116,2
2022,12,23,20,12,臺中市,西屯區,0,1,0,8,3,5,50,3,2,1,5,4,5,7,1,1,5,5,4,2,10,26,3,10,3,4,C03,7,9,1,10,2,11,,26,26,1,22,8,C03,120.64338,24.167428,2
2022,12,23,20,13,臺中市,大里區,0,0,0,8,,,30,,,,,,,,,,,,,,,6,,,,,B03,,,1,,2,,,6,,1,22,,B03,120.671689,24.085724,3
2022,12,23,20,15,臺中市,西區,0,1,0,8,3,5,50,4,1,1,5,4,5,7,1,1,10,5,5,2,16,6,3,10,1,1,B03,7,6,1,8,2,6,,6,6,1,2,9,B03,120.66981,24.13305,2
2022,12,23,20,17,臺中市,西區,0,0,0,8,,,50,,,,,,,,,,,,,,,6,,,,,B03,,,1,,2,,,6,,1,4,,B03,120.66309,24.135161,3
2022,12,23,20,20,臺中市,南屯區,0,0,0,,,,50,,,,,,,,,,,,,,,23,,,,,B03,,,1,,1,,,23,,1,4,,B03,120.617659,24.153568,3
2022,12,23,20,20,臺中市,神岡區,0,2,0,8,3,5,50,4,1,1,5,4,5,7,3,1,10,5,5,2,16,6,2,8,1,1,C02,7,5,1,9,2,12,,6,6,1,22,8,C02,120.71086,24.258506,2
2022,12,23,20,21,臺中市,北區,0,0,0,8,,,30,,,,,,,,,,,,,,,23,,,,,B03,,,1,,1,,,23,,1,21,,B03,120.686155,24.160974,3
2022,12,23,20,30,臺中市,南區,0,0,0,8,,,30,,,,,,,,,,,,,,,67,,,,,,,,,,,,,67,,1,,,,120.670696,24.119925,3
2022,12,23,20,30,臺中市,西屯區,0,2,0,8,1,5,50,3,1,1,5,4,5,7,3,1,5,4,4,2,16,6,2,9,1,1,C03,7,9,1,10,2,14,,14,6,1,18,8,C03,120.647105,24.191682,2
2022,12,23,20,31,臺中市,北區,0,1,0,8,3,5,50,14,9,1,5,4,5,7,4,4,9,5,5,2,14,12,3,10,1,1,B03,7,2,1,8,2,6,,12,12,1,22,9,B03,120.67739,24.160941,2
2022,12,23,20,31,臺中市,沙鹿區,0,1,0,7,3,5,50,4,2,1,5,4,5,7,4,4,5,5,4,2,9,23,3,10,1,1,B12,7,6,1,8,2,2,,23,23,1,22,9,B12,120.575305,24.214877,2
2022,12,23,20,37,臺中市,北屯區,0,0,0,8,,,80,,,,,,,,,,,,,,,23,,,,,B12,,,1,,1,,,23,,1,21,,B12,120.718736,24.163376,3
2022,12,23,20,40,臺中市,大里區,0,1,0,8,3,5,50,3,2,1,5,4,5,7,2,1,1,4,4,1,13,16,3,10,1,1,C03,7,9,6,18,2,11,,16,16,1,5,5,C03,120.692455,24.090603,2
2022,12,23,20,43,臺中市,南區,0,1,0,8,3,5,50,14,22,1,5,4,3,7,4,4,5,5,4,2,17,42,3,10,1,1,C03,7,5,1,10,2,11,,42,42,1,22,8,C03,120.653289,24.121969,2
2022,12,23,20,43,臺中市,烏日區,0,0,0,8,,,30,,,,,,,,,,,,,,,7,,,,,B02,,,1,,2,,,7,7,1,21,,B02,120.616684,24.113986,3
2022,12,23,20,45,臺中市,豐原區,0,2,0,8,3,5,60,5,1,1,5,4,5,7,1,1,8,3,4,1,16,23,2,9,1,1,C03,7,9,1,10,2,11,,23,23,1,22,5,C03,120.717438,24.24382,2
2022,12,23,20,48,臺中市,西屯區,0,0,1,8,3,5,50,14,9,1,5,4,5,7,4,4,5,5,5,2,2,23,3,10,1,1,C03,7,9,1,10,2,11,,23,23,1,22,8,C03,120.627777,24.201759,2
2022,12,23,20,52,臺中市,南區,0,0,0,8,,,50,,,,,,,,,,,,,,,42,,,,,B03,,,1,8,2,,,42,42,1,21,,B03,120.657454,24.129632,3
2022,12,23,20,55,臺中市,西區,0,1,0,8,3,5,50,14,9,1,5,4,5,7,4,4,5,4,5,2,17,16,2,9,1,1,C03,7,9,1,10,2,11,,16,16,1,4,8,C03,120.675975,24.141326,2
2022,12,23,20,58,臺中市,東區,0,0,0,8,,,50,,,,,,,,,,,,,,,23,,,,,C03,,,1,,2,,,23,,1,22,,C03,120.683471,24.134795,3
2022,12,23,21,0,臺中市,霧峰區,0,0,0,8,3,5,60,14,7,1,5,4,5,7,1,1,1,4,4,2,11,7,,,,,A11,,,,,2,,,7,,1,22,,A11,120.691889,24.042354,3
2022,12,23,21,10,臺中市,大甲區,0,1,0,7,3,5,70,4,1,1,5,4,5,7,1,1,10,5,5,2,16,26,2,9,1,1,C03,7,5,1,10,2,14,,26,26,1,5,8,C03,120.63932,24.363256,2
2022,12,23,21,16,臺中市,西區,0,1,0,8,3,5,50,4,1,1,5,4,5,7,2,1,10,5,5,2,16,7,3,10,1,1,C03,7,8,1,10,2,12,,7,7,1,5,5,C03,120.670485,24.133675,2
2022,12,23,21,16,臺中市,東勢區,0,1,0,8,3,5,30,4,1,1,5,4,5,7,4,4,10,5,5,2,17,6,2,9,1,1,C03,7,9,1,10,2,11,,6,6,1,22,2,C03,120.836716,24.251409,2
2022,12,23,21,30,臺中市,西屯區,0,0,0,8,,,80,,,,,,,,,,,,,,,42,,,,,,,,,,,,,42,,1,,,,120.634948,24.179291,3
2022,12,23,21,33,臺中市,大雅區,0,1,0,8,3,5,30,4,1,1,5,4,5,7,4,4,10,5,5,2,15,6,3,10,1,1,C03,7,9,1,10,2,14,,6,6,1,22,8,C03,120.656877,24.225769,2
2022,12,23,21,34,臺中市,北屯區,0,2,0,8,3,5,50,14,9,1,5,4,5,7,2,1,1,4,5,2,12,19,2,9,1,1,C03,7,1,1,10,2,14,,19,19,1,22,8,C03,120.694635,24.188183,2
2022,12,23,21,35,臺中市,西屯區,0,0,0,8,,,50,,,,,,,,,,,,,,,23,,,,,C03,,,1,,1,,,23,,1,16,,C03,120.625728,24.198305,3
2022,12,23,21,36,臺中市,北區,0,1,0,8,3,5,50,14,7,1,5,4,5,7,4,4,1,4,4,2,16,7,2,8,1,1,C03,7,10,1,10,2,14,,7,7,1,21,8,C03,120.685238,24.16221,2
2022,12,23,21,54,臺中市,東區,0,1,0,8,1,5,50,4,1,1,5,4,5,7,1,1,10,5,5,2,17,23,3,10,3,4,B03,7,9,1,2,2,15,,44,23,1,5,8,B03,120.707763,24.14885,2
2022,12,23,21,57,臺中市,太平區,0,1,0,8,3,5,50,4,1,1,5,4,5,7,1,1,5,5,5,2,16,6,3,10,1,1,B03,7,5,1,8,2,6,,6,6,1,21,8,B03,120.713507,24.160716,2
2022,12,23,22,1,臺中市,霧峰區,0,1,0,8,3,5,30,3,2,1,5,4,5,7,4,4,5,5,5,2,11,26,2,8,1,1,C03,7,6,1,10,2,11,,26,26,1,18,5,C03,120.710549,24.072754,2
2022,12,23,22,2,臺中市,南屯區,0,0,0,,,,50,,,,,,,,,,,,,,,7,,,,,B03,,,1,,1,,,7,,1,4,,B03,120.624173,24.152283,3
2022,12,23,22,5,臺中市,北屯區,0,0,0,8,,,80,,,,,,,,,,,,,,,23,,,,,B03,,,1,,1,,,23,,1,21,,B03,120.719085,24.162541,3
2022,12,23,22,7,臺中市,后里區,0,2,0,8,3,5,50,3,2,1,5,4,5,2,4,4,1,3,5,1,16,6,2,9,1,1,C03,7,9,1,10,2,11,,6,6,1,4,8,C03,120.708196,24.326278,2
2022,12,23,22,10,臺中市,中區,0,1,0,8,3,5,50,4,1,1,5,4,5,7,4,4,10,5,5,2,16,6,3,10,1,1,C03,7,9,1,10,2,11,,6,6,1,20,8,C03,120.681545,24.137224,2
2022,12,23,22,12,臺中市,大里區,0,1,0,8,3,5,50,4,1,1,5,4,5,7,1,1,10,5,5,2,16,6,3,10,1,1,B03,7,5,1,8,2,2,,6,6,1,22,8,B03,120.693545,24.090162,2
2022,12,23,22,12,臺中市,大甲區,0,1,0,7,3,5,50,4,1,1,5,4,5,7,2,1,10,5,5,2,16,26,3,10,1,1,C03,7,5,1,10,2,11,,26,26,1,16,8,C03,120.654725,24.391917,2
2022,12,23,22,14,臺中市,南屯區,0,2,0,8,3,5,50,4,1,1,5,4,5,7,1,1,10,5,5,2,3,15,2,9,1,1,C03,7,9,1,10,2,11,12,15,15,1,5,8,C03,120.650065,24.143876,2
2022,12,23,22,14,臺中市,西屯區,0,0,0,8,,,50,,,,,,,,,,,,,,,12,,,,,B03,,,1,,1,,,12,,1,22,,B03,120.641003,24.173363,3
2022,12,23,22,24,臺中市,西區,0,1,0,8,3,5,50,14,9,1,5,4,5,7,4,4,1,2,5,2,16,6,3,10,1,1,B03,7,6,1,8,2,2,,6,6,1,5,5,B03,120.667438,24.131285,2
2022,12,23,22,32,臺中市,西屯區,0,1,0,8,3,5,50,14,9,1,5,4,5,7,4,4,5,4,5,2,17,42,3,10,1,1,B03,7,15,1,8,2,4,,42,38,1,22,8,B03,120.623943,24.178046,2
2022,12,23,22,33,臺中市,大里區,0,2,0,8,3,5,50,14,9,1,5,4,5,7,4,4,5,4,4,1,13,16,2,9,1,1,C03,7,9,1,10,2,11,,16,16,1,5,8,C03,120.677033,24.114698,2
2022,12,23,22,38,臺中市,南區,0,1,0,8,3,5,50,4,1,1,5,4,5,7,3,1,10,5,5,2,18,42,2,9,1,1,C03,7,9,1,10,2,15,,42,42,1,22,8,C03,120.656512,24.12066,2
2022,12,23,22,40,臺中市,南區,0,1,0,8,3,5,40,4,1,1,5,4,5,7,2,1,10,5,5,2,18,23,2,7,1,1,C03,7,6,1,10,2,12,,23,23,1,21,8,C03,120.672948,24.131256,2
2022,12,23,22,42,臺中市,西屯區,0,2,0,8,3,5,40,3,1,1,5,4,5,7,4,4,10,5,5,2,13,16,2,9,1,1,C03,7,9,1,10,2,11,,16,16,1,22,8,C03,120.641517,24.191549,2
2022,12,23,22,42,臺中市,西屯區,0,0,0,8,,,50,,,,,,,,,,,,,,,17,,,,,C03,,,1,,1,,,17,,1,22,,C03,120.644888,24.179085,3
2022,12,23,22,44,臺中市,北區,0,0,0,,,,50,,,,,,,,,,,,,,,23,,,,,B03,,,1,,1,,,23,,1,5,,B03,120.684766,24.166788,3
2022,12,23,22,51,臺中市,石岡區,0,0,0,8,,,30,,,,,,,,,,,,,,,17,,,,,B12,,,1,,2,,,17,,1,22,,B12,120.774823,24.2751,3
2022,12,23,23,0,臺中市,西屯區,0,2,0,8,3,5,30,4,1,1,5,4,5,7,4,4,10,5,5,2,17,6,2,9,3,4,C03,7,9,1,10,2,11,,6,6,1,22,9,C03,120.643972,24.181786,2
2022,12,23,23,2,臺中市,西屯區,0,1,0,8,1,5,50,3,1,1,5,4,5,7,4,4,1,4,5,1,16,6,3,10,1,4,B03,7,6,1,8,2,3,,6,6,1,4,8,B03,120.620984,24.183663,2
2022,12,23,23,17,臺中市,西屯區,0,0,0,8,,,50,,,,,,,,,,,,,,,16,,,,,B03,,,1,,1,,,16,,1,22,,B03,120.644099,24.166013,3
2022,12,23,23,20,臺中市,西屯區,0,0,0,8,,,30,,,,,,,,,,,,,,,12,,,,,B03,,,1,,2,,,12,,1,22,,B03,120.64442,24.17758,3
2022,12,23,23,22,臺中市,南屯區,0,1,0,8,3,5,50,14,7,1,5,4,5,7,4,4,5,5,4,2,17,26,3,10,1,1,B01,7,11,1,4,2,4,,26,26,1,10,8,B01,120.609908,24.130886,2
2022,12,23,23,24,臺中市,北區,0,1,0,8,1,5,50,4,1,1,5,4,5,7,2,1,2,4,4,2,16,25,2,9,1,1,C03,7,9,1,10,2,11,,25,25,1,22,8,C03,120.685401,24.155949,2
2022,12,23,23,26,臺中市,大里區,0,1,0,8,1,5,50,4,2,1,5,4,5,7,2,1,5,4,4,1,18,23,2,9,3,4,C03,7,6,1,10,2,12,,23,23,1,22,9,C03,120.687891,24.094591,2
2022,12,23,23,35,臺中市,后里區,0,1,0,8,3,5,50,4,1,1,5,4,5,7,3,1,10,5,5,2,16,6,3,10,1,1,C03,7,5,1,10,2,11,,6,6,1,21,1,C03,120.712432,24.304058,2
2022,12,23,23,39,臺中市,西屯區,0,2,0,8,1,5,50,4,9,1,5,4,5,7,1,1,8,4,5,1,16,6,2,9,1,4,C03,7,5,1,10,2,14,,6,6,1,4,8,C03,120.593041,24.1834,2
2022,12,23,23,59,臺中市,大甲區,0,0,0,8,,,50,,,,,,,,,,,,,,,43,,,,,B03,,,1,,2,,,43,,1,20,,B03,120.626528,24.36061,3
2022,12,24,0,2,臺中市,大甲區,0,0,0,,,,40,,,,,,,,,,,,,,,23,,,,,B03,,,1,,2,,,23,,1,22,,B03,120.63254,24.358444,3
2022,12,24,0,4,臺中市,西屯區,0,2,0,8,3,5,50,4,1,1,5,4,5,7,1,1,10,5,5,2,17,9,2,9,3,4,C03,7,9,1,10,2,15,,23,9,1,22,8,C03,120.645545,24.172416,2
2022,12,24,0,5,臺中市,西區,0,1,0,8,3,5,50,4,1,1,5,4,5,7,3,1,10,5,5,2,18,43,2,8,1,1,C03,7,9,1,10,2,14,,43,43,1,20,8,C03,120.65883,24.144308,2
2022,12,24,0,10,臺中市,北區,0,0,0,,,,50,,,,,,,,,,,,,,,8,,,,,C03,,,1,,2,,,8,,1,5,,C03,120.68134,24.152752,3
2022,12,24,0,30,臺中市,大里區,0,0,0,8,,,50,,,,,,,,,,,,,,,23,,,,,B03,,,4,,11,,,23,,1,22,,B03,120.697591,24.083393,3
2022,12,24,0,36,臺中市,西屯區,0,0,0,8,,,30,,,,,,,,,,,,,,,43,,,,,C03,,,,,11,,,43,,1,22,,C03,120.654828,24.161585,3
2022,12,24,0,38,臺中市,南屯區,0,0,0,,,,50,,,,,,,,,,,,,,,23,,,,,A41,,,1,,1,,,23,,1,4,,A41,120.616683,24.153687,3
2022,12,24,0,49,臺中市,西屯區,0,1,0,8,1,5,50,11,9,1,5,4,5,7,4,4,8,5,5,1,16,42,2,8,1,4,C03,7,9,1,10,2,12,,42,42,1,4,8,C03,120.626778,24.183755,2
2022,12,24,1,53,臺中市,大甲區,0,1,0,8,1,5,50,4,1,1,5,4,5,7,3,1,10,5,5,2,15,6,3,10,1,1,B03,7,9,1,8,2,4,,6,6,1,22,9,B03,120.641607,24.365772,2
2022,12,24,2,0,臺中市,大里區,0,0,0,8,,,40,,,,,,,,,,,,,,,19,,,,,B03,,,1,,11,,,19,,1,12,,B03,120.688492,24.110288,3
2022,12,24,4,10,臺中市,南區,0,0,0,8,,,50,,,,,,,,,,,,,,,25,,,,,B03,,,1,,2,,,25,,1,22,,B03,120.67269,24.131083,3
2022,12,24,4,17,臺中市,北屯區,0,1,0,8,3,5,50,4,1,1,5,4,5,7,4,4,10,5,5,2,26,23,2,4,1,1,B03,7,9,1,8,9,1,,23,23,1,5,9,B03,120.789438,24.20514,2
2022,12,24,4,38,臺中市,西屯區,0,0,0,8,,,30,,,,,,,,,,,,,,,12,,,,,B02,,,1,,2,,,12,,1,22,,B02,120.627008,24.177639,3
2022,12,24,4,43,臺中市,潭子區,0,0,0,8,,,50,,,,,,,,,,,,,,,23,,,,,B03,,,1,,2,,,23,,1,22,,B03,120.703559,24.213473,3
2022,12,24,5,2,臺中市,大里區,0,0,0,8,,,50,,,,,,,,,,,,,,,6,,,,,B03,,,1,,2,,,6,,1,22,,B03,120.689842,24.112986,3
2022,12,24,5,49,臺中市,龍井區,1,1,0,8,2,5,70,14,8,1,5,4,5,7,4,4,1,4,4,1,2,23,2,9,3,4,C03,7,9,1,10,2,11,,23,23,1,5,1,C03,120.538018,24.204276,1
2022,12,24,6,10,臺中市,清水區,0,2,0,8,3,5,50,3,1,1,5,4,5,7,4,4,5,5,5,2,16,6,2,9,1,1,C03,7,5,1,10,2,12,,6,6,1,22,8,C03,120.57463,24.268943,2
2022,12,24,6,19,臺中市,大里區,0,1,0,8,2,5,30,4,1,1,5,4,5,7,4,4,10,5,5,2,18,23,2,8,1,1,C03,7,9,1,10,2,15,,23,23,1,22,8,C03,120.698979,24.087791,2
2022,12,24,7,7,臺中市,沙鹿區,0,0,0,8,,,60,,,,,,,,,,,,,,,23,,,,,B03,,,1,,3,,,23,,1,21,,B03,120.578216,24.250617,3
2022,12,24,7,15,臺中市,西屯區,0,0,0,8,1,5,40,14,8,1,5,4,5,7,4,4,9,5,4,2,13,21,3,10,1,1,B03,7,9,3,18,6,1,,21,21,1,4,8,B03,120.657423,24.194173,3
2022,12,24,7,20,臺中市,龍井區,0,1,0,8,1,5,70,3,8,1,5,4,5,7,4,4,1,4,1,1,16,8,3,10,1,1,B03,7,5,1,7,2,5,,8,8,1,12,8,B03,120.507271,24.213848,2
2022,12,24,7,30,臺中市,大里區,0,1,0,8,1,5,60,4,1,1,5,4,5,7,1,1,10,5,5,2,11,6,3,10,1,1,B12,7,5,1,8,2,1,,6,6,1,5,8,B12,120.682361,24.104503,2
2022,12,24,7,30,臺中市,龍井區,0,0,0,,,,40,,,,,,,,,,,,,,,6,,,,,B03,,,1,,1,,,6,,1,22,,B03,120.579543,24.190145,3
2022,12,24,7,31,臺中市,太平區,0,1,0,8,1,5,50,3,2,1,5,4,5,7,4,4,5,4,5,2,13,16,3,10,1,1,C03,7,9,1,10,2,11,,16,16,1,5,1,C03,120.717347,24.133626,2
2022,12,24,7,35,臺中市,東區,0,0,0,8,,,50,,,,,,,,,,,,,,,7,,,,,B03,,,1,,2,,,7,,1,22,,B03,120.699773,24.138936,3
2022,12,24,7,50,臺中市,大里區,0,1,0,8,1,5,50,4,2,1,5,4,5,7,4,4,10,5,5,2,12,19,2,2,1,1,F03,7,1,8,20,2,16,,19,19,1,9,8,F03,120.703553,24.111115,2
2022,12,24,7,50,臺中市,豐原區,0,0,0,8,,,50,,,,,,,,,,,,,,,6,,,,,B03,,,1,,2,,,6,6,1,22,,B03,120.719227,24.262713,3
2022,12,24,7,52,臺中市,北區,0,0,0,8,1,5,50,5,2,1,5,4,5,7,2,1,8,3,4,2,14,12,,,,,B12,,,1,,1,,,12,,1,22,,B12,120.685759,24.154384,3
2022,12,24,7,55,臺中市,東勢區,0,0,0,8,,,50,,,,,,,,,,,,,,,12,,,,,B03,,,1,,2,,,12,,1,22,,B03,120.8367,24.217901,3
2022,12,24,7,58,臺中市,烏日區,0,0,0,8,1,5,50,4,2,1,5,4,5,7,1,1,9,4,5,1,13,23,,,,,B02,,,1,,2,,,23,23,1,22,,B02,120.631272,24.09958,3
2022,12,24,8,5,臺中市,烏日區,0,0,0,8,,,30,,,,,,,,,,,,,,,6,,,,,B03,,,1,,2,,,6,6,1,21,,B03,120.639339,24.105461,3
2022,12,24,8,10,臺中市,沙鹿區,0,1,0,8,1,5,50,14,9,1,5,4,5,7,4,4,9,5,5,2,11,5,3,10,1,1,B03,7,9,1,8,2,8,,5,5,1,2,5,B03,120.56655,24.226596,2
2022,12,24,8,11,臺中市,烏日區,0,0,0,8,1,5,50,14,8,1,5,4,5,7,4,4,9,4,4,1,16,6,,,,,B03,,,1,,2,,,6,,1,22,,B03,120.656209,24.095371,3
2022,12,24,8,14,臺中市,大雅區,0,2,0,8,1,5,30,3,1,1,5,4,5,7,4,4,10,5,5,2,17,6,2,9,1,1,C03,7,5,1,10,2,14,,6,6,1,21,8,C03,120.62776,24.213526,2
2022,12,24,8,21,臺中市,新社區,0,0,0,8,,,30,,,,,,,,,,,,,,,17,,,,,B12,,,1,,2,,,17,,1,22,,B12,120.817061,24.233893,3
2022,12,24,8,22,臺中市,豐原區,0,1,0,8,1,5,50,5,1,1,5,4,5,7,1,1,10,5,5,2,16,6,3,10,1,1,B03,7,6,1,8,2,2,,6,6,1,22,8,B03,120.716687,24.244084,2
2022,12,24,8,25,臺中市,后里區,0,0,0,8,1,5,50,14,13,1,5,4,5,7,4,4,5,5,5,1,14,12,,,,,B03,,,1,,1,,,12,,1,4,,B03,120.727572,24.309328,3
2022,12,24,8,27,臺中市,東區,0,0,0,,,,50,,,,,,,,,,,,,,,16,,,,,B12,,,1,,2,,,16,,1,22,,B12,120.699202,24.142791,3
2022,12,24,8,27,臺中市,龍井區,0,0,0,8,,,30,,,,,,,,,,,,,,,19,,,,,B03,,,1,,2,,,19,,1,12,,B03,120.54749,24.192883,3
2022,12,24,8,33,臺中市,烏日區,0,0,0,,,,50,,,,,,,,,,,,,,,12,,,,,B03,,,1,,2,,,12,,1,22,,B03,120.625223,24.108294,3
2022,12,24,8,38,臺中市,西屯區,0,0,0,8,,,40,,,,,,,,,,,,,,,23,,,,,B03,,,1,,1,,,23,,1,21,,B03,120.607947,24.183919,3
2022,12,24,8,40,臺中市,霧峰區,0,1,0,8,1,5,50,4,1,1,5,4,5,7,1,1,10,5,5,2,16,6,3,10,1,1,B03,7,5,1,8,2,2,,6,6,1,9,8,B03,120.707635,24.076537,2
2022,12,24,8,43,臺中市,西屯區,0,1,0,8,1,5,50,14,9,1,5,4,5,7,4,4,5,5,5,2,13,16,2,9,3,4,C03,7,9,3,18,2,11,,16,16,1,22,8,C03,120.648648,24.16896,2
2022,12,24,8,47,臺中市,西屯區,0,0,0,8,,,30,,,,,,,,,,,,,,,17,,,,,B01,,,1,,1,,,17,,1,22,,B01,120.645259,24.181769,3
2022,12,24,8,50,臺中市,霧峰區,0,0,0,8,,,50,,,,,,,,,,,,,,,16,,,,,C03,,,1,,2,,,16,,1,12,,C03,120.698686,24.064478,3
2022,12,24,8,56,臺中市,烏日區,0,0,0,8,1,5,50,4,1,1,5,4,5,7,1,1,1,4,5,1,16,9,,,,,B12,,,1,,2,,,9,,1,22,,B12,120.63838,24.221173,3
2022,12,24,8,58,臺中市,后里區,0,0,0,8,2,5,30,13,9,1,5,4,3,7,4,4,10,5,5,2,12,23,,,,,B03,,,1,,2,,,23,,1,22,,B03,120.698913,24.298381,3
2022,12,24,9,0,臺中市,西區,0,1,0,8,1,5,50,4,1,1,5,4,5,7,1,1,10,5,5,2,16,6,3,10,1,1,B03,7,6,1,8,1,2,,6,6,1,21,8,B03,120.652162,24.146736,2
2022,12,24,9,2,臺中市,西屯區,0,0,0,8,,,60,,,,,,,,,,,,,,,23,,,,,B12,,,1,,2,,,23,,1,21,,B12,120.652694,24.160874,3
2022,12,24,9,9,臺中市,太平區,0,1,0,8,1,5,50,4,1,1,5,4,5,7,1,1,10,5,5,2,15,25,2,9,1,1,C03,7,9,4,8,2,11,,25,25,1,22,5,C03,120.712859,24.144408,2
2022,12,24,9,13,臺中市,霧峰區,0,0,0,8,,,80,,,,,,,,,,,,,,,16,,,,,B03,,,1,,2,,,16,16,1,12,,B03,120.69542,24.052446,3
2022,12,24,9,14,臺中市,南屯區,0,0,0,8,,,50,,,,,,,,,,,,,,,23,,,,,A11,,,1,,2,,,23,,1,22,,A11,120.621145,24.151406,3
2022,12,24,9,15,臺中市,大里區,0,1,0,8,1,5,50,3,1,1,5,4,5,7,4,4,10,5,5,2,11,6,2,9,1,1,C03,7,5,3,18,2,11,,6,6,1,19,8,C03,120.702907,24.109058,2
2022,12,24,9,17,臺中市,外埔區,0,1,0,8,1,5,50,5,2,1,5,4,5,7,1,1,4,4,4,1,17,44,3,10,1,1,C03,7,9,1,10,1,15,,44,44,1,4,8,C03,120.639112,24.34157,2
2022,12,24,9,19,臺中市,大雅區,0,1,0,8,1,5,50,14,9,1,5,4,5,7,4,4,5,5,5,1,13,23,2,9,1,1,C03,7,9,1,10,2,11,,23,23,1,21,8,C03,120.647272,24.226389,2
2022,12,24,9,19,臺中市,西屯區,0,1,0,8,1,5,50,4,1,1,5,4,5,7,4,4,10,5,5,2,3,15,3,10,1,1,C03,7,9,1,10,1,11,,15,15,1,4,8,C03,120.645212,24.176565,2
2022,12,24,9,22,臺中市,南屯區,0,0,0,,,,50,,,,,,,,,,,,,,,12,,,,,B03,,,1,,1,,,12,12,1,22,,B03,120.61184,24.135016,3
2022,12,24,9,28,臺中市,南屯區,0,1,0,8,1,5,50,14,9,1,5,4,5,7,4,4,10,5,5,2,12,19,2,9,1,1,C03,7,9,1,10,2,11,12,44,19,1,5,8,C03,120.634771,24.155067,2
2022,12,24,9,30,臺中市,潭子區,0,0,0,8,,,50,,,,,,,,,,,,,,,42,,,,,C03,,,1,,2,,,42,,1,22,,C03,120.703213,24.207175,3