年,月,日,時,分,縣市,區,死,受傷,2-30,天候,光線,道路類別,速限,道路型態,事故位置,路面鋪裝,路面狀態,路面缺陷,障礙物,視距,號誌種類,號誌動作,分向設施,快車道或一般車道間,快慢車道間,路面邊線,事故類型及型態,主要肇因,受傷程度,主要傷處,保護裝備,行動電話,當事者區分,車輛用途,當事者行動狀態,駕駛資格情形,駕駛執照種類,飲酒情形,車輛撞擊部位最初,車輛撞擊部位其他,肇事因素個別,肇事因素主要,肇事逃逸,職業,旅次目的,車種,GPS緯度,GPS經度,事故類別
2022,12,26,13,19,臺中市,沙鹿區,0,2,0,8,1,5,50,12,9,1,5,4,5,2,4,4,9,5,5,2,16,44,2,9,1,1,C03,7,5,1,10,2,14,,44,44,1,22,9,C03,120.580674,24.219164,2
2022,12,26,13,20,臺中市,大雅區,0,0,0,8,,,30,,,,,,,,,,,,,,,12,,,,,B03,,,1,,2,,,12,,1,22,,B03,120.662862,24.221386,3
2022,12,26,13,20,臺中市,南屯區,0,0,0,6,,,50,,,,,,,,,,,,,,,12,,,,,B03,,,1,,2,,,12,,1,22,,B03,120.633357,24.149967,3
2022,12,26,13,22,臺中市,南區,0,1,0,8,1,5,50,4,1,1,5,4,5,7,1,1,10,5,5,2,13,23,2,8,1,1,C03,7,9,1,10,2,11,,23,23,1,22,8,C03,120.650151,24.120521,2
2022,12,26,13,26,臺中市,西區,0,0,0,8,,,50,,,,,,,,,,,,,,,23,,,,,B03,,,1,,1,,,23,,1,4,,B03,120.665281,24.146634,3
2022,12,26,13,27,臺中市,西屯區,0,0,0,8,,,50,,,,,,,,,,,,,,,16,,,,,A41,,,1,,1,,,16,,1,22,,A41,120.608833,24.156281,3
2022,12,26,13,30,臺中市,烏日區,0,0,0,8,,,30,,,,,,,,,,,,,,,6,,,,,C03,,,1,,2,,,6,,1,21,,C03,120.626838,24.102478,4
2022,12,26,13,38,臺中市,潭子區,0,0,0,8,,,50,,,,,,,,,,,,,,,17,,,,,B03,,,1,,2,,,17,,1,22,,B03,120.704624,24.195959,3
2022,12,26,13,39,臺中市,中區,0,0,0,8,,,50,,,,,,,,,,,,,,,16,,,,,C03,,,1,,1,,,16,,1,21,,C03,120.679547,24.142469,3
2022,12,26,13,40,臺中市,太平區,0,1,0,8,1,5,50,3,9,1,5,4,5,7,1,1,5,4,5,1,13,16,2,9,1,1,C03,7,9,1,10,2,11,,16,16,1,18,8,C03,120.712369,24.13379,2
2022,12,26,13,41,臺中市,西屯區,0,1,0,8,1,5,50,14,9,1,5,4,5,7,4,4,1,3,4,2,16,6,3,10,1,1,B03,7,6,1,8,2,2,,6,6,1,22,8,B03,120.656397,24.169828,2
2022,12,26,13,44,臺中市,北屯區,0,3,0,8,1,5,50,4,1,1,5,4,5,7,1,1,10,5,5,2,17,16,2,9,1,1,C03,7,9,3,18,2,13,,16,16,1,21,8,C03,120.702353,24.186646,2
2022,12,26,13,47,臺中市,西區,0,1,0,8,1,5,50,14,7,1,5,4,5,7,4,4,5,5,4,2,13,23,3,10,1,1,B03,7,9,1,8,2,5,,23,23,1,5,8,B03,120.655338,24.139739,2
2022,12,26,13,49,臺中市,東區,0,1,0,8,1,5,50,4,1,1,5,4,5,7,1,1,10,5,5,2,16,6,3,10,1,1,B03,7,6,1,8,2,6,,6,6,1,5,8,B03,120.697103,24.147971,2
2022,12,26,13,49,臺中市,太平區,0,0,0,8,,,50,,,,,,,,,,,,,,,23,,,,,B12,,,1,8,2,1,,23,23,1,22,,B12,120.704236,24.148331,3
2022,12,26,13,54,臺中市,北屯區,0,0,0,8,,,50,,,,,,,,,,,,,,,23,,,,,B01,,,1,,2,,,23,,1,10,,B01,120.745042,24.18803,3
2022,12,26,13,59,臺中市,西屯區,0,0,0,8,,,50,,,,,,,,,,,,,,,23,,,,,B03,,,1,,1,,,23,23,1,22,,B03,120.608397,24.154424,3
2022,12,26,13,59,臺中市,太平區,0,0,0,8,,,40,,,,,,,,,,,,,,,42,,,,,A12,,,1,,2,,,42,,1,21,,A12,120.733725,24.126775,3
2022,12,26,14,0,臺中市,西屯區,0,0,0,8,,,70,,,,,,,,,,,,,,,23,,,,,B03,,,1,,1,,,23,,1,22,,B03,120.624656,24.178523,3
2022,12,26,14,2,臺中市,神岡區,0,2,0,8,1,5,50,4,1,1,5,4,5,7,1,1,5,4,4,2,15,25,2,9,1,1,C03,7,9,1,10,2,12,,25,25,1,22,8,C03,120.685533,24.250986,2
2022,12,26,14,7,臺中市,南屯區,0,1,0,8,1,5,50,3,1,1,5,4,5,7,4,4,4,3,5,2,16,6,3,10,1,1,B03,7,9,1,8,2,8,1,6,6,1,22,8,B03,120.63415,24.14355,2
2022,12,26,14,11,臺中市,北屯區,0,0,0,8,,,50,,,,,,,,,,,,,,,23,,,,,B03,,,1,,1,,,23,,1,22,,B03,120.69271,24.164779,3
2022,12,26,14,14,臺中市,大雅區,0,0,0,,,,50,,,,,,,,,,,,,,,23,,,,,B03,,,1,,2,,,23,,1,22,,B03,120.647722,24.216892,3
2022,12,26,14,16,臺中市,豐原區,0,0,0,,,,50,,,,,,,,,,,,,,,17,,,,,A11,,,1,,9,,,17,,1,22,,A11,120.701209,24.249299,3
2022,12,26,14,18,臺中市,北屯區,0,1,0,8,1,5,50,14,7,1,5,4,5,7,4,4,1,5,4,2,12,19,3,10,1,1,B03,7,1,1,8,2,5,,19,19,1,22,8,B03,120.69318,24.176283,2
2022,12,26,14,20,臺中市,南屯區,0,0,0,8,,,40,,,,,,,,,,,,,,,19,,,,,C03,,,1,10,1,,,19,19,1,12,,C03,120.645068,24.132012,3
2022,12,26,14,23,臺中市,清水區,0,0,0,8,,,50,,,,,,,,,,,,,,,26,,,,,B03,,,1,,1,,,26,,1,21,,B03,120.540499,24.289562,3
2022,12,26,14,26,臺中市,豐原區,0,0,0,8,,,60,,,,,,,,,,,,,,,25,,,,,B03,,,1,,9,,,25,,1,21,,B03,120.71958,24.264125,3
2022,12,26,14,30,臺中市,和平區,0,0,0,8,,,40,,,,,,,,,,,,,,,18,3,10,1,4,B02,7,3,1,8,2,1,,18,18,1,22,6,B02,121.009986,24.204388,3
2022,12,26,14,30,臺中市,神岡區,0,0,0,8,,,50,,,,,,,,,,,,,,,23,,,,,B12,,,1,,1,,,23,,1,21,,B12,120.693435,24.248541,3
2022,12,26,14,32,臺中市,霧峰區,0,1,0,8,1,5,50,3,8,1,5,4,5,7,4,4,3,4,4,1,16,9,3,10,1,1,B03,7,6,1,8,2,5,,9,9,1,22,8,B03,120.69636,24.068615,2
2022,12,26,14,32,臺中市,大里區,0,1,0,8,1,5,50,3,1,1,5,4,5,7,1,1,1,4,4,1,16,6,3,10,1,1,B03,7,6,1,8,2,2,,6,6,1,4,8,B03,120.694593,24.089306,2
2022,12,26,14,34,臺中市,后里區,0,1,0,8,1,5,60,14,8,1,5,4,5,7,4,4,7,3,4,1,20,22,2,9,1,1,C03,7,9,1,10,2,12,,22,22,1,21,8,C03,120.722805,24.283578,2
2022,12,26,14,34,臺中市,大甲區,0,0,0,,,,50,,,,,,,,,,,,,,,17,,,,,C03,,,1,,2,,,17,17,1,22,,C03,120.625882,24.347051,3
2022,12,26,14,38,臺中市,中區,0,0,0,8,1,5,50,4,1,1,5,4,5,7,4,4,10,5,5,2,15,6,,,,,B03,,,1,,1,,,6,,1,22,,B03,120.681345,24.142198,3
2022,12,26,14,38,臺中市,南區,0,1,0,8,1,5,50,3,1,1,5,4,5,7,4,4,1,4,4,2,16,6,2,9,1,1,C03,7,5,1,10,2,12,,6,6,1,21,8,C03,120.671391,24.119155,2
2022,12,26,14,39,臺中市,大甲區,0,0,0,8,,,50,,,,,,,,,,,,,,,6,,,,,B12,,,1,,1,,,6,,1,4,,B12,120.627013,24.34928,3
2022,12,26,14,41,臺中市,西區,0,1,0,8,1,5,50,14,8,1,5,4,5,7,4,4,5,4,4,2,16,23,2,9,1,1,C03,7,7,1,10,2,14,,23,23,1,4,5,C03,120.671487,24.145338,2
2022,12,26,14,47,臺中市,東區,0,1,0,8,1,5,50,4,1,1,5,4,5,7,1,1,10,5,5,2,15,25,3,10,1,1,A42,7,9,1,1,2,2,,25,25,1,22,8,A42,120.700743,24.127231,2
2022,12,26,14,47,臺中市,神岡區,0,1,0,8,1,5,50,14,7,1,5,4,5,7,4,4,9,4,4,2,13,23,3,10,1,1,A12,7,9,1,7,2,1,,23,23,1,22,8,A12,120.656079,24.260382,2
2022,12,26,14,54,臺中市,北屯區,0,1,0,8,1,5,50,14,7,1,5,4,5,7,4,4,1,4,4,2,13,23,3,10,1,1,B12,7,9,1,8,2,1,,23,23,1,21,8,B12,120.661242,24.1909,2
2022,12,26,14,54,臺中市,梧棲區,0,1,0,8,1,5,50,3,1,1,5,4,5,7,4,4,10,5,5,2,16,6,3,10,1,1,B03,7,5,1,8,2,1,,6,6,1,2,8,B03,120.532978,24.252129,2
2022,12,26,14,58,臺中市,北區,0,1,0,8,1,5,50,14,8,1,2,4,5,7,4,4,8,3,4,1,17,30,3,10,3,4,C03,7,9,1,10,2,15,,30,30,1,22,8,C03,120.684483,24.151142,2
2022,12,26,15,0,臺中市,霧峰區,0,1,0,8,1,5,50,4,1,1,5,4,5,7,1,1,10,5,5,2,17,6,3,10,3,4,B03,7,5,1,8,2,6,,6,6,1,21,5,B03,120.707635,24.076537,2
2022,12,26,15,1,臺中市,大里區,0,0,0,8,,,50,,,,,,,,,,,,,,,42,,,,,A41,,,1,,2,,,42,,1,22,,A41,120.679121,24.079521,3
2022,12,26,15,1,臺中市,新社區,0,0,0,8,,,50,,,,,,,,,,,,,,,23,,,,,B03,,,1,,1,,,23,,1,22,,B03,120.8094,24.24212,3
2022,12,26,15,3,臺中市,太平區,0,0,0,8,,,30,,,,,,,,,,,,,,,23,,,,,C03,,,1,,1,5,,23,23,1,22,,C03,120.714937,24.144856,3
2022,12,26,15,4,臺中市,沙鹿區,0,1,0,8,1,5,40,14,11,1,5,4,5,7,4,4,1,4,3,1,16,26,3,10,1,1,B12,7,6,1,1,2,2,,26,26,1,10,1,B12,120.588153,24.249833,2
2022,12,26,15,5,臺中市,北區,0,0,0,8,,,40,,,,,,,,,,,,,,,23,,,,,C03,,,1,,2,,,23,,1,22,,C03,120.674511,24.162543,3
2022,12,26,15,5,臺中市,烏日區,0,0,0,8,1,5,30,4,1,1,5,4,5,7,1,1,10,5,5,1,20,17,3,10,3,4,B03,7,5,1,8,2,5,,17,17,1,21,9,B03,120.632378,24.0784,3
2022,12,26,15,10,臺中市,潭子區,0,0,0,8,,,60,,,,,,,,,,,,,,,23,,,,,B03,,,1,,2,,,23,23,1,22,,B03,120.705836,24.218051,3
2022,12,26,15,14,臺中市,龍井區,0,1,0,8,1,8,50,8,9,1,5,4,5,7,4,4,5,5,5,1,19,23,2,9,1,1,C03,7,9,1,10,2,11,,23,23,1,5,5,C03,120.545416,24.182005,2
2022,12,26,15,18,臺中市,霧峰區,0,0,0,8,,,30,,,,,,,,,,,,,,,6,,,,,C03,,,1,,2,,,6,,1,22,,C03,120.713445,24.078323,3
2022,12,26,15,19,臺中市,西區,0,0,0,8,,,60,,,,,,,,,,,,,,,23,,,,,B03,,,6,,2,,,23,,1,21,,B03,120.659422,24.157171,3
2022,12,26,15,19,臺中市,北屯區,0,1,0,8,1,5,40,14,8,1,5,4,5,7,4,4,1,5,1,2,17,23,2,9,1,1,C03,7,9,1,10,2,14,,23,23,1,21,8,C03,120.718178,24.160921,2
2022,12,26,15,20,臺中市,北區,0,0,0,8,,,50,,,,,,,,,,,,,,,6,,,,,B03,,,1,,11,,,6,6,1,22,,B03,120.686252,24.15482,3
2022,12,26,15,20,臺中市,南屯區,0,0,0,8,,,50,,,,,,,,,,,,,,,16,,,,,C03,,,1,,2,,,16,,1,22,,C03,120.64998,24.139412,3
2022,12,26,15,20,臺中市,北屯區,0,0,0,8,,,50,,,,,,,,,,,,,,,42,,,,,B03,,,1,,1,,,42,42,1,5,,B03,120.689607,24.176725,3
2022,12,26,15,20,臺中市,神岡區,0,1,0,8,1,5,40,3,1,1,5,4,5,7,4,4,9,5,5,1,16,1,2,9,1,1,C03,7,4,1,10,2,12,,1,1,1,21,8,C03,120.67323,24.268868,2
2022,12,26,15,27,臺中市,東勢區,0,1,0,8,1,5,40,11,9,1,5,4,5,7,4,4,5,5,5,1,11,23,3,10,3,4,B03,7,9,1,8,2,4,,23,23,1,22,8,B03,120.877053,24.259876,2
2022,12,26,15,28,臺中市,龍井區,0,1,0,8,1,5,50,3,2,1,5,4,5,7,4,4,5,5,4,2,17,23,2,8,3,4,C03,7,9,1,10,2,11,,23,23,1,22,9,C03,120.588338,24.180907,2
2022,12,26,15,29,臺中市,東區,0,1,0,8,1,5,30,4,1,1,5,4,5,7,4,4,10,5,5,2,15,6,3,10,1,1,C03,7,9,1,10,2,12,,6,6,1,22,8,C03,120.684091,24.133398,2
2022,12,26,15,33,臺中市,太平區,0,0,0,8,,,50,,,,,,,,,,,,,,,12,,,,,C03,,,1,,1,,,12,,1,4,,C03,120.701782,24.147956,3
2022,12,26,15,36,臺中市,清水區,0,1,0,8,1,5,50,14,9,1,5,4,5,7,4,4,8,3,5,1,16,7,3,10,1,1,B03,7,8,1,8,2,5,,7,7,1,21,8,B03,120.557084,24.266502,2
2022,12,26,15,45,臺中市,北區,0,0,0,8,1,5,50,4,2,1,5,4,5,7,1,1,5,4,5,2,13,16,3,10,1,1,B03,7,9,1,8,1,5,,16,16,1,5,5,B03,120.677314,24.151226,3
2022,12,26,15,45,臺中市,北屯區,0,0,0,8,,,50,,,,,,,,,,,,,,,16,,,,,B12,,,1,,1,,,16,,1,22,,B12,120.659387,24.20107,3
2022,12,26,15,47,臺中市,烏日區,0,0,0,8,1,5,50,14,9,1,5,4,5,7,4,4,1,4,5,1,14,12,3,10,3,4,B12,7,2,1,8,2,1,,12,12,1,21,9,B12,120.651038,24.098154,3
2022,12,26,15,49,臺中市,龍井區,0,0,0,8,,,60,,,,,,,,,,,,,,,7,,,,,B03,,,1,,2,,,7,,1,22,,B03,120.574242,24.181117,3
2022,12,26,15,53,臺中市,大雅區,0,1,0,8,1,5,30,4,1,1,5,4,5,7,4,4,10,5,5,2,15,6,2,9,1,1,C03,7,9,1,10,2,11,,6,6,1,22,9,C03,120.654417,24.214212,2
2022,12,26,15,58,臺中市,南屯區,0,3,0,8,1,5,50,3,1,1,5,4,5,7,3,1,4,3,4,2,17,23,3,10,1,1,B03,7,5,1,8,2,1,,23,23,1,22,8,B03,120.634123,24.143408,2
2022,12,26,16,0,臺中市,大甲區,0,0,0,8,,,50,,,,,,,,,,,,,,,19,,,,,B03,,,1,,1,,,19,,1,22,,B03,120.62176,24.349244,4
2022,12,26,16,3,臺中市,沙鹿區,0,1,0,8,1,5,15,14,9,1,5,4,5,5,4,4,5,5,5,2,16,17,3,10,1,1,B11,7,9,1,4,2,4,,17,17,1,22,9,B11,120.563207,24.251404,2
2022,12,26,16,5,臺中市,北屯區,0,1,0,8,1,5,50,3,1,1,5,4,5,7,1,1,10,5,5,2,12,9,3,10,1,1,B01,7,6,1,8,2,5,,9,9,1,10,8,B01,120.72442,24.181214,2
2022,12,26,16,6,臺中市,太平區,0,1,0,8,1,5,50,4,1,1,5,4,5,7,1,1,10,5,5,2,16,25,2,9,1,1,C03,7,6,1,10,2,14,,25,25,1,21,8,C03,120.725868,24.133994,2
2022,12,26,16,7,臺中市,大甲區,0,2,0,8,1,5,50,3,1,1,5,4,5,7,4,4,10,5,5,1,17,6,2,9,1,1,C03,7,5,6,18,2,12,,6,6,1,22,8,C03,120.62119,24.353483,2
2022,12,26,16,10,臺中市,潭子區,0,0,0,8,,,50,,,,,,,,,,,,,,,23,,,,,B03,,,1,,2,,,23,,1,22,,B03,120.704626,24.194939,3
2022,12,26,16,10,臺中市,神岡區,0,0,0,8,,,30,,,,,,,,,,,,,,,23,,,,,A12,,,1,,2,,,23,,1,22,,A12,120.675658,24.24905,3
2022,12,26,16,10,臺中市,豐原區,0,2,0,8,1,5,50,4,1,1,5,4,5,7,1,1,10,5,5,2,15,42,2,9,3,4,B03,7,9,1,8,2,1,,42,42,1,22,8,B03,120.733488,24.274236,2
2022,12,26,16,13,臺中市,北區,0,0,0,8,,,50,,,,,,,,,,,,,,,13,,,,,B01,,,1,,1,,,13,,1,10,,B01,120.681528,24.162954,3
2022,12,26,16,24,臺中市,北屯區,0,0,0,8,,,50,,,,,,,,,,,,,,,7,,,,,B03,,,1,,1,,,7,,1,21,,B03,120.718205,24.160655,3
2022,12,26,16,25,臺中市,南屯區,0,1,0,8,1,5,50,4,1,1,5,4,5,7,2,1,10,5,5,2,13,23,2,8,1,1,C03,7,9,1,10,2,11,,23,23,1,22,9,C03,120.646951,24.14374,2
2022,12,26,16,25,臺中市,北屯區,0,0,0,8,,,50,,,,,,,,,,,,,,,23,,,,,B03,,,1,,2,,,23,,1,21,,B03,120.68939,24.171479,3
2022,12,26,16,26,臺中市,大里區,0,2,0,8,1,5,50,4,1,1,5,4,5,7,1,1,10,5,5,2,16,25,2,9,1,1,C03,7,5,1,10,8,14,,25,25,1,22,8,C03,120.679483,24.076993,2
2022,12,26,16,30,臺中市,南屯區,0,0,0,8,,,50,,,,,,,,,,,,,,,26,,,,,B02,,,1,,2,,,26,,1,22,,B02,120.637876,24.148751,3
2022,12,26,16,35,臺中市,北區,0,2,0,8,1,5,50,14,9,1,5,4,5,7,2,1,5,4,5,2,13,23,2,9,1,1,C03,7,9,1,10,2,11,,23,23,1,22,8,C03,120.690443,24.156438,2
2022,12,26,16,37,臺中市,大安區,0,1,0,8,1,5,50,14,9,1,5,4,5,7,4,4,9,5,5,1,18,44,2,9,1,1,C03,7,9,1,10,2,14,,44,44,1,22,1,C03,120.612222,24.368948,2
2022,12,26,16,40,臺中市,沙鹿區,0,0,0,8,,,60,,,,,,,,,,,,,,,6,,,,,B03,,,1,,1,,,6,,1,4,,B03,120.597591,24.249998,3
2022,12,26,16,41,臺中市,潭子區,0,0,0,8,,,50,,,,,,,,,,,,,,,17,,,,,B03,,,1,,2,,,17,,1,22,,B03,120.699521,24.216171,3
2022,12,26,16,55,臺中市,大甲區,0,1,0,8,1,5,50,12,9,1,5,4,5,7,4,4,5,5,5,1,18,44,2,9,2,1,F01,7,9,8,20,2,16,,44,44,1,16,2,F01,120.628626,24.34056,2
2022,12,26,16,57,臺中市,沙鹿區,0,3,0,8,1,5,40,14,8,1,5,4,5,7,1,1,1,4,3,1,9,23,2,9,1,1,C03,7,9,2,18,2,11,,23,23,1,22,9,C03,120.580081,24.219697,2
2022,12,26,17,6,臺中市,后里區,0,1,0,8,2,5,50,12,9,5,5,2,1,7,4,4,10,5,5,2,18,42,2,9,1,1,C03,7,9,1,10,2,14,,42,42,1,4,1,C03,120.735392,24.296886,2
2022,12,26,17,6,臺中市,大甲區,0,0,0,,,,50,,,,,,,,,,,,,,,38,,,,,C03,,,1,,1,,,38,38,1,22,,C03,120.619078,24.342329,3
2022,12,26,17,10,臺中市,大雅區,0,1,0,8,1,5,30,14,9,1,5,4,5,7,4,4,10,5,5,1,12,1,3,10,1,1,B11,7,4,1,7,2,2,,1,1,1,22,9,B11,120.640874,24.208645,2
2022,12,26,17,10,臺中市,東區,0,0,0,8,1,5,50,14,9,1,5,4,5,7,4,4,5,5,5,2,14,12,3,10,1,1,B12,7,9,1,8,2,3,,12,12,1,22,8,B12,120.700342,24.12715,3
2022,12,26,17,12,臺中市,太平區,0,0,0,8,,,50,,,,,,,,,,,,,,,6,,,,,B03,,,1,,2,,,44,44,1,4,,B03,120.717509,24.11754,3
2022,12,26,17,16,臺中市,南屯區,0,0,0,8,,,40,,,,,,,,,,,,,,,12,,,,,B03,,,1,8,2,,,12,12,1,12,,B03,120.626056,24.138848,3
2022,12,26,17,16,臺中市,北屯區,0,0,0,8,,,50,,,,,,,,,,,,,,,16,,,,,B03,,,1,,1,,,16,16,1,5,,B03,120.665061,24.186312,3
2022,12,26,17,18,臺中市,太平區,0,0,0,8,,,30,,,,,,,,,,,,,,,23,,,,,B12,,,1,,2,,,23,,1,5,,B12,120.704071,24.112823,3
2022,12,26,17,18,臺中市,后里區,0,0,0,8,,,50,,,,,,,,,,,,,,,16,3,10,1,1,B03,7,9,1,8,2,1,1,16,16,1,22,5,B03,120.698239,24.31293,3
2022,12,26,17,19,臺中市,后里區,0,1,0,8,2,5,50,14,12,1,5,4,3,5,4,4,1,4,4,1,12,38,3,10,1,1,A05,7,14,1,2,1,15,,38,38,1,22,8,A05,120.721964,24.304977,2
2022,12,26,17,20,臺中市,北屯區,0,0,0,8,,,50,,,,,,,,,,,,,,,17,,,,,B03,,,1,,1,,,17,,1,21,,B03,120.690405,24.201815,3
2022,12,26,17,20,臺中市,豐原區,0,2,0,8,3,5,50,3,2,1,5,4,5,7,1,1,1,3,5,2,13,23,2,9,1,1,C03,7,9,1,9,2,11,,23,23,1,21,8,C03,120.736502,24.260977,2
2022,12,26,17,23,臺中市,太平區,0,1,0,8,1,5,50,5,2,1,5,4,5,7,2,1,1,4,5,2,12,42,3,10,1,1,C03,7,15,1,10,9,12,,42,42,1,22,8,C03,120.712827,24.145536,2
2022,12,26,17,24,臺中市,南區,0,1,0,8,3,5,50,3,1,1,5,4,5,7,1,1,10,5,5,2,17,42,2,8,1,1,C03,7,15,1,10,2,12,,42,42,1,22,8,C03,120.645385,24.110254,2
2022,12,26,17,24,臺中市,神岡區,0,2,0,8,1,5,30,4,1,1,5,4,5,7,3,1,1,5,5,1,15,6,2,9,1,4,C03,7,9,1,10,2,12,,6,6,1,22,9,C03,120.642802,24.243308,2
2022,12,26,17,25,臺中市,西區,0,0,0,,,,50,,,,,,,,,,,,,,,23,,,,,C03,,,1,,1,,,23,,1,5,,C03,120.661673,24.150865,3
2022,12,26,17,25,臺中市,南屯區,0,1,0,8,2,5,50,4,1,1,5,4,5,7,2,1,10,5,5,2,16,6,2,8,1,1,C03,7,5,1,10,2,11,,6,6,1,22,9,C03,120.635078,24.153748,2
2022,12,26,17,25,臺中市,烏日區,0,1,0,8,3,5,30,4,1,1,5,4,5,7,4,4,10,5,5,2,15,6,3,10,1,1,B03,7,9,1,8,2,2,,6,6,1,21,8,B03,120.643621,24.058075,2
2022,12,26,17,25,臺中市,龍井區,0,0,0,8,,,50,,,,,,,,,,,,,,,23,,,,,B03,,,1,,2,,,23,,1,22,,B03,120.583481,24.187288,3
2022,12,26,17,26,臺中市,大甲區,0,1,0,8,3,5,50,3,1,1,5,4,5,7,4,4,10,5,5,1,17,8,2,9,1,1,C03,7,5,1,10,2,12,,8,8,1,22,1,C03,120.61776,24.347772,2
2022,12,26,17,27,臺中市,大甲區,0,0,0,,,,30,,,,,,,,,,,,,,,42,,,,,B03,,,1,,1,,,42,42,1,22,,B03,120.630097,24.342991,3
2022,12,26,17,30,臺中市,霧峰區,0,0,0,8,2,5,50,4,1,1,5,4,5,7,4,4,10,5,5,2,15,6,,,,,B03,,,1,,2,,,6,,1,22,,B03,120.699116,24.073171,3
2022,12,26,17,34,臺中市,沙鹿區,0,1,0,7,2,5,40,3,8,1,5,4,5,7,4,4,3,4,4,1,13,23,2,9,1,1,C03,7,9,1,10,2,11,,23,23,1,22,9,C03,120.571121,24.241889,2
2022,12,26,17,35,臺中市,北區,0,0,0,8,,,50,,,,,,,,,,,,,,,23,,,,,C03,,,1,,2,,,23,,1,22,,C03,120.680853,24.149177,3
2022,12,26,17,35,臺中市,南屯區,0,1,0,8,1,5,50,4,1,1,5,4,5,7,1,1,4,3,4,2,16,6,3,10,1,1,C03,7,5,1,10,2,11,,6,6,1,22,8,C03,120.635088,24.148458,2
2022,12,26,17,36,臺中市,霧峰區,0,2,0,8,1,5,30,4,1,1,5,4,5,7,4,4,10,5,5,2,17,6,2,9,3,4,C03,7,9,1,10,2,12,,6,6,1,21,5,C03,120.713041,24.071575,2
2022,12,26,17,36,臺中市,龍井區,0,0,0,8,,,60,,,,,,,,,,,,,,,23,,,,,B03,,,1,,2,,,23,,1,22,,B03,120.592414,24.183218,3
2022,12,26,17,36,臺中市,梧棲區,0,0,0,8,,,70,,,,,,,,,,,,,,,16,,,,,B12,,,1,,2,,,16,,1,12,,B12,120.54426,24.246911,3
2022,12,26,17,38,臺中市,大里區,0,1,0,8,3,5,50,14,7,1,5,4,5,7,4,4,9,5,4,2,16,11,2,9,1,1,C03,7,11,1,10,2,12,,11,11,1,5,1,C03,120.693171,24.11446,2
2022,12,26,17,39,臺中市,大里區,0,0,0,8,,,50,,,,,,,,,,,,,,,23,,,,,C03,,,1,,2,,,23,,1,21,,C03,120.6956,24.088641,3
2022,12,26,17,41,臺中市,南區,0,0,0,8,3,5,30,4,1,1,5,4,5,7,4,4,10,5,5,2,15,6,3,10,1,1,C03,7,9,1,10,2,12,,6,6,1,5,8,C03,120.658679,24.124247,3
2022,12,26,17,41,臺中市,西屯區,0,0,0,8,,,50,,,,,,,,,,,,,,,43,,,,,B03,,,1,,11,,,43,,1,22,,B03,120.635879,24.181852,3
2022,12,26,17,42,臺中市,清水區,0,0,0,8,3,5,30,14,9,1,5,4,5,7,1,1,10,5,5,2,13,23,3,10,1,1,B02,7,14,1,8,2,3,,23,23,1,5,1,B02,120.577798,24.300576,3
2022,12,26,17,45,臺中市,烏日區,0,0,0,8,,,30,,,,,,,,,,,,,,,9,,,,,B12,,,1,,2,,,9,,1,21,,B12,120.623465,24.106186,3
2022,12,26,17,48,臺中市,大雅區,0,0,0,8,,,50,,,,,,,,,,,,,,,25,,,,,B03,,,1,,2,,,25,,1,22,,B03,120.646581,24.219421,3
2022,12,26,17,50,臺中市,南屯區,0,0,0,8,,,50,,,,,,,,,,,,,,,42,,,,,A11,,,1,,2,,,42,42,1,22,,A11,120.614876,24.153539,3
2022,12,26,17,50,臺中市,石岡區,0,0,0,8,,,50,,,,,,,,,,,,,,,23,,,,,B03,,,1,,2,,,23,,1,22,,B03,120.8131,24.257928,3
2022,12,26,17,50,臺中市,豐原區,0,0,0,8,,,60,,,,,,,,,,,,,,,25,,,,,B03,,,1,,2,,,25,,1,22,,B03,120.732863,24.274633,3
2022,12,26,17,52,臺中市,沙鹿區,0,2,0,8,3,5,50,3,1,1,5,4,5,7,4,4,10,5,5,1,17,6,3,10,1,1,B03,7,5,1,8,2,8,,6,6,1,4,9,B03,120.574579,24.216729,2
2022,12,26,17,56,臺中市,太平區,0,1,0,8,2,5,50,14,9,1,5,4,5,7,4,4,5,4,5,1,13,23,2,9,1,1,C03,7,9,1,10,2,14,,23,23,1,5,8,C03,120.737588,24.13194,2
2022,12,26,17,58,臺中市,北區,0,1,0,8,3,5,50,3,1,1,5,4,5,7,1,1,1,4,4,2,16,23,3,10,1,1,B03,7,5,1,8,2,5,,23,23,1,5,5,B03,120.694441,24.159885,2
2022,12,26,17,58,臺中市,西屯區,0,0,0,8,,,50,,,,,,,,,,,,,,,23,,,,,B03,,,1,,1,,,23,,1,22,,B03,120.640906,24.167408,3
2022,12,26,18,1,臺中市,北區,0,0,0,8,,,50,,,,,,,,,,,,,,,17,,,,,B12,,,3,,2,,,17,,1,22,,B12,120.674018,24.166928,3
2022,12,26,18,1,臺中市,南區,0,0,0,,,,50,,,,,,,,,,,,,,,23,,,,,B03,,,1,,2,,,23,,1,22,,B03,120.652279,24.112742,3
2022,12,26,18,2,臺中市,北屯區,0,0,0,8,,,50,,,,,,,,,,,,,,,7,,,,,B03,,,1,,1,,,7,,1,21,,B03,120.699959,24.160962,3