年,月,日,時,分,縣市,區,死,受傷,2-30,天候,光線,道路類別,速限,道路型態,事故位置,路面鋪裝,路面狀態,路面缺陷,障礙物,視距,號誌種類,號誌動作,分向設施,快車道或一般車道間,快慢車道間,路面邊線,事故類型及型態,主要肇因,受傷程度,主要傷處,保護裝備,行動電話,當事者區分,車輛用途,當事者行動狀態,駕駛資格情形,駕駛執照種類,飲酒情形,車輛撞擊部位最初,車輛撞擊部位其他,肇事因素個別,肇事因素主要,肇事逃逸,職業,旅次目的,車種,GPS緯度,GPS經度,事故類別
2022,12,26,18,5,臺中市,大里區,0,1,0,8,3,5,50,14,7,1,5,4,5,7,4,4,9,5,4,2,13,23,3,10,1,1,B03,7,9,1,8,2,8,,23,23,1,5,1,B03,120.69046,24.11346,2
2022,12,26,18,8,臺中市,潭子區,0,1,0,8,3,5,50,4,1,1,5,4,5,7,1,1,1,5,5,2,23,23,2,9,1,1,B12,7,5,1,8,2,1,,23,23,1,22,8,B12,120.678321,24.215714,2
2022,12,26,18,8,臺中市,東區,0,1,0,8,3,5,50,14,9,1,5,4,5,7,4,4,1,4,5,2,17,42,3,10,1,1,B12,7,9,1,8,2,2,,42,42,1,22,8,B12,120.692609,24.132446,2
2022,12,26,18,9,臺中市,西區,0,0,0,,,,50,,,,,,,,,,,,,,,23,,,,,B03,,,1,,1,,,23,,1,5,,B03,120.658836,24.146698,3
2022,12,26,18,12,臺中市,北屯區,0,0,0,8,,,50,,,,,,,,,,,,,,,23,,,,,B03,,,1,,1,,,23,,1,22,,B03,120.740874,24.179041,3
2022,12,26,18,13,臺中市,北屯區,0,1,0,8,1,5,50,14,9,1,5,4,5,7,4,4,5,4,5,2,13,16,3,10,1,1,B03,7,9,3,18,2,5,,16,16,1,5,8,B03,120.693733,24.164818,2
2022,12,26,18,14,臺中市,北屯區,0,1,0,8,3,5,50,4,1,1,5,4,5,7,2,1,10,5,5,2,13,16,2,9,1,1,C03,7,9,1,10,2,11,,16,16,1,22,8,C03,120.721215,24.169903,2
2022,12,26,18,15,臺中市,西區,0,1,0,8,3,5,50,4,1,1,5,4,5,7,4,4,10,5,5,2,12,23,3,10,1,1,C04,7,5,1,10,2,12,,23,23,1,22,9,C04,120.660293,24.149439,2
2022,12,26,18,16,臺中市,大甲區,0,0,0,,,,50,,,,,,,,,,,,,,,16,,,,,C03,,,1,,2,,,16,16,1,22,,C03,120.627017,24.34443,3
2022,12,26,18,17,臺中市,大雅區,0,0,0,8,,,50,,,,,,,,,,,,,,,26,,,,,C03,,,1,,2,,,26,,1,22,,C03,120.630239,24.241083,3
2022,12,26,18,20,臺中市,南區,0,2,0,8,3,5,50,3,1,1,5,4,5,7,4,4,10,5,5,2,17,6,2,9,1,1,C03,7,5,1,10,2,11,,6,6,1,22,8,C03,120.658017,24.124887,2
2022,12,26,18,22,臺中市,大雅區,0,1,0,8,3,5,50,3,2,1,5,4,5,7,1,1,5,5,4,1,16,19,2,9,1,1,C03,7,1,1,10,2,11,,19,19,1,22,9,C03,120.641013,24.219261,2
2022,12,26,18,29,臺中市,烏日區,0,0,0,8,2,5,50,3,2,1,5,4,5,7,2,1,1,4,4,1,13,23,3,10,3,4,B03,7,9,1,8,2,1,,23,23,1,21,9,B03,120.636094,24.106872,3
2022,12,26,18,30,臺中市,大里區,0,1,0,8,3,5,50,14,9,1,5,4,5,7,1,1,5,4,5,2,13,23,3,10,1,1,C03,7,9,1,10,2,11,,23,23,1,18,5,C03,120.694606,24.100616,2
2022,12,26,18,33,臺中市,南區,0,0,0,8,3,5,50,14,9,1,5,4,5,7,4,4,1,2,5,2,13,16,3,10,1,1,B03,7,9,1,8,2,1,,16,16,1,5,8,B03,120.650584,24.120279,3
2022,12,26,18,37,臺中市,北屯區,0,0,0,8,,,50,,,,,,,,,,,,,,,7,,,,,B03,,,1,,1,,,7,,1,22,,B03,120.685405,24.188142,3
2022,12,26,18,38,臺中市,龍井區,0,2,0,8,3,5,50,14,9,1,5,4,5,7,4,4,9,5,5,1,12,23,2,9,3,4,C03,7,9,1,10,2,14,,23,23,1,22,9,C03,120.584681,24.188424,2
2022,12,26,18,38,臺中市,大甲區,0,1,0,8,3,5,50,4,1,1,5,4,5,7,4,4,10,5,5,1,17,23,3,10,1,1,B12,7,5,1,8,2,1,,23,23,1,22,1,B12,120.619931,24.347007,2
2022,12,26,18,40,臺中市,大雅區,0,1,0,8,3,5,50,14,9,1,5,4,5,7,4,4,9,5,5,2,16,6,3,10,1,1,B03,7,5,1,8,2,1,,6,6,1,22,9,B03,120.647935,24.215007,2
2022,12,26,18,40,臺中市,南區,0,0,0,8,3,5,50,14,9,1,5,4,5,7,4,4,9,4,5,2,11,17,3,10,1,1,B03,7,9,1,8,2,4,,17,17,1,22,8,B03,120.655198,24.133263,3
2022,12,26,18,44,臺中市,北區,0,0,0,8,,,50,,,,,,,,,,,,,,,6,,,,,C03,,,1,,1,,,6,,1,22,,C03,120.68144,24.15828,3
2022,12,26,18,44,臺中市,沙鹿區,0,0,0,8,,,70,,,,,,,,,,,,,,,23,,,,,B03,,,1,,1,,,23,,1,4,,B03,120.615128,24.244076,3
2022,12,26,18,50,臺中市,南屯區,0,0,0,8,,,50,,,,,,,,,,,,,,,6,,,,,B03,,,1,8,2,,,6,6,1,12,,B03,120.63213,24.152149,3
2022,12,26,18,50,臺中市,北屯區,0,0,0,8,,,50,,,,,,,,,,,,,,,23,,,,,B03,,,1,,1,,,23,23,1,5,,B03,120.720828,24.181947,3
2022,12,26,18,51,臺中市,沙鹿區,0,1,0,7,3,5,60,4,1,1,5,4,5,7,1,1,3,4,5,2,3,23,3,10,1,1,B03,7,5,1,8,2,1,,23,23,1,22,9,B03,120.560675,24.24113,2
2022,12,26,18,52,臺中市,龍井區,0,1,0,8,3,5,30,4,1,1,5,4,5,7,4,4,10,5,5,2,15,6,3,10,1,1,B03,7,9,1,8,2,4,,23,6,1,2,8,B03,120.524717,24.203487,2
2022,12,26,19,1,臺中市,南屯區,0,0,0,8,,,50,,,,,,,,,,,,,,,8,,,,,C03,,,1,,2,,,8,,1,22,,C03,120.612764,24.13896,3
2022,12,26,19,5,臺中市,南屯區,0,0,0,8,,,50,,,,,,,,,,,,,,,2,,,,,B03,,,1,,1,,,2,,1,22,,B03,120.622422,24.150022,3
2022,12,26,19,6,臺中市,西屯區,0,0,0,8,,,50,,,,,,,,,,,,,,,7,,,,,B03,,,1,,1,,,7,,1,22,,B03,120.653533,24.160275,3
2022,12,26,19,6,臺中市,大里區,0,0,0,8,,,50,,,,,,,,,,,,,,,23,,,,,C03,,,1,,2,,,23,,1,11,,C03,120.698386,24.101871,3
2022,12,26,19,7,臺中市,北屯區,0,0,0,8,,,50,,,,,,,,,,,,,,,42,,,,,F01,,,8,,1,,,42,42,1,22,,F01,120.71454,24.179285,3
2022,12,26,19,9,臺中市,北區,0,2,0,8,3,5,50,3,1,1,5,4,5,7,1,1,10,5,5,2,12,8,2,9,1,1,C03,7,5,1,10,2,13,,8,8,1,22,8,C03,120.680468,24.165064,2
2022,12,26,19,10,臺中市,大里區,0,1,0,8,1,5,30,3,2,1,5,4,5,7,4,4,10,5,5,1,13,23,3,10,1,1,C03,7,9,1,10,2,11,,23,23,1,22,8,C03,120.709585,24.089358,2
2022,12,26,19,15,臺中市,潭子區,0,0,0,8,,,30,,,,,,,,,,,,,,,23,,,,,B03,,,1,,2,,,23,,1,22,,B03,120.708379,24.214216,3
2022,12,26,19,17,臺中市,西區,0,1,0,8,3,5,50,4,1,1,5,4,5,7,1,1,10,5,5,2,16,27,3,10,1,1,B03,7,6,1,8,2,6,,27,27,1,22,8,B03,120.678,24.134074,2
2022,12,26,19,21,臺中市,南屯區,0,1,0,8,3,5,50,4,1,1,5,4,5,7,2,1,1,3,5,2,16,26,3,10,1,1,B03,7,6,1,8,2,5,,26,26,1,22,8,B03,120.646656,24.13718,2
2022,12,26,19,24,臺中市,南屯區,0,0,0,,,,50,,,,,,,,,,,,,,,9,,,,,A11,,,1,,1,,,9,,1,4,,A11,120.623292,24.140702,3
2022,12,26,19,25,臺中市,沙鹿區,0,0,0,8,3,5,30,13,9,1,5,4,5,7,4,4,9,4,5,1,11,8,,,,,B03,,,1,,2,,,8,,1,22,,B03,120.557435,24.217557,3
2022,12,26,19,29,臺中市,北區,0,1,0,8,3,5,50,5,1,1,5,4,5,7,2,1,5,5,5,2,15,23,3,10,1,1,C03,7,9,1,10,2,11,,23,23,1,22,8,C03,120.675943,24.158234,2
2022,12,26,19,34,臺中市,西區,0,2,0,8,3,5,30,4,1,1,5,4,5,7,4,4,10,5,5,2,15,6,2,9,1,1,C03,7,9,1,10,2,11,,6,6,1,22,9,C03,120.659517,24.147306,2
2022,12,26,19,37,臺中市,大里區,0,0,0,8,,,50,,,,,,,,,,,,,,,23,,,,,C03,,,1,,2,,,23,,1,5,,C03,120.666135,24.111435,3
2022,12,26,19,40,臺中市,南屯區,0,0,0,8,,,50,,,,,,,,,,,,,,,7,,,,,B03,,,1,8,1,,,7,7,1,12,,B03,120.638391,24.151464,3
2022,12,26,19,41,臺中市,東勢區,0,0,0,8,3,5,60,14,9,1,5,4,5,7,4,4,1,5,5,1,12,7,,,,,C03,,,1,,1,,,23,44,1,22,,C03,120.824428,24.257963,3
2022,12,26,19,44,臺中市,沙鹿區,0,1,0,7,3,5,50,14,7,1,5,4,5,7,4,4,5,5,4,2,16,26,2,9,1,1,C03,7,11,2,18,2,12,,26,26,1,22,9,C03,120.567133,24.229363,2
2022,12,26,19,45,臺中市,豐原區,0,0,0,8,,,50,,,,,,,,,,,,,,,7,,,,,B03,,,1,,2,,,7,,1,22,,B03,120.735427,24.251177,3
2022,12,26,19,55,臺中市,南屯區,0,0,0,8,,,50,,,,,,,,,,,,,,,23,,,,,B03,,,1,,1,,,23,,1,22,,B03,120.62758,24.118157,3
2022,12,26,19,59,臺中市,中區,0,1,0,8,3,5,50,4,1,1,5,4,5,7,1,1,10,5,5,2,16,6,3,10,1,1,B03,7,5,1,8,2,6,,6,6,1,22,8,B03,120.679881,24.146232,2
2022,12,26,20,0,臺中市,神岡區,0,0,0,8,,,30,,,,,,,,,,,,,,,6,,,,,C03,,,1,,1,,,6,,1,22,,C03,120.697595,24.253402,3
2022,12,26,20,1,臺中市,霧峰區,0,0,0,8,,,50,,,,,,,,,,,,,,,42,,,,,C03,,,1,,2,,,42,,1,22,,C03,120.698611,24.0635,3
2022,12,26,20,1,臺中市,豐原區,0,0,0,8,,,60,,,,,,,,,,,,,,,16,,,,,B03,,,1,,2,,,16,,1,22,,B03,120.737524,24.250712,3
2022,12,26,20,8,臺中市,后里區,0,0,0,8,,,50,,,,,,,,,,,,,,,6,,,,,B12,,,1,,2,,,6,,1,22,,B12,120.692821,24.313802,3
2022,12,26,20,10,臺中市,南屯區,0,1,0,8,3,5,50,3,1,1,5,4,5,7,4,4,4,3,5,2,3,51,2,8,1,1,H01,8,16,8,20,10,16,,51,51,1,22,8,H01,120.639246,24.143836,2
2022,12,26,20,11,臺中市,中區,0,0,0,,,,50,,,,,,,,,,,,,,,7,,,,,C03,,,1,,1,,,7,,1,5,,C03,120.678238,24.141348,3
2022,12,26,20,13,臺中市,西屯區,0,0,0,8,,,50,,,,,,,,,,,,,,,23,,,,,C03,,,1,,9,,,23,,1,22,,C03,120.638671,24.159534,3
2022,12,26,20,18,臺中市,神岡區,0,1,0,8,3,5,50,4,1,1,5,4,5,7,1,1,5,5,5,1,15,25,2,9,1,1,C03,7,9,1,10,2,11,,25,25,1,22,8,C03,120.670864,24.261842,2
2022,12,26,20,19,臺中市,北屯區,0,1,0,8,3,5,50,14,9,1,5,4,5,7,4,4,1,4,5,2,13,16,2,9,1,1,C03,7,9,1,10,2,11,,16,16,1,22,8,C03,120.68541,24.168681,2
2022,12,26,20,23,臺中市,太平區,0,0,0,8,,,50,,,,,,,,,,,,,,,18,,,,,B03,,,1,,2,,,18,,1,4,,B03,120.718341,24.153781,3
2022,12,26,20,27,臺中市,東區,0,0,0,,,,50,,,,,,,,,,,,,,,23,,,,,B03,,,1,,2,,,23,,1,22,,B03,120.700535,24.138877,3
2022,12,26,20,31,臺中市,南區,0,1,0,8,3,5,50,4,1,1,5,4,5,7,1,1,10,5,5,2,16,25,3,10,1,1,B03,7,5,1,8,2,2,,25,25,1,22,8,B03,120.679286,24.119037,2
2022,12,26,20,32,臺中市,北區,0,0,0,8,,,50,,,,,,,,,,,,,,,23,,,,,C03,,,4,,2,,,23,,1,22,,C03,120.684665,24.164804,3
2022,12,26,20,37,臺中市,潭子區,0,0,0,8,,,50,,,,,,,,,,,,,,,26,,,,,B03,,,1,,2,,,26,,1,22,,B03,120.702485,24.188462,3
2022,12,26,20,40,臺中市,沙鹿區,0,0,0,8,3,5,50,14,9,1,5,4,5,7,4,4,4,3,4,1,14,12,,,,,B02,,,1,,2,,,12,12,1,2,,B02,120.568958,24.237077,3
2022,12,26,20,45,臺中市,北屯區,0,0,0,8,,,50,,,,,,,,,,,,,,,12,,,,,B03,,,1,,1,,,12,12,1,5,,B03,120.697775,24.182924,3
2022,12,26,20,48,臺中市,西區,0,1,0,8,3,5,50,3,2,1,5,4,5,7,1,1,5,4,5,2,12,7,3,10,1,1,B03,7,7,1,8,2,4,,7,7,1,22,9,B03,120.678339,24.139285,2
2022,12,26,20,49,臺中市,清水區,0,0,0,8,,,30,,,,,,,,,,,,,,,23,,,,,B03,,,1,,2,,,23,,1,21,,B03,120.548391,24.262502,3
2022,12,26,20,50,臺中市,南區,0,1,0,8,3,5,50,14,9,1,5,4,5,7,4,4,1,4,5,2,17,10,3,10,1,1,B03,7,11,6,8,8,8,,10,10,1,5,8,B03,120.646452,24.110758,2
2022,12,26,20,57,臺中市,清水區,0,0,0,8,3,5,50,14,9,1,5,4,5,7,4,4,5,5,5,2,16,6,3,10,1,1,B03,7,6,1,8,2,4,,6,6,1,5,8,B03,120.578213,24.270144,3
2022,12,26,21,12,臺中市,北區,0,0,0,8,,,40,,,,,,,,,,,,,,,23,,,,,C03,,,1,,2,,,23,,1,22,,C03,120.671952,24.171982,3
2022,12,26,21,14,臺中市,北區,0,0,0,8,,,50,,,,,,,,,,,,,,,23,,,,,B03,,,1,,2,,,23,,1,22,,B03,120.682396,24.153769,3
2022,12,26,21,15,臺中市,大里區,0,0,0,8,3,5,50,4,1,1,5,4,5,7,3,1,5,5,5,2,15,6,,,,,C03,,,1,,2,,,6,,1,22,,C03,120.676482,24.101871,3
2022,12,26,21,26,臺中市,北區,0,1,0,8,3,5,50,14,7,1,5,4,5,7,4,4,5,5,4,2,13,23,2,9,1,1,C03,7,9,1,10,2,11,,23,23,1,22,8,C03,120.676166,24.172634,2
2022,12,26,21,37,臺中市,北區,0,0,0,8,,,50,,,,,,,,,,,,,,,23,,,,,B03,,,1,,2,,,23,,1,21,,B03,120.685202,24.149342,3
2022,12,26,21,44,臺中市,西屯區,0,1,0,8,3,5,50,14,9,1,5,4,5,7,4,4,5,5,5,2,2,17,3,10,1,1,B03,7,9,1,8,1,2,,17,17,1,22,8,B03,120.646184,24.175265,2
2022,12,26,21,45,臺中市,東區,0,1,0,8,1,5,50,4,1,1,5,4,5,7,1,1,5,4,5,2,13,16,2,9,1,1,C04,7,9,1,10,2,11,,16,16,1,22,8,C04,120.685837,24.14315,2
2022,12,26,21,53,臺中市,北屯區,0,2,0,8,3,5,50,4,1,1,5,4,5,7,4,4,10,5,5,2,15,6,2,9,1,1,C03,7,9,1,10,2,12,,6,6,1,21,8,C03,120.67735,24.175023,2
2022,12,26,21,59,臺中市,西屯區,0,2,0,8,3,5,30,3,1,1,5,4,5,7,4,4,10,5,5,2,16,6,3,10,3,4,C03,7,5,1,10,1,11,,6,6,1,22,8,C03,120.644845,24.181215,2
2022,12,26,22,16,臺中市,南區,0,0,0,8,,,50,,,,,,,,,,,,,,,26,,,,,C03,,,2,,2,,,26,,1,22,,C03,120.660534,24.116875,3
2022,12,26,22,20,臺中市,大雅區,0,0,0,8,,,50,,,,,,,,,,,,,,,12,,,,,B03,,,1,,2,,,12,12,1,22,,B03,120.654748,24.227534,4
2022,12,26,22,21,臺中市,西屯區,0,0,0,,,,,,,,,,,,,,,,,,,23,,,,,,,,,,,,,23,,1,,,,120.646179,24.171722,3
2022,12,26,22,27,臺中市,北屯區,0,1,0,8,3,5,50,4,1,1,5,4,5,7,1,1,10,5,5,2,12,7,3,10,1,1,C03,7,10,1,9,2,12,,7,7,1,21,8,C03,120.664044,24.185599,2
2022,12,26,22,44,臺中市,北屯區,0,1,0,8,3,5,50,5,1,1,5,4,5,7,1,1,10,5,5,2,15,25,2,9,1,1,C03,7,9,1,9,2,11,,25,25,1,4,8,C03,120.676711,24.176952,2
2022,12,26,23,5,臺中市,北屯區,0,0,0,8,,,50,,,,,,,,,,,,,,,42,,,,,A41,,,1,,1,,,42,,1,10,,A41,120.67819,24.200744,3
2022,12,26,23,7,臺中市,北屯區,0,2,0,8,3,5,50,14,7,1,5,4,5,7,4,4,5,4,4,2,12,26,2,9,1,1,C03,7,5,1,10,2,13,,26,26,1,22,8,C03,120.69143,24.170165,2
2022,12,26,23,10,臺中市,梧棲區,0,2,0,8,4,5,40,4,1,1,5,4,5,7,1,1,10,5,5,2,13,14,2,9,1,1,C03,7,9,1,10,2,11,,14,14,1,18,8,C03,120.552137,24.244335,2
2022,12,26,23,45,臺中市,北屯區,0,0,0,8,,,40,,,,,,,,,,,,,,,23,,,,,B03,,,1,,1,,,23,,1,22,,B03,120.719245,24.163349,3
2022,12,27,0,4,臺中市,霧峰區,0,3,0,8,4,5,50,4,1,1,5,4,5,7,3,1,10,5,5,2,16,6,2,9,1,1,C03,7,9,1,10,2,11,,6,6,1,18,8,C03,120.714563,24.075993,2
2022,12,27,0,15,臺中市,北區,0,0,0,8,,,50,,,,,,,,,,,,,,,42,,,,,C03,,,1,,11,,,42,,1,22,,C03,120.677215,24.152841,3
2022,12,27,0,21,臺中市,西屯區,0,1,0,8,3,5,40,4,2,1,5,4,5,7,1,1,1,4,5,2,13,16,2,8,1,1,C03,7,9,1,10,2,11,,16,16,1,22,8,C03,120.602846,24.183045,2
2022,12,27,0,56,臺中市,西區,0,1,0,8,3,5,50,14,7,1,5,4,5,7,4,4,5,4,4,2,24,23,2,9,1,1,C03,7,9,1,10,2,11,,23,23,1,22,8,C03,120.652894,24.147323,2
2022,12,27,0,58,臺中市,南屯區,0,1,0,7,3,5,50,4,1,1,5,4,5,7,1,1,10,5,5,2,18,67,,,,,,,,,,,,,67,67,1,,,,120.630056,24.122935,2
2022,12,27,1,50,臺中市,西屯區,0,2,0,8,3,5,50,4,1,1,5,4,5,7,3,1,10,5,5,2,15,6,2,9,1,1,B03,7,9,1,8,2,1,,6,6,1,21,8,B03,120.64036,24.16427,2
2022,12,27,2,14,臺中市,清水區,0,0,0,8,3,5,60,14,7,1,5,4,5,7,1,1,1,4,3,1,13,23,,,,,B03,,,1,,3,,,23,,1,5,,B03,120.558406,24.273195,3
2022,12,27,2,22,臺中市,南區,1,1,0,8,1,5,50,4,1,1,5,4,5,7,1,1,10,5,5,2,15,25,2,9,1,1,B01,7,9,1,7,2,4,,25,25,1,22,8,B01,120.662705,24.127322,1
2022,12,27,3,7,臺中市,潭子區,0,0,0,8,,,50,,,,,,,,,,,,,,,43,,,,,,,,,,,,,43,,1,,,,120.700964,24.213976,3
2022,12,27,5,30,臺中市,神岡區,1,0,0,8,3,5,60,4,1,1,5,4,5,7,2,1,10,5,5,2,15,25,1,1,2,1,F01,7,9,8,20,2,16,,25,25,1,20,7,F01,120.708962,24.259443,1
2022,12,27,5,40,臺中市,烏日區,0,0,0,8,,,30,,,,,,,,,,,,,,,23,,,,,F01,,,1,,2,,,23,,1,21,,F01,120.639302,24.085236,4
2022,12,27,5,48,臺中市,西屯區,0,1,0,8,1,5,40,14,8,1,5,4,5,7,4,4,1,5,5,2,18,43,2,9,1,1,C03,7,9,1,10,2,12,,43,43,1,22,8,C03,120.593536,24.182505,2
2022,12,27,6,17,臺中市,烏日區,0,0,0,8,,,30,,,,,,,,,,,,,,,6,,,,,B03,,,1,,2,,,6,6,1,21,,B03,120.603315,24.11456,3
2022,12,27,6,28,臺中市,沙鹿區,0,1,0,8,2,5,40,4,2,1,5,4,5,7,1,1,1,4,1,1,12,42,3,10,1,1,B03,7,15,1,8,2,2,,42,42,1,19,8,B03,120.568207,24.238389,2
2022,12,27,6,33,臺中市,南屯區,0,1,0,8,2,5,50,14,9,1,5,4,5,7,4,4,1,4,4,2,13,23,2,1,3,1,B03,7,8,1,8,2,5,1,23,23,1,8,1,B03,120.654208,24.140215,2
2022,12,27,6,40,臺中市,潭子區,0,1,0,8,1,5,40,11,9,1,5,4,5,7,4,4,10,5,5,2,17,5,3,10,1,1,B03,7,15,6,18,2,15,,5,5,1,21,8,B03,120.714407,24.217182,2
2022,12,27,6,48,臺中市,北區,0,1,0,8,1,5,50,4,1,1,5,4,5,7,1,1,5,5,5,2,16,25,3,10,1,1,B03,7,6,1,10,2,5,,25,25,1,21,8,B03,120.672053,24.159229,2
2022,12,27,6,48,臺中市,清水區,0,0,0,8,,,40,,,,,,,,,,,,,,,40,,,,,B12,,,1,,2,,,40,,1,5,,B12,120.538021,24.280918,3
2022,12,27,6,51,臺中市,北屯區,0,2,0,8,1,5,50,4,1,1,5,4,5,7,2,1,10,5,5,2,15,25,2,8,1,1,B03,7,9,1,8,2,1,,25,25,1,22,8,B03,120.671611,24.189513,2
2022,12,27,6,58,臺中市,龍井區,0,2,0,8,1,5,30,4,1,1,5,4,5,7,4,4,10,5,5,2,16,6,2,8,1,1,C03,7,5,1,10,2,14,,6,6,1,22,1,C03,120.583023,24.17876,2
2022,12,27,7,4,臺中市,龍井區,0,0,0,8,,,40,,,,,,,,,,,,,,,23,,,,,B03,,,1,,2,,,23,,1,9,,B03,120.494161,24.213716,3
2022,12,27,7,6,臺中市,北屯區,0,0,0,8,,,50,,,,,,,,,,,,,,,23,,,,,C03,,,1,,2,,,23,,1,21,,C03,120.722514,24.176045,3
2022,12,27,7,9,臺中市,霧峰區,0,0,0,8,,,60,,,,,,,,,,,,,,,10,,,,,B03,,,1,,2,,,10,,1,22,,B03,120.691951,24.041142,3
2022,12,27,7,10,臺中市,東區,0,1,0,8,1,5,50,4,1,1,5,4,5,7,2,1,10,5,5,2,13,23,3,10,3,4,B03,7,9,1,8,2,5,,23,23,1,5,8,B03,120.708055,24.149083,2
2022,12,27,7,10,臺中市,神岡區,0,0,0,8,,,30,,,,,,,,,,,,,,,6,,,,,B03,,,1,,1,,,6,6,1,12,,B03,120.660009,24.273152,3
2022,12,27,7,12,臺中市,太平區,0,0,0,8,,,50,,,,,,,,,,,,,,,19,,,,,B03,,,1,,2,,,19,,1,4,,B03,120.721451,24.129674,3
2022,12,27,7,14,臺中市,大里區,0,1,0,8,1,5,30,4,1,1,5,4,5,7,4,4,10,5,5,2,17,6,3,10,1,1,B03,7,5,1,8,2,4,,6,6,1,4,8,B03,120.689999,24.087454,2
2022,12,27,7,17,臺中市,豐原區,0,1,0,8,1,5,50,3,1,1,5,4,5,7,3,1,10,5,5,2,17,26,3,10,1,1,B03,7,9,1,8,2,4,,26,26,1,22,8,B03,120.741971,24.255668,2
2022,12,27,7,18,臺中市,大里區,0,0,0,8,,,40,,,,,,,,,,,,,,,16,,,,,B12,,,1,,2,,,16,,1,21,,B12,120.691665,24.10037,3
2022,12,27,7,19,臺中市,大甲區,0,4,0,8,1,5,50,3,1,1,5,4,5,7,3,1,10,5,5,2,15,6,2,9,1,1,C03,7,9,1,10,2,11,,23,6,1,22,9,C03,120.617161,24.351834,2
2022,12,27,7,22,臺中市,豐原區,0,1,0,8,1,5,30,14,7,1,5,4,5,7,4,4,8,3,4,1,13,23,2,9,1,1,C03,7,9,1,10,2,11,,23,23,1,22,5,C03,120.723343,24.24685,2
2022,12,27,7,26,臺中市,南屯區,0,0,0,8,,,60,,,,,,,,,,,,,,,43,,,,,A12,,,1,,3,,,43,,1,22,,A12,120.623505,24.152155,3
2022,12,27,7,28,臺中市,烏日區,1,0,0,8,1,5,50,14,8,1,5,4,5,7,4,4,1,4,1,1,13,23,1,1,1,1,C03,7,9,1,10,2,11,,23,23,1,22,8,C03,120.634497,24.09475,1
2022,12,27,7,28,臺中市,神岡區,0,1,0,8,1,5,50,3,1,1,5,4,5,7,3,1,5,5,5,1,16,19,3,10,1,1,B03,7,1,1,8,2,8,,19,19,1,22,8,B03,120.679991,24.266171,2
2022,12,27,7,30,臺中市,北屯區,0,0,0,8,,,50,,,,,,,,,,,,,,,23,,,,,B03,,,1,,1,,,23,,1,22,,B03,120.699599,24.1648,3
2022,12,27,7,33,臺中市,大雅區,0,1,0,8,1,5,50,14,13,1,5,4,4,7,4,4,1,4,4,1,18,23,2,8,1,1,C03,7,1,1,10,2,11,,23,23,1,22,9,C03,120.641029,24.230351,2
2022,12,27,7,35,臺中市,南區,0,1,0,8,1,5,40,4,1,1,5,4,5,7,2,1,5,4,4,2,13,23,3,10,1,1,C03,7,9,1,10,2,11,,23,23,1,21,8,C03,120.668671,24.114552,2
2022,12,27,7,36,臺中市,北屯區,0,0,0,8,,,40,,,,,,,,,,,,,,,19,,,,,B03,,,1,,1,,,19,,1,22,,B03,120.740566,24.179232,3
2022,12,27,7,39,臺中市,龍井區,0,1,0,8,1,5,30,5,1,1,5,4,5,7,4,4,10,5,5,2,16,6,3,10,3,4,B03,7,9,1,8,2,2,,6,6,1,4,1,B03,120.527068,24.188365,2
2022,12,27,7,39,臺中市,沙鹿區,0,0,0,8,,,60,,,,,,,,,,,,,,,16,,,,,B03,,,1,,2,,,16,16,1,22,,B03,120.564691,24.23969,3
2022,12,27,7,40,臺中市,大雅區,0,1,0,8,1,5,50,4,1,1,5,4,5,7,1,1,3,4,5,1,17,19,2,9,1,1,C03,7,1,1,10,2,12,,19,19,1,22,8,C03,120.66439,24.233894,2
2022,12,27,7,41,臺中市,大肚區,0,2,0,8,1,5,50,14,8,1,5,4,5,7,4,4,1,4,4,1,13,23,2,9,1,1,C03,7,9,1,10,2,11,,23,23,1,21,8,C03,120.557251,24.127326,2
2022,12,27,7,42,臺中市,西屯區,0,1,0,8,1,5,50,14,9,1,5,4,5,7,4,4,1,3,5,2,13,16,2,9,1,1,C03,7,9,1,10,2,11,,16,16,1,22,8,C03,120.601158,24.191953,2
2022,12,27,7,42,臺中市,烏日區,0,1,0,8,1,5,50,4,1,1,5,4,5,7,4,4,9,5,5,1,16,6,2,9,1,1,C03,7,5,1,10,2,11,,6,6,1,22,8,C03,120.643067,24.055331,2
2022,12,27,7,43,臺中市,霧峰區,0,0,0,8,,,30,,,,,,,,,,,,,,,8,,,,,B03,,,1,,2,,,8,8,1,22,,B03,120.67515,24.066026,3
2022,12,27,7,44,臺中市,烏日區,0,1,0,7,1,5,50,14,9,1,5,4,5,7,4,4,8,5,5,2,13,16,2,8,1,1,C03,7,9,1,10,2,11,14,16,16,1,22,9,C03,120.604897,24.106536,2
2022,12,27,7,45,臺中市,西區,0,0,0,8,,,50,,,,,,,,,,,,,,,23,,,,,B03,,,1,,1,,,23,,1,4,,B03,120.657258,24.134846,3
2022,12,27,7,45,臺中市,大甲區,0,1,0,8,1,5,50,11,9,1,5,4,5,1,4,4,10,5,5,2,13,23,2,8,1,1,C03,7,10,1,10,2,11,,23,23,1,22,9,C03,120.638901,24.408398,2
2022,12,27,7,46,臺中市,東區,0,0,0,8,1,5,50,14,9,1,5,4,5,7,1,1,3,4,5,2,13,44,3,10,1,1,C03,7,9,1,10,2,11,,44,44,1,21,8,C03,120.68948,24.138854,3