年,月,日,時,分,縣市,區,死,受傷,2-30,天候,光線,道路類別,速限,道路型態,事故位置,路面鋪裝,路面狀態,路面缺陷,障礙物,視距,號誌種類,號誌動作,分向設施,快車道或一般車道間,快慢車道間,路面邊線,事故類型及型態,主要肇因,受傷程度,主要傷處,保護裝備,行動電話,當事者區分,車輛用途,當事者行動狀態,駕駛資格情形,駕駛執照種類,飲酒情形,車輛撞擊部位最初,車輛撞擊部位其他,肇事因素個別,肇事因素主要,肇事逃逸,職業,旅次目的,車種,GPS緯度,GPS經度,事故類別
2022,12,27,7,48,臺中市,霧峰區,0,1,0,8,1,5,50,3,1,1,5,4,5,7,4,4,10,5,4,1,16,6,3,10,1,1,B03,7,5,1,8,2,1,,6,6,1,4,8,B03,120.69697,24.065107,2
2022,12,27,7,49,臺中市,北區,0,0,0,8,1,5,50,14,9,1,5,4,5,7,4,4,8,3,5,2,12,19,3,10,1,1,B03,7,1,1,8,2,5,,19,19,1,22,8,B03,120.682374,24.16672,3
2022,12,27,7,49,臺中市,北區,0,0,0,8,,,50,,,,,,,,,,,,,,,16,,,,,C03,,,1,,2,,,16,,1,22,,C03,120.686252,24.15482,3
2022,12,27,7,50,臺中市,南區,0,2,0,8,1,5,50,3,1,1,5,4,5,7,1,1,10,5,5,2,13,16,2,9,1,1,C03,7,9,1,10,2,14,,16,16,1,22,8,C03,120.679238,24.122375,2
2022,12,27,7,50,臺中市,神岡區,0,1,0,8,1,5,50,14,9,1,5,4,5,7,4,4,9,4,5,1,17,16,2,9,1,1,C03,7,9,1,10,2,11,,16,16,1,12,8,C03,120.645661,24.279425,2
2022,12,27,7,50,臺中市,豐原區,0,1,0,8,1,5,30,3,1,1,5,4,5,7,4,4,10,5,5,2,16,6,3,10,1,1,B12,7,5,1,8,2,4,,6,6,1,22,8,B12,120.726677,24.231969,2
2022,12,27,7,52,臺中市,沙鹿區,0,1,0,8,1,5,50,3,1,1,5,4,5,7,3,1,10,5,5,2,17,23,3,10,1,1,B03,7,15,1,8,2,2,,23,23,1,9,5,B03,120.569722,24.224722,2
2022,12,27,7,52,臺中市,沙鹿區,0,1,0,8,1,5,50,3,1,1,5,4,5,7,4,4,9,5,5,1,12,42,2,9,1,1,C03,7,15,1,10,2,14,,42,42,1,4,8,C03,120.566488,24.235569,2
2022,12,27,7,53,臺中市,西屯區,0,2,0,8,1,5,30,4,1,1,5,4,5,7,4,4,10,5,5,2,15,6,2,9,1,1,C03,7,9,1,10,2,15,,6,6,1,22,8,C03,120.644086,24.180628,2
2022,12,27,7,54,臺中市,東區,0,0,0,,,,50,,,,,,,,,,,,,,,42,,,,,C03,,,1,,2,,,42,,1,5,,C03,120.705235,24.130318,3
2022,12,27,7,54,臺中市,西屯區,0,1,0,8,1,5,30,4,1,1,5,4,5,7,4,4,10,5,5,2,16,8,2,9,3,4,C03,7,5,1,10,2,14,,8,8,1,22,8,C03,120.647843,24.174003,2
2022,12,27,7,56,臺中市,大雅區,0,1,0,8,1,5,30,4,1,1,5,4,5,7,3,1,10,5,5,1,15,6,3,10,1,1,C03,7,9,1,10,2,14,,6,6,1,22,9,C03,120.630988,24.220092,2
2022,12,27,7,56,臺中市,東區,0,0,0,8,,,30,,,,,,,,,,,,,,,23,,,,,A12,,,1,7,2,,,23,23,1,5,,A12,120.701393,24.125496,3
2022,12,27,7,56,臺中市,北屯區,0,0,0,6,,,50,,,,,,,,,,,,,,,7,,,,,B03,,8,1,8,1,2,,7,7,1,21,8,B03,120.737697,24.178398,3
2022,12,27,7,57,臺中市,西屯區,0,0,0,8,,,50,,,,,,,,,,,,,,,17,,,,,B03,,,1,,1,,,17,,1,22,,B03,120.633639,24.179675,3
2022,12,27,7,57,臺中市,后里區,0,1,0,8,1,5,60,14,9,1,5,4,5,7,4,4,8,4,5,1,13,23,2,9,1,1,C03,7,9,1,10,2,11,,23,16,1,22,8,C03,120.730231,24.333145,2
2022,12,27,7,58,臺中市,大里區,0,0,0,8,,,50,,,,,,,,,,,,,,,6,,,,,B03,,,1,,2,,,6,,1,5,,B03,120.69919,24.109655,3
2022,12,27,8,0,臺中市,西屯區,0,0,0,8,,,50,,,,,,,,,,,,,,,16,,,,,B03,,,1,,1,,,16,,1,22,,B03,120.597192,24.182017,3
2022,12,27,8,1,臺中市,南區,0,0,0,8,,,50,,,,,,,,,,,,,,,16,,,,,C03,,,3,,2,,,16,16,1,22,,C03,120.657175,24.113683,3
2022,12,27,8,3,臺中市,西區,0,1,0,8,1,5,40,14,8,1,5,4,5,7,4,4,1,4,1,2,13,16,3,10,1,1,C03,7,9,1,10,1,11,,16,16,1,5,8,C03,120.668722,24.151033,2
2022,12,27,8,3,臺中市,西區,0,1,0,8,1,5,40,4,8,1,5,4,5,7,1,1,5,5,4,2,13,23,2,8,1,1,C03,7,9,1,10,2,12,,23,23,1,21,8,C03,120.661948,24.138179,2
2022,12,27,8,4,臺中市,龍井區,0,1,0,8,1,5,50,14,9,1,5,4,5,7,4,4,9,5,5,2,26,23,2,9,3,4,C03,7,9,1,10,2,11,,23,23,1,4,1,C03,120.527155,24.188616,2
2022,12,27,8,10,臺中市,南屯區,0,0,0,8,,,50,,,,,,,,,,,,,,,42,,,,,B02,,,1,,1,,,42,,1,22,,B02,120.623258,24.149291,3
2022,12,27,8,10,臺中市,北屯區,0,1,0,8,1,5,50,3,2,1,5,4,5,7,4,4,5,5,4,2,17,7,3,10,1,1,B12,7,8,1,8,2,6,,7,7,1,21,8,B12,120.689001,24.181206,2
2022,12,27,8,10,臺中市,北屯區,0,2,0,8,1,5,50,3,2,1,5,4,5,7,4,4,5,4,5,2,18,23,2,8,1,1,C03,7,9,1,10,1,12,,23,23,1,22,8,C03,120.690469,24.177583,2
2022,12,27,8,10,臺中市,烏日區,0,1,0,8,1,5,30,4,1,1,5,4,5,7,4,4,10,5,5,2,15,6,3,10,1,1,C03,7,9,4,8,2,11,,6,6,1,21,8,C03,120.649588,24.070187,2
2022,12,27,8,10,臺中市,潭子區,0,0,0,8,,,50,,,,,,,,,,,,,,,16,,,,,B03,,,1,,2,,,16,,1,22,,B03,120.707131,24.200313,3
2022,12,27,8,11,臺中市,西屯區,0,1,0,8,1,5,50,14,9,1,5,4,5,7,4,4,1,3,5,2,13,16,2,8,1,1,C03,7,9,1,10,2,11,,16,16,1,22,8,C03,120.601158,24.191953,2
2022,12,27,8,12,臺中市,北區,0,1,0,8,1,5,50,4,1,1,5,4,5,7,1,1,5,4,5,2,16,1,3,10,1,1,C03,7,1,1,10,2,14,,1,1,1,5,8,C03,120.68616,24.146227,2
2022,12,27,8,13,臺中市,龍井區,0,1,0,8,1,5,40,3,1,1,5,4,5,7,4,4,10,5,5,2,13,16,2,8,1,1,C03,7,9,1,10,2,11,,16,16,1,22,8,C03,120.594183,24.190788,2
2022,12,27,8,15,臺中市,潭子區,0,0,0,8,,,30,,,,,,,,,,,,,,,19,,,,,B03,,,1,,2,,,19,19,1,22,,B03,120.713601,24.205267,3
2022,12,27,8,15,臺中市,東區,0,0,0,8,1,5,50,4,9,1,5,4,5,7,1,1,5,4,5,2,17,42,3,10,1,1,B12,7,15,1,8,2,3,,42,42,1,21,8,B12,120.70151,24.125407,3
2022,12,27,8,16,臺中市,西區,0,0,0,8,,,50,,,,,,,,,,,,,,,23,,,,,B03,,,1,,1,,,23,,1,4,,B03,120.667262,24.140706,3
2022,12,27,8,17,臺中市,霧峰區,0,2,0,8,1,5,60,4,1,1,5,4,5,7,1,1,1,4,4,1,13,16,3,10,1,1,A11,7,9,1,1,2,1,,16,16,1,4,8,A11,120.695205,24.05961,2
2022,12,27,8,17,臺中市,大里區,0,1,0,8,1,5,50,14,9,1,5,4,5,7,4,4,1,4,5,1,12,23,2,7,1,1,C03,7,9,1,10,2,11,,23,23,1,21,1,C03,120.681391,24.10363,2
2022,12,27,8,19,臺中市,南屯區,0,0,0,8,,,50,,,,,,,,,,,,,,,42,,,,,B03,,,1,,2,,,42,,1,22,,B03,120.639861,24.150288,3
2022,12,27,8,21,臺中市,太平區,0,0,0,8,,,50,,,,,,,,,,,,,,,17,,,,,B03,,,1,,1,,,17,,1,19,,B03,120.719032,24.142307,3
2022,12,27,8,22,臺中市,大雅區,0,1,0,8,1,5,30,3,1,1,5,4,5,7,4,4,10,5,5,1,16,6,3,10,1,1,C03,7,5,1,10,2,11,,6,6,1,22,8,C03,120.66532,24.221409,2
2022,12,27,8,25,臺中市,北屯區,0,2,0,8,1,5,50,3,1,1,5,4,5,7,1,1,3,2,5,2,13,16,2,9,1,1,C03,7,9,1,10,2,11,,16,16,1,22,8,C03,120.737303,24.174528,2
2022,12,27,8,25,臺中市,北屯區,0,0,0,8,,,50,,,,,,,,,,,,,,,23,,,,,B03,,,1,,1,,,23,,1,22,,B03,120.739243,24.177653,3
2022,12,27,8,25,臺中市,神岡區,0,0,0,8,,,50,,,,,,,,,,,,,,,16,,,,,C03,,,1,,1,,,16,,1,22,,C03,120.682253,24.246945,3
2022,12,27,8,30,臺中市,清水區,0,0,0,,,,50,,,,,,,,,,,,,,,23,,,,,B03,,,1,,2,,,23,,1,5,,B03,120.574464,24.266243,3
2022,12,27,8,30,臺中市,后里區,0,1,0,8,1,5,50,4,1,1,5,4,5,6,1,1,10,5,5,2,16,8,3,10,1,1,B03,7,5,1,8,2,1,,8,8,1,4,3,B03,120.702165,24.324376,2
2022,12,27,8,30,臺中市,神岡區,0,1,0,8,1,5,50,3,2,1,5,4,5,7,3,1,5,4,5,1,17,23,2,1,1,1,C03,7,9,1,10,2,11,,23,23,1,12,8,C03,120.694798,24.252555,2
2022,12,27,8,32,臺中市,北區,0,1,0,8,1,5,50,14,7,1,5,4,5,7,4,4,5,4,4,2,16,10,3,10,1,1,B03,7,11,6,8,2,8,,10,10,1,22,8,B03,120.673311,24.15573,2
2022,12,27,8,33,臺中市,大雅區,0,0,0,8,,,50,,,,,,,,,,,,,,,7,,,,,C03,,,1,,2,,,7,,1,22,,C03,120.660723,24.219667,3
2022,12,27,8,33,臺中市,霧峰區,0,1,0,8,1,5,50,4,1,1,5,4,5,7,1,1,10,5,5,2,16,6,3,10,1,1,B02,7,7,1,8,2,8,,6,6,1,22,8,B02,120.68824,24.018765,2
2022,12,27,8,34,臺中市,西屯區,0,1,0,8,1,5,50,4,1,1,5,4,5,7,4,4,10,5,5,2,13,16,2,8,1,1,C03,7,9,1,10,2,11,,16,16,1,22,8,C03,120.589994,24.177062,2
2022,12,27,8,35,臺中市,潭子區,0,0,0,8,,,50,,,,,,,,,,,,,,,23,,,,,B03,,,1,,2,,,23,,1,22,,B03,120.691902,24.217815,3
2022,12,27,8,36,臺中市,南屯區,0,0,0,8,,,50,,,,,,,,,,,,,,,23,,,,,B03,,,1,,1,,,23,,1,22,,B03,120.639435,24.14396,3
2022,12,27,8,41,臺中市,沙鹿區,0,2,0,8,1,5,50,3,1,1,5,4,5,7,4,4,5,5,5,2,16,6,2,7,1,1,C03,7,5,1,10,2,14,,6,6,1,22,9,C03,120.573777,24.22704,2
2022,12,27,8,43,臺中市,西屯區,0,0,0,8,,,50,,,,,,,,,,,,,,,6,,,,,B03,,,1,,1,,,6,,1,22,,B03,120.650962,24.164882,3
2022,12,27,8,47,臺中市,東區,0,1,0,8,1,5,50,14,9,1,5,4,5,7,4,4,3,4,5,2,17,23,2,8,1,1,C03,7,9,1,10,2,14,,23,23,1,22,8,C03,120.698976,24.13296,2
2022,12,27,8,50,臺中市,南區,0,1,0,8,1,5,50,4,1,1,5,4,5,7,1,1,10,5,5,2,16,10,2,9,1,1,C03,7,9,1,10,2,12,,23,10,1,5,8,C03,120.663508,24.1135,2
2022,12,27,8,50,臺中市,太平區,0,0,0,8,,,30,,,,,,,,,,,,,,,19,,,,,B03,,,1,,2,,,19,,1,4,,B03,120.718905,24.12143,3
2022,12,27,8,50,臺中市,豐原區,0,0,0,8,,,50,,,,,,,,,,,,,,,19,,,,,B03,,,1,,2,,,19,,1,22,,B03,120.715063,24.244761,3
2022,12,27,8,52,臺中市,中區,0,1,0,8,1,5,50,14,9,1,5,4,5,7,4,4,10,4,5,2,17,43,,,,,,,,,,,,,43,43,2,,,,120.683513,24.140458,2
2022,12,27,8,53,臺中市,神岡區,0,0,0,8,,,50,,,,,,,,,,,,,,,23,,,,,B12,,,1,,2,,,23,,1,22,,B12,120.69745,24.248711,3
2022,12,27,8,56,臺中市,西區,0,0,0,8,,,50,,,,,,,,,,,,,,,7,,,,,B03,,,1,,2,,,7,,1,4,,B03,120.662597,24.140147,3
2022,12,27,8,59,臺中市,梧棲區,0,0,0,8,,,60,,,,,,,,,,,,,,,43,,,,,A41,,,1,,1,,,43,,1,10,,A41,120.534615,24.246471,3
2022,12,27,9,0,臺中市,大里區,0,1,0,8,1,5,50,3,2,1,5,4,5,7,4,4,5,5,5,1,16,7,3,10,1,1,B12,7,7,1,8,2,4,,7,7,1,5,8,B12,120.694766,24.101045,2
2022,12,27,9,0,臺中市,大肚區,0,0,0,,,,70,,,,,,,,,,,,,,,23,,,,,B12,,,1,,2,,,23,,1,21,,B12,120.55107,24.138254,3
2022,12,27,9,3,臺中市,西區,0,1,0,8,1,5,50,4,1,1,5,4,5,7,1,1,10,5,5,2,15,25,3,10,1,1,B03,7,9,1,8,2,1,,25,25,1,21,8,B03,120.661687,24.139281,2
2022,12,27,9,6,臺中市,潭子區,0,1,0,8,1,5,30,3,1,1,5,4,5,7,4,4,5,5,5,2,17,6,3,10,1,1,A12,7,5,1,7,2,8,,6,6,1,22,8,A12,120.70884,24.203861,2
2022,12,27,9,10,臺中市,豐原區,0,1,0,8,1,5,30,4,1,1,5,4,5,7,4,4,8,3,4,1,16,26,2,9,1,1,C03,7,5,1,10,2,14,,26,26,1,22,5,C03,120.705396,24.25342,2
2022,12,27,9,12,臺中市,西屯區,0,0,0,,,,1,,,,,,,,,,,,,,,12,,,,,B03,,,1,,1,,,12,,1,22,,B03,120.635344,24.176305,3
2022,12,27,9,12,臺中市,大安區,0,1,0,8,1,7,30,3,1,1,5,4,5,7,4,4,10,5,5,2,15,6,3,10,1,1,B03,7,10,1,8,2,7,,6,6,1,22,9,B03,120.59452,24.370604,2
2022,12,27,9,14,臺中市,北屯區,0,0,0,8,,,50,,,,,,,,,,,,,,,12,,,,,B03,,,1,,1,,,12,,1,21,,B03,120.690496,24.18261,3
2022,12,27,9,25,臺中市,北屯區,0,0,0,8,,,50,,,,,,,,,,,,,,,23,,,,,B02,,,1,,1,,,23,,1,21,,B02,120.724591,24.1721,3
2022,12,27,9,26,臺中市,西區,0,1,0,8,1,5,50,14,9,1,5,4,5,7,4,4,5,5,5,2,2,42,3,10,1,1,B12,7,9,1,6,1,2,,42,42,1,5,8,B12,120.659045,24.147102,2
2022,12,27,9,32,臺中市,南屯區,0,1,0,8,1,5,50,14,7,1,5,4,5,7,4,4,5,5,4,2,17,23,2,9,3,4,C03,7,9,1,10,2,11,,23,23,1,22,8,C03,120.649383,24.143883,2
2022,12,27,9,33,臺中市,中區,0,1,0,8,1,5,50,4,1,1,5,4,5,7,1,1,10,5,5,2,16,6,3,10,1,1,B03,7,6,1,8,1,6,,6,6,1,4,5,B03,120.675568,24.141701,2
2022,12,27,9,43,臺中市,沙鹿區,0,1,0,8,1,5,50,4,9,1,5,4,5,7,4,4,5,5,5,1,16,6,2,9,1,1,C03,7,5,1,10,2,12,,6,6,1,20,9,C03,120.558575,24.252677,2
2022,12,27,9,53,臺中市,南區,0,0,0,8,,,50,,,,,,,,,,,,,,,4,,,,,C03,,,1,,2,,,4,,1,22,,C03,120.656561,24.13495,3
2022,12,27,9,55,臺中市,西區,0,1,0,8,1,5,50,4,1,1,5,4,5,7,1,1,10,5,5,2,16,9,3,10,1,1,B03,7,6,1,8,2,2,,9,6,1,4,5,B03,120.667342,24.131515,2
2022,12,27,9,56,臺中市,北區,0,1,0,8,1,5,50,4,1,1,5,4,5,7,1,1,10,5,5,2,16,9,3,10,1,1,B03,7,6,1,8,2,3,,9,9,1,22,8,B03,120.668155,24.173195,2
2022,12,27,9,56,臺中市,后里區,0,0,0,8,1,5,60,4,19,4,5,4,5,7,2,1,10,5,5,2,21,12,,,,,B12,,,1,,1,,,12,,1,10,,B12,120.676774,24.295047,3
2022,12,27,10,0,臺中市,北區,0,1,0,8,1,5,50,3,2,1,5,4,5,7,4,4,10,5,5,2,12,6,3,10,1,1,B03,7,6,1,8,2,2,,6,6,1,21,8,B03,120.68541,24.153206,2
2022,12,27,10,0,臺中市,清水區,0,2,0,8,1,5,30,11,9,1,5,4,5,7,4,4,10,5,5,2,11,17,2,7,1,1,C03,7,9,1,10,2,14,,17,17,1,5,5,C03,120.555174,24.306703,2
2022,12,27,10,2,臺中市,潭子區,0,1,0,8,1,5,50,14,7,1,5,4,5,7,4,4,5,4,4,2,16,10,3,10,1,1,B03,7,11,1,8,2,4,,10,10,1,22,8,B03,120.692093,24.218932,2
2022,12,27,10,3,臺中市,大甲區,0,0,0,8,1,5,50,3,2,1,5,4,5,7,1,1,8,5,5,1,14,44,3,10,1,1,B03,7,14,1,8,1,1,,44,44,1,5,3,B03,120.655335,24.393637,3
2022,12,27,10,4,臺中市,南屯區,0,0,0,8,,,30,,,,,,,,,,,,,,,12,,,,,B03,,,1,,1,,,12,,1,4,,B03,120.613665,24.148248,3
2022,12,27,10,8,臺中市,南區,0,0,0,8,,,50,,,,,,,,,,,,,,,23,,,,,B12,,,1,8,2,,,23,23,1,5,,B12,120.670038,24.11212,3
2022,12,27,10,13,臺中市,東區,0,1,0,8,1,5,50,4,1,1,5,4,5,7,4,4,5,4,5,2,16,6,3,10,1,4,B03,7,9,1,8,2,6,,6,6,1,21,8,B03,120.708807,24.143271,2
2022,12,27,10,15,臺中市,潭子區,0,0,0,8,,,60,,,,,,,,,,,,,,,23,,,,,B12,,,1,,2,,,23,,1,22,,B12,120.686967,24.207689,3
2022,12,27,10,18,臺中市,南區,0,2,0,8,1,5,50,3,2,1,5,4,5,7,1,1,2,2,5,2,17,42,2,9,1,1,C03,7,9,1,10,2,11,,42,42,1,21,8,C03,120.679289,24.120608,2
2022,12,27,10,22,臺中市,北屯區,0,2,0,8,1,5,50,3,1,1,5,4,5,7,1,1,5,2,4,2,15,25,2,9,1,1,F02,7,9,8,20,2,16,,25,43,1,22,8,F02,120.696669,24.164922,2
2022,12,27,10,22,臺中市,沙鹿區,0,0,0,8,,,40,,,,,,,,,,,,,,,12,,,,,B03,,,1,,2,,,12,12,1,20,,B03,120.566359,24.234789,3
2022,12,27,10,24,臺中市,南屯區,0,0,0,8,,,50,,,,,,,,,,,,,,,26,,,,,B03,,,1,,1,,,26,26,1,22,,B03,120.62313,24.149313,3
2022,12,27,10,27,臺中市,太平區,0,0,0,8,,,40,,,,,,,,,,,,,,,12,,,,,A11,,,1,,2,,,12,,1,10,,A11,120.764971,24.109706,3
2022,12,27,10,27,臺中市,沙鹿區,0,0,0,8,,,30,,,,,,,,,,,,,,,6,,,,,B03,,,1,,2,,,6,6,1,23,,B03,120.570068,24.216202,3
2022,12,27,10,30,臺中市,大雅區,0,0,0,8,,,50,,,,,,,,,,,,,,,16,,,,,B03,,,1,,2,,,16,,1,22,,B03,120.633307,24.212938,3
2022,12,27,10,36,臺中市,霧峰區,0,2,0,8,1,5,50,3,1,1,5,4,5,7,4,4,10,5,5,1,16,6,2,9,1,1,C03,7,5,1,10,2,11,,6,6,1,4,8,C03,120.700245,24.065702,2
2022,12,27,10,37,臺中市,北區,0,0,0,8,,,50,,,,,,,,,,,,,,,23,,,,,B03,,,1,,2,,,23,,1,5,,B03,120.689351,24.161556,3
2022,12,27,10,39,臺中市,神岡區,0,1,0,8,1,5,60,14,9,1,5,4,5,7,4,4,1,4,4,1,17,19,3,10,1,1,B03,7,1,1,8,2,4,,19,19,1,12,8,B03,120.677171,24.242788,2
2022,12,27,10,40,臺中市,清水區,0,0,0,8,,,30,,,,,,,,,,,,,,,16,,,,,B03,,,1,,2,,,16,,1,5,,B03,120.602624,24.26749,3
2022,12,27,10,45,臺中市,大里區,0,1,0,8,1,5,50,3,1,1,5,4,5,7,4,4,5,4,5,1,12,23,2,9,1,1,C03,7,9,1,10,2,11,,23,23,1,18,8,C03,120.67551,24.096051,2
2022,12,27,10,48,臺中市,南屯區,0,1,0,8,1,5,50,4,1,1,5,4,5,7,2,1,10,5,5,2,17,6,3,10,1,1,B03,7,5,1,8,2,2,,6,6,1,22,9,B03,120.634985,24.152586,2
2022,12,27,10,50,臺中市,南區,0,0,0,,,,50,,,,,,,,,,,,,,,23,,,,,B03,,,1,,2,,,23,,1,5,,B03,120.662752,24.121035,3
2022,12,27,10,53,臺中市,中區,0,1,0,8,1,5,50,3,2,1,5,4,5,7,4,4,10,5,5,2,16,7,2,9,1,1,C03,7,7,1,10,2,14,,7,7,1,21,8,C03,120.681569,24.146126,2
2022,12,27,10,53,臺中市,豐原區,0,1,0,8,1,5,50,4,1,1,5,4,5,7,1,1,10,5,5,2,17,30,3,10,1,1,C03,7,12,1,10,2,15,,30,30,1,22,8,C03,120.725525,24.246286,2
2022,12,27,10,55,臺中市,烏日區,0,0,0,8,,,50,,,,,,,,,,,,,,,45,,,,,A12,,,1,,2,,,45,,1,22,,A12,120.597205,24.107088,3
2022,12,27,10,55,臺中市,豐原區,0,0,0,8,,,30,,,,,,,,,,,,,,,12,,,,,B11,,,1,,2,,,12,12,1,22,,B11,120.720529,24.269188,3
2022,12,27,10,56,臺中市,潭子區,0,1,0,8,1,5,60,5,1,1,5,4,5,7,1,1,1,4,5,1,15,25,2,8,1,1,C03,7,9,1,10,2,12,,25,25,1,22,8,C03,120.703409,24.200704,2
2022,12,27,10,59,臺中市,西屯區,0,1,0,8,1,5,50,3,1,1,5,4,5,7,4,4,10,5,5,2,16,6,3,10,3,4,B03,7,6,1,8,2,2,,6,6,1,22,8,B03,120.619909,24.184435,2
2022,12,27,11,3,臺中市,豐原區,0,1,0,8,1,5,50,4,1,1,5,4,5,7,3,1,10,5,5,2,17,23,3,10,1,1,B12,7,9,1,8,2,7,,23,23,1,22,8,B12,120.720788,24.250591,2
2022,12,27,11,10,臺中市,南屯區,0,0,0,8,,,50,,,,,,,,,,,,,,,23,,,,,B03,,,1,,1,,,23,,1,22,,B03,120.621753,24.15074,3
2022,12,27,11,10,臺中市,清水區,0,1,0,8,1,5,50,4,1,1,5,4,5,7,1,1,10,4,4,2,16,23,2,9,1,1,C03,7,9,1,8,2,11,14,23,23,1,5,5,C03,120.541978,24.26262,2
2022,12,27,11,12,臺中市,潭子區,0,1,0,8,1,5,30,4,1,1,5,4,5,7,4,4,10,5,5,2,17,23,3,10,1,1,B12,7,5,1,8,2,1,,23,23,1,22,8,B12,120.707629,24.207635,2
2022,12,27,11,13,臺中市,北區,0,0,0,8,,,50,,,,,,,,,,,,,,,23,,,,,B01,,,1,,1,,,23,,1,22,,B01,120.673153,24.167501,3
2022,12,27,11,13,臺中市,南屯區,0,0,0,8,,,50,,,,,,,,,,,,,,,19,,,,,B12,,,1,,2,,,19,,1,22,,B12,120.649854,24.148282,3
2022,12,27,11,18,臺中市,北屯區,0,2,0,8,1,5,40,3,1,1,5,4,5,7,4,4,10,5,5,2,16,23,2,9,1,1,C03,7,9,1,10,2,14,,23,23,1,21,8,C03,120.719003,24.161464,2
2022,12,27,11,18,臺中市,沙鹿區,0,1,0,8,1,5,60,15,18,1,5,4,5,7,2,1,10,5,5,2,3,15,3,10,1,1,B03,7,15,1,8,2,1,,15,15,1,2,1,B03,120.576666,24.225833,2
2022,12,27,11,20,臺中市,烏日區,0,1,0,8,1,5,50,14,13,1,5,4,5,7,4,4,1,4,5,1,16,6,3,10,1,1,B12,7,3,1,8,2,5,,6,6,1,21,8,B12,120.646241,24.110096,2
2022,12,27,11,22,臺中市,霧峰區,0,0,0,8,,,30,,,,,,,,,,,,,,,8,,,,,B03,,,1,,2,,,8,,1,22,,B03,120.718655,24.078527,3
2022,12,27,11,29,臺中市,潭子區,0,0,0,8,,,60,,,,,,,,,,,,,,,23,,,,,B03,,,1,,2,,,23,,1,22,,B03,120.705272,24.216054,3
2022,12,27,11,30,臺中市,北屯區,0,1,0,8,1,5,80,14,9,1,5,4,5,7,4,4,1,4,5,2,16,7,3,10,1,1,A12,7,7,1,7,2,7,,7,7,1,21,8,A12,120.720792,24.168806,2
2022,12,27,11,32,臺中市,南屯區,0,0,0,8,,,50,,,,,,,,,,,,,,,23,,,,,B03,,,1,,1,,,23,,1,22,,B03,120.648521,24.13468,3
2022,12,27,11,33,臺中市,北屯區,0,1,0,8,1,5,50,14,9,1,5,4,5,7,4,4,5,4,5,2,12,19,2,9,1,1,C03,7,1,1,10,11,11,,19,19,1,22,8,C03,120.732307,24.177099,2
2022,12,27,11,33,臺中市,北屯區,0,0,0,8,,,50,,,,,,,,,,,,,,,25,,,,,B03,,,1,,1,,,25,,1,22,,B03,120.721811,24.181854,3
2022,12,27,11,33,臺中市,西屯區,0,0,0,8,,,50,,,,,,,,,,,,,,,23,,,,,B03,,,1,,1,,,23,,1,22,,B03,120.631785,24.170493,3
2022,12,27,11,35,臺中市,南屯區,0,0,0,8,,,50,,,,,,,,,,,,,,,16,,,,,B03,,,1,,1,,,16,16,1,22,,B03,120.623886,24.151108,3
2022,12,27,11,50,臺中市,西屯區,0,0,0,8,,,50,,,,,,,,,,,,,,,12,,,,,B03,,,1,,9,,,12,,1,22,,B03,120.64766,24.158114,3
2022,12,27,11,53,臺中市,南區,0,1,0,8,1,5,50,15,9,1,5,4,5,7,4,4,3,4,4,2,16,6,3,10,3,4,B03,7,6,1,8,2,6,,6,6,1,5,8,B03,120.669875,24.112038,2
2022,12,27,11,54,臺中市,霧峰區,0,1,0,8,1,5,40,5,1,1,5,4,5,7,1,1,9,4,4,2,17,25,3,10,1,1,C03,7,9,1,10,2,15,,25,25,1,22,8,C03,120.674143,24.041693,2
2022,12,27,11,55,臺中市,北屯區,0,0,0,6,,,80,,,,,,,,,,,,,,,43,,,,,A11,,9,1,3,1,15,,43,43,1,21,8,A11,120.70701,24.200655,3
2022,12,27,11,58,臺中市,大甲區,0,1,0,8,1,5,50,3,1,1,5,4,5,7,4,4,10,5,5,2,15,11,2,8,1,1,C03,7,11,3,18,2,12,,11,11,1,22,9,C03,120.619195,24.348937,2
2022,12,27,12,0,臺中市,北屯區,0,0,0,8,,,30,,,,,,,,,,,,,,,42,,,,,B12,,,1,,11,,,42,,1,21,,B12,120.722325,24.178148,3
2022,12,27,12,0,臺中市,霧峰區,0,0,0,8,,,50,,,,,,,,,,,,,,,16,,,,,B12,,,1,,2,,,16,,1,4,,B12,120.697669,24.057188,3
2022,12,27,12,3,臺中市,龍井區,0,0,0,8,,,60,,,,,,,,,,,,,,,23,,,,,B03,,9,1,2,2,5,,23,23,1,10,4,B03,120.587363,24.185591,3
2022,12,27,12,4,臺中市,北區,0,2,0,8,1,5,50,5,4,1,5,4,5,7,1,1,1,3,5,2,13,16,3,10,1,1,C03,7,12,1,10,2,11,,16,16,1,5,8,C03,120.686252,24.15482,2
2022,12,27,12,7,臺中市,西區,0,1,0,8,1,5,50,4,1,1,5,4,5,7,4,4,10,5,5,2,15,6,2,9,1,1,C03,7,9,1,10,2,11,,6,6,1,22,9,C03,120.658456,24.152541,2
2022,12,27,12,8,臺中市,大里區,0,2,0,8,1,5,50,4,1,1,5,4,5,7,1,1,5,4,5,1,17,4,2,7,1,1,C03,7,9,1,10,2,14,,4,4,1,22,8,C03,120.687025,24.120949,2
2022,12,27,12,10,臺中市,大雅區,0,1,0,8,1,5,60,14,12,1,5,4,5,7,4,4,3,4,4,1,27,23,2,9,1,1,C03,7,9,1,10,2,11,,23,23,1,22,9,C03,120.637634,24.233655,2