年,月,日,時,分,縣市,區,死,受傷,2-30,天候,光線,道路類別,速限,道路型態,事故位置,路面鋪裝,路面狀態,路面缺陷,障礙物,視距,號誌種類,號誌動作,分向設施,快車道或一般車道間,快慢車道間,路面邊線,事故類型及型態,主要肇因,受傷程度,主要傷處,保護裝備,行動電話,當事者區分,車輛用途,當事者行動狀態,駕駛資格情形,駕駛執照種類,飲酒情形,車輛撞擊部位最初,車輛撞擊部位其他,肇事因素個別,肇事因素主要,肇事逃逸,職業,旅次目的,車種,GPS緯度,GPS經度,事故類別
2022,12,27,12,12,臺中市,清水區,0,0,0,8,,,40,,,,,,,,,,,,,,,43,,,,,,,,,,,,,43,,1,,,,120.573505,24.275034,3
2022,12,27,12,13,臺中市,霧峰區,0,1,0,8,1,5,50,5,1,1,5,4,5,7,1,1,9,4,4,1,13,23,3,10,1,1,B03,7,9,1,8,2,5,,23,23,1,22,8,B03,120.696691,24.05484,2
2022,12,27,12,23,臺中市,南屯區,0,0,0,8,,,50,,,,,,,,,,,,,,,43,,,,,B03,,,1,,2,,,43,,1,22,,B03,120.623116,24.149552,3
2022,12,27,12,25,臺中市,神岡區,0,0,0,8,,,50,,,,,,,,,,,,,,,25,,,,,B03,,,1,,2,,,25,,1,22,,B03,120.69498,24.248387,3
2022,12,27,12,26,臺中市,西屯區,0,1,0,8,1,5,1,14,9,1,5,4,5,7,4,4,9,4,5,2,16,19,3,10,3,4,B03,7,1,1,8,2,4,,19,19,1,22,8,B03,120.650941,24.182215,2
2022,12,27,12,26,臺中市,沙鹿區,0,1,0,8,1,5,50,3,1,1,5,4,5,7,4,4,10,5,5,2,16,10,2,9,1,1,C03,7,11,1,10,2,14,,10,10,1,21,8,C03,120.569738,24.239703,2
2022,12,27,12,28,臺中市,西屯區,0,0,0,8,,,50,,,,,,,,,,,,,,,16,,,,,B03,,,1,,2,,,16,,1,22,,B03,120.631914,24.180099,3
2022,12,27,12,28,臺中市,烏日區,0,0,0,8,,,40,,,,,,,,,,,,,,,60,,,,,B03,,,1,,2,,,44,60,1,21,,B03,120.648194,24.069965,3
2022,12,27,12,30,臺中市,大雅區,0,0,0,8,,,50,,,,,,,,,,,,,,,16,,,,,B12,,,1,,2,,,16,,1,22,,B12,120.67215,24.228892,3
2022,12,27,12,30,臺中市,烏日區,0,0,0,8,,,50,,,,,,,,,,,,,,,42,,,,,B03,,,1,,2,,,42,,1,21,,B03,120.646241,24.110096,4
2022,12,27,12,31,臺中市,豐原區,0,0,0,,,,30,,,,,,,,,,,,,,,18,,,,,B03,,,1,,2,,,18,,1,22,,B03,120.717924,24.253653,3
2022,12,27,12,32,臺中市,北屯區,0,0,0,8,,,50,,,,,,,,,,,,,,,23,,,,,B03,,,1,,1,,,23,,1,21,,B03,120.685553,24.169655,3
2022,12,27,12,33,臺中市,北屯區,0,1,0,8,1,5,50,4,1,1,5,4,5,7,4,4,10,5,5,2,16,6,3,10,1,1,B03,7,6,1,8,2,5,,6,6,1,21,8,B03,120.686876,24.186859,2
2022,12,27,12,35,臺中市,豐原區,0,1,0,8,1,5,50,4,1,1,5,4,5,7,4,4,10,5,5,2,16,26,3,10,1,1,B12,7,5,1,8,2,5,,26,26,1,22,8,B12,120.72174,24.250853,2
2022,12,27,12,38,臺中市,西區,0,1,0,8,1,5,50,4,1,1,5,4,5,7,1,1,10,5,5,2,17,19,2,9,1,1,C03,7,1,1,10,2,13,,19,19,1,4,5,C03,120.676898,24.135125,2
2022,12,27,12,40,臺中市,北區,0,2,0,8,1,5,30,4,1,1,5,4,5,7,4,4,10,5,5,2,15,6,2,9,1,1,C03,7,9,1,10,2,11,,6,6,1,22,8,C03,120.674115,24.145,2
2022,12,27,12,50,臺中市,西區,0,2,0,8,1,5,50,4,1,1,5,4,5,7,4,4,10,5,5,2,15,6,2,9,1,1,C03,7,9,1,10,2,11,,14,6,1,21,9,C03,120.660956,24.145537,2
2022,12,27,12,50,臺中市,梧棲區,0,2,0,8,1,5,60,14,9,1,5,4,5,7,4,4,1,4,5,2,17,7,2,9,3,4,B03,7,7,1,8,2,4,,7,7,1,22,8,B03,120.540588,24.259758,2
2022,12,27,12,51,臺中市,大肚區,0,0,0,,,,50,,,,,,,,,,,,,,,23,,,,,B03,,,1,,2,,,23,,1,21,,B03,120.54072,24.15246,3
2022,12,27,12,52,臺中市,大雅區,0,2,0,8,1,5,30,4,1,1,5,4,5,7,4,4,10,5,5,2,15,6,2,9,1,1,C03,7,9,1,10,2,12,,6,6,1,22,9,C03,120.649046,24.227562,2
2022,12,27,12,53,臺中市,西區,0,0,0,8,1,5,50,14,8,1,5,4,5,7,4,4,5,4,4,2,17,18,,,,,B12,,,1,,1,,,18,,1,22,,B12,120.655388,24.144677,3
2022,12,27,12,54,臺中市,北區,0,1,0,8,1,5,50,5,1,1,5,4,5,7,1,1,1,2,5,2,16,23,2,9,1,1,C03,7,5,1,10,2,11,,44,23,1,5,8,C03,120.686252,24.15482,2
2022,12,27,12,55,臺中市,南區,0,2,0,8,1,5,50,4,1,1,5,4,5,7,1,1,5,4,5,2,16,6,2,9,1,1,C03,7,5,1,10,2,11,,6,6,1,21,8,C03,120.663909,24.11688,2
2022,12,27,12,56,臺中市,大雅區,0,2,0,8,1,5,50,4,2,1,5,4,5,7,1,1,5,5,5,1,16,6,2,9,1,1,C03,7,5,3,18,2,14,,6,6,1,22,9,C03,120.647966,24.222933,2
2022,12,27,12,56,臺中市,中區,0,1,0,8,1,5,50,4,1,1,5,4,5,7,4,4,10,5,5,2,16,8,2,9,1,1,C03,7,5,1,10,2,14,,8,8,1,4,5,C03,120.680427,24.145803,2
2022,12,27,12,56,臺中市,西區,0,0,0,8,,,50,,,,,,,,,,,,,,,23,,,,,B03,,,1,,1,,,23,,1,22,,B03,120.658382,24.15495,3
2022,12,27,12,56,臺中市,霧峰區,0,0,0,8,,,50,,,,,,,,,,,,,,,19,,,,,B03,,,1,,2,,,19,,1,22,,B03,120.697846,24.058327,3
2022,12,27,12,57,臺中市,西屯區,0,0,0,8,,,50,,,,,,,,,,,,,,,23,,,,,B03,,,1,,1,,,23,,1,22,,B03,120.600182,24.18218,3
2022,12,27,12,58,臺中市,太平區,0,1,0,8,1,5,50,4,9,1,5,4,5,7,2,1,5,4,5,1,16,26,3,10,1,1,C03,7,11,1,10,2,12,,26,26,1,21,8,C03,120.717918,24.1288,2
2022,12,27,13,0,臺中市,豐原區,0,1,0,8,1,5,30,4,1,1,5,4,5,7,1,1,8,3,4,1,13,16,2,9,1,1,C03,7,9,1,10,2,11,,16,16,1,22,5,C03,120.72423,24.247445,2
2022,12,27,13,3,臺中市,烏日區,0,1,0,8,1,5,50,3,2,1,5,4,5,7,1,1,1,4,5,1,13,16,3,10,1,1,C03,7,9,3,18,2,11,,16,16,1,21,8,C03,120.644702,24.059294,2
2022,12,27,13,3,臺中市,清水區,0,0,0,8,1,5,30,14,9,1,5,4,5,7,4,4,10,5,5,2,12,17,,,,,B03,,,1,,2,,,17,,1,5,,B03,120.57055,24.260829,3
2022,12,27,13,9,臺中市,沙鹿區,0,1,0,8,1,5,50,3,2,1,5,4,5,7,4,4,8,3,5,1,17,6,2,9,3,4,C03,7,5,1,10,2,14,,6,6,1,22,8,C03,120.575683,24.224538,2
2022,12,27,13,10,臺中市,北屯區,0,0,0,8,,,50,,,,,,,,,,,,,,,23,,,,,B03,,,1,,1,,,23,,1,21,,B03,120.68595,24.19294,3
2022,12,27,13,12,臺中市,西屯區,0,0,0,8,,,50,,,,,,,,,,,,,,,1,,,,,B03,,,1,,1,,,1,,1,22,,B03,120.644575,24.173871,3
2022,12,27,13,12,臺中市,大里區,0,0,0,8,,,60,,,,,,,,,,,,,,,23,,,,,C03,,,1,,2,,,23,,1,22,,C03,120.671212,24.102389,3
2022,12,27,13,16,臺中市,中區,0,0,0,8,1,5,50,14,9,1,5,4,5,7,1,1,5,4,5,2,13,23,,,,,C04,,,1,,1,,,23,,1,22,,C04,120.678986,24.142063,3
2022,12,27,13,18,臺中市,南區,0,3,0,8,1,5,50,4,2,1,5,4,5,7,2,1,3,2,5,2,16,9,3,10,1,1,B03,7,6,1,10,2,6,,9,9,1,21,8,B03,120.655197,24.115159,2
2022,12,27,13,26,臺中市,神岡區,0,0,0,8,,,30,,,,,,,,,,,,,,,12,,,,,A12,,,1,,1,,,12,,1,22,,A12,120.676013,24.248792,3
2022,12,27,13,31,臺中市,北屯區,0,1,0,8,1,5,50,14,9,1,5,4,5,7,4,4,1,4,5,2,18,13,2,9,1,1,C03,7,9,1,10,2,12,,13,13,1,21,8,C03,120.722503,24.181846,2
2022,12,27,13,34,臺中市,西屯區,0,0,0,8,,,50,,,,,,,,,,,,,,,42,,,,,B03,,,1,,2,,,42,,1,22,,B03,120.636018,24.164225,3
2022,12,27,13,37,臺中市,大里區,0,0,0,8,,,50,,,,,,,,,,,,,,,23,,,,,A12,,,1,,2,,,23,,1,4,,A12,120.692349,24.090953,3
2022,12,27,13,42,臺中市,西區,0,0,0,8,,,50,,,,,,,,,,,,,,,23,,,,,B03,,,1,,1,,,23,,1,4,,B03,120.6643,24.15022,3
2022,12,27,13,44,臺中市,南屯區,0,0,0,8,,,50,,,,,,,,,,,,,,,7,,,,,B03,,,1,,2,,,7,,1,5,,B03,120.62777,24.14036,3
2022,12,27,13,46,臺中市,豐原區,0,2,0,8,1,5,50,14,8,1,5,4,5,7,4,4,3,4,4,1,13,16,2,9,1,1,C03,7,12,1,10,2,11,,16,16,1,22,8,C03,120.74913,24.272838,2
2022,12,27,13,55,臺中市,東區,0,0,0,,,,50,,,,,,,,,,,,,,,26,,,,,B03,,,1,,2,,,26,,1,5,,B03,120.690078,24.131727,3
2022,12,27,14,5,臺中市,沙鹿區,0,1,0,8,1,5,60,14,7,1,5,4,5,7,1,1,1,2,1,1,16,26,2,9,1,1,C01,7,5,4,10,2,14,,26,26,1,22,8,C01,120.569563,24.237414,2
2022,12,27,14,9,臺中市,北屯區,0,1,0,8,1,5,50,4,2,1,5,4,5,7,4,4,5,5,5,2,16,6,3,10,1,1,B03,7,9,1,8,2,1,,6,6,1,22,8,B03,120.680502,24.180582,2
2022,12,27,14,13,臺中市,大雅區,0,1,0,8,1,5,50,4,1,1,5,4,5,7,2,1,3,4,4,1,15,25,3,10,1,1,B03,7,9,1,8,2,2,,25,25,1,22,9,B03,120.645247,24.225555,2
2022,12,27,14,20,臺中市,西屯區,0,0,0,8,,,30,,,,,,,,,,,,,,,42,,,,,B12,,,1,,1,,,42,,1,22,,B12,120.651128,24.181983,3
2022,12,27,14,21,臺中市,沙鹿區,0,0,0,8,,,50,,,,,,,,,,,,,,,19,,,,,B02,,,1,,2,,,19,,1,22,,B02,120.581407,24.223963,3
2022,12,27,14,23,臺中市,東區,0,1,0,8,1,5,50,4,1,1,5,4,5,7,2,1,10,5,5,2,16,6,3,10,3,4,B03,7,5,1,8,2,1,,6,6,1,5,8,B03,120.699721,24.1428,2
2022,12,27,14,26,臺中市,大甲區,0,0,0,8,,,70,,,,,,,,,,,,,,,16,,,,,B12,,,1,,2,,,16,,1,4,,B12,120.60798,24.325576,3
2022,12,27,14,28,臺中市,東區,0,0,0,8,,,40,,,,,,,,,,,,,,,19,,,,,B03,,,1,,2,,,19,19,1,22,,B03,120.706498,24.131579,3
2022,12,27,14,29,臺中市,大甲區,0,1,0,8,1,5,50,4,1,1,5,4,5,7,3,1,10,5,5,2,18,23,2,9,1,1,C03,7,9,3,18,1,12,,23,23,1,4,1,C03,120.624486,24.361105,2
2022,12,27,14,35,臺中市,龍井區,0,0,0,8,,,60,,,,,,,,,,,,,,,23,,,,,A31,,,1,,2,,,23,,1,10,,A31,120.58192,24.175852,3
2022,12,27,14,36,臺中市,北區,0,0,0,,,,50,,,,,,,,,,,,,,,16,,,,,C03,,,1,,2,,,16,,1,5,,C03,120.687169,24.148841,3
2022,12,27,14,40,臺中市,南屯區,0,0,0,8,,,50,,,,,,,,,,,,,,,23,,,,,C03,,,1,,2,,,23,,1,18,,C03,120.644128,24.140293,3
2022,12,27,14,45,臺中市,南屯區,0,1,0,8,3,5,50,3,1,1,5,4,5,7,1,1,10,5,5,2,16,6,3,10,1,1,B03,7,5,1,8,2,5,,6,6,1,22,9,B03,120.622114,24.140212,2
2022,12,27,14,47,臺中市,神岡區,0,1,0,8,1,5,50,3,1,1,5,4,5,7,3,1,5,5,5,1,16,23,3,10,1,1,A12,7,5,1,7,2,5,,23,23,1,22,8,A12,120.659257,24.276788,2
2022,12,27,14,50,臺中市,東區,0,0,0,,,,50,,,,,,,,,,,,,,,12,,,,,B12,,,1,,2,,,12,,1,5,,B12,120.686977,24.134655,3
2022,12,27,14,54,臺中市,北區,0,0,0,,,,50,,,,,,,,,,,,,,,16,,,,,B03,,,1,,1,,,16,,1,5,,B03,120.678313,24.163112,3
2022,12,27,14,54,臺中市,龍井區,0,1,0,8,1,5,50,3,1,1,5,4,5,7,4,4,10,5,5,2,17,10,3,10,3,4,B03,7,11,1,8,2,8,,10,10,1,20,7,B03,120.523293,24.198035,2
2022,12,27,14,56,臺中市,太平區,0,2,0,8,1,5,50,5,1,1,5,4,5,7,1,1,10,5,5,2,13,16,2,9,1,1,C03,7,9,1,10,2,11,,16,16,1,18,8,C03,120.73162,24.140243,2
2022,12,27,15,2,臺中市,北屯區,0,0,0,8,,,80,,,,,,,,,,,,,,,16,,,,,B12,,,1,,2,,,16,16,1,5,,B12,120.720939,24.169264,3
2022,12,27,15,10,臺中市,中區,0,1,0,8,1,5,50,4,1,1,5,4,5,7,2,1,10,5,5,2,12,7,2,7,1,1,C03,7,7,1,10,2,14,,7,7,1,22,9,C03,120.678815,24.147178,2
2022,12,27,15,13,臺中市,霧峰區,0,1,0,8,1,5,30,14,9,1,5,4,5,7,4,4,5,5,5,1,19,43,2,9,3,4,C03,7,1,1,10,2,15,,43,43,1,22,8,C03,120.681719,24.055136,2
2022,12,27,15,20,臺中市,烏日區,0,1,0,8,1,5,30,4,1,1,5,4,5,7,4,4,10,5,5,2,15,6,2,8,1,1,C03,7,9,1,8,2,11,,6,6,1,21,8,C03,120.641064,24.102838,2
2022,12,27,15,21,臺中市,大雅區,0,1,0,8,1,5,50,3,1,1,5,4,5,7,4,4,10,4,5,1,16,6,3,10,1,1,B12,7,6,1,8,6,2,,6,6,1,22,9,B12,120.658743,24.220414,2
2022,12,27,15,22,臺中市,太平區,0,0,0,8,,,50,,,,,,,,,,,,,,,23,,,,,A12,,,1,,2,,,23,,1,22,,A12,120.713836,24.149411,3
2022,12,27,15,23,臺中市,東區,0,0,0,,,,50,,,,,,,,,,,,,,,6,,,,,B12,,,1,,2,,,6,,1,21,,B12,120.699913,24.142778,3
2022,12,27,15,26,臺中市,北區,0,0,0,8,,,50,,,,,,,,,,,,,,,23,,,,,B03,,,1,,1,,,23,,1,22,,B03,120.68209,24.14441,3
2022,12,27,15,28,臺中市,東勢區,0,0,0,8,,,50,,,,,,,,,,,,,,,6,,,,,B12,,,1,,2,,,6,,1,22,,B12,120.82879,24.25939,3
2022,12,27,15,30,臺中市,大里區,0,1,0,8,1,5,30,3,1,1,5,4,5,7,4,4,10,5,5,2,26,23,2,9,3,4,C03,7,9,1,10,2,11,,23,23,1,22,8,C03,120.702751,24.098125,2
2022,12,27,15,30,臺中市,龍井區,0,0,0,8,,,60,,,,,,,,,,,,,,,23,,,,,B03,,,1,,2,,,23,,1,21,,B03,120.582059,24.175704,3
2022,12,27,15,37,臺中市,北屯區,0,1,0,8,1,5,50,14,9,1,5,4,5,7,4,4,5,4,5,2,13,16,3,10,1,1,C03,7,9,1,10,2,11,,16,16,1,21,8,C03,120.69837,24.17036,2
2022,12,27,15,37,臺中市,沙鹿區,0,0,0,,,,50,,,,,,,,,,,,,,,42,,,,,B12,,,1,,2,,,42,,1,22,,B12,120.565566,24.243108,3
2022,12,27,15,38,臺中市,清水區,1,3,0,8,1,5,70,14,7,1,5,4,5,7,1,1,1,4,3,1,13,43,2,9,1,1,A41,7,9,1,1,2,1,,43,43,1,5,1,A41,120.590333,24.304186,1
2022,12,27,15,41,臺中市,烏日區,0,1,0,8,1,5,50,4,1,1,5,1,5,7,1,1,1,4,1,1,16,10,3,10,1,1,B03,7,11,1,8,2,8,,10,10,1,21,8,B03,120.646906,24.07315,2
2022,12,27,15,44,臺中市,神岡區,0,1,0,8,1,5,40,3,2,1,5,4,5,7,4,4,9,5,5,1,11,26,3,10,3,4,B03,7,9,6,8,2,8,,26,26,1,22,9,B03,120.673107,24.269544,2
2022,12,27,15,45,臺中市,北區,0,0,0,,,,50,,,,,,,,,,,,,,,44,,,,,C03,,,1,,1,,,44,,1,5,,C03,120.677448,24.15905,3
2022,12,27,15,45,臺中市,東區,0,0,0,8,1,5,50,14,9,1,5,4,5,7,4,4,1,4,5,2,13,23,3,10,1,1,B03,7,9,1,7,2,1,,23,23,1,5,8,B03,120.700993,24.125207,3
2022,12,27,15,49,臺中市,霧峰區,0,1,0,8,1,5,50,14,7,1,5,4,5,7,4,4,5,4,4,1,13,23,3,10,3,4,B03,7,9,1,7,2,1,,23,23,1,21,5,B03,120.6991,24.069212,2
2022,12,27,15,50,臺中市,北屯區,0,0,0,8,,,50,,,,,,,,,,,,,,,43,,,,,,,,,,,,,43,43,1,,,,120.727396,24.158061,3
2022,12,27,15,53,臺中市,南區,0,1,0,8,1,5,50,4,1,1,5,4,5,7,1,1,5,4,5,2,16,9,3,10,1,1,B03,7,6,1,8,2,2,,9,9,1,22,8,B03,120.662473,24.127442,2
2022,12,27,15,56,臺中市,南屯區,0,0,0,8,,,50,,,,,,,,,,,,,,,23,,,,,B03,,,1,,1,,,23,,1,22,,B03,120.653018,24.131277,3
2022,12,27,15,57,臺中市,北屯區,0,1,0,8,1,5,50,14,7,1,5,4,4,7,4,4,1,4,4,2,13,16,2,9,1,1,C03,7,9,1,10,2,11,,16,16,1,22,8,C03,120.686526,24.194551,2
2022,12,27,15,59,臺中市,大肚區,0,0,0,,,,50,,,,,,,,,,,,,,,7,,,,,B03,,,1,,2,,,7,,1,21,,B03,120.54718,24.145445,3
2022,12,27,16,0,臺中市,豐原區,0,0,0,8,,,50,,,,,,,,,,,,,,,12,,,,,B12,,,1,,2,,,12,,1,22,,B12,120.727316,24.245135,3
2022,12,27,16,1,臺中市,北區,0,0,0,8,,,50,,,,,,,,,,,,,,,23,,,,,B03,,,1,,1,,,23,,1,22,,B03,120.685023,24.166961,3
2022,12,27,16,11,臺中市,西區,0,1,0,8,1,5,50,4,2,1,5,4,5,7,1,1,3,4,4,2,12,6,3,10,1,1,B03,7,6,1,8,2,5,,6,6,1,22,9,B03,120.657262,24.140026,2
2022,12,27,16,11,臺中市,北屯區,0,1,0,8,1,5,50,4,1,1,5,4,5,7,1,1,10,5,5,2,16,6,3,10,1,1,B03,7,5,1,8,2,5,,6,6,1,21,8,B03,120.699218,24.160523,2
2022,12,27,16,12,臺中市,大里區,0,0,0,8,,,50,,,,,,,,,,,,,,,23,,,,,B12,,,1,,2,,,23,23,1,22,,B12,120.682605,24.113144,3
2022,12,27,16,16,臺中市,北屯區,0,0,0,8,,,50,,,,,,,,,,,,,,,30,,,,,B12,,,1,,1,,,30,,1,22,,B12,120.730527,24.172116,3
2022,12,27,16,20,臺中市,南區,0,1,0,8,1,5,50,4,1,1,5,4,5,7,1,1,10,5,5,2,11,6,3,10,1,1,B03,7,5,1,8,2,1,,6,6,1,22,8,B03,120.664649,24.124523,2
2022,12,27,16,20,臺中市,大里區,0,1,0,8,1,5,60,3,1,1,5,4,5,7,4,4,1,4,4,1,16,6,3,10,1,1,C03,7,6,1,10,2,12,,6,6,1,5,1,C03,120.688871,24.101731,2
2022,12,27,16,20,臺中市,梧棲區,0,0,0,8,,,30,,,,,,,,,,,,,,,12,,,,,B12,,,1,,2,,,12,,1,22,,B12,120.534397,24.251976,3
2022,12,27,16,22,臺中市,北屯區,0,0,0,8,,,50,,,,,,,,,,,,,,,23,,,,,B12,,,1,,1,,,23,,1,21,,B12,120.674068,24.17401,3
2022,12,27,16,23,臺中市,東區,0,0,0,,,,50,,,,,,,,,,,,,,,12,,,,,A41,,,1,,2,,,12,,1,21,,A41,120.686843,24.133653,3
2022,12,27,16,32,臺中市,大里區,0,0,0,8,1,5,50,14,9,1,5,4,5,7,4,4,5,5,5,2,17,10,,,,,B03,,,1,,2,,,10,,1,22,,B03,120.688891,24.116451,3
2022,12,27,16,34,臺中市,大里區,0,1,0,8,1,5,50,4,1,1,5,4,5,7,4,4,10,5,5,2,17,19,2,8,3,4,C03,7,1,1,10,2,14,,19,19,1,22,8,C03,120.706473,24.095525,2
2022,12,27,16,39,臺中市,北區,0,0,0,8,,,40,,,,,,,,,,,,,,,17,,,,,A02,,,1,,2,,,17,,1,22,,A02,120.665213,24.154361,3
2022,12,27,16,40,臺中市,南屯區,0,0,0,8,,,50,,,,,,,,,,,,,,,12,,,,,B12,,,1,,1,,,12,,1,22,,B12,120.640399,24.137728,3
2022,12,27,16,40,臺中市,北屯區,0,1,0,8,1,5,50,14,9,1,5,4,5,7,4,4,5,4,5,2,16,10,3,10,1,1,B03,7,11,1,8,2,1,,10,10,1,21,8,B03,120.719055,24.173556,2
2022,12,27,16,40,臺中市,西屯區,0,0,0,8,,,30,,,,,,,,,,,,,,,9,,,,,C03,,,1,,1,,,9,,1,22,,C03,120.665479,24.169204,3
2022,12,27,16,42,臺中市,南區,0,1,0,8,2,5,50,14,9,1,5,4,5,7,4,4,5,5,5,2,16,6,3,10,1,1,C03,7,5,4,8,2,11,,6,6,1,22,8,C03,120.669432,24.1127,2
2022,12,27,16,49,臺中市,北屯區,0,0,0,8,,,40,,,,,,,,,,,,,,,12,,,,,B12,,,1,,1,,,12,,1,22,,B12,120.686201,24.191651,3
2022,12,27,16,50,臺中市,東區,0,1,0,8,1,5,50,14,7,1,5,4,5,7,4,4,5,5,4,2,13,23,3,10,1,1,B03,7,9,1,8,6,1,,23,23,1,5,8,B03,120.710608,24.144689,2
2022,12,27,16,50,臺中市,北屯區,0,1,0,8,1,5,50,4,1,1,5,4,5,7,4,4,10,5,5,2,17,8,2,9,1,1,F02,7,5,8,20,2,16,,8,8,1,22,8,F02,120.71109,24.174043,2
2022,12,27,16,55,臺中市,龍井區,0,1,0,8,1,5,30,5,1,1,5,4,5,7,4,4,10,5,5,2,15,43,3,10,3,4,C03,7,9,1,9,2,11,,43,43,1,9,1,C03,120.535836,24.194426,2
2022,12,27,16,56,臺中市,北屯區,0,1,0,8,1,5,50,14,9,1,2,4,5,7,4,4,5,4,5,2,17,37,3,10,1,1,B12,7,9,1,8,1,15,,37,37,1,22,8,B12,120.719395,24.178343,2
2022,12,27,16,58,臺中市,北屯區,0,0,0,8,,,50,,,,,,,,,,,,,,,23,,,,,C03,,,1,,1,,,23,23,1,5,,C03,120.689199,24.164991,3
2022,12,27,17,0,臺中市,中區,0,0,0,8,,,50,,,,,,,,,,,,,,,6,,,,,B03,,,1,,2,,,6,,1,21,,B03,120.678815,24.147178,3
2022,12,27,17,0,臺中市,龍井區,0,1,0,8,1,5,30,14,9,1,5,4,5,7,4,4,10,5,5,1,20,23,2,9,3,4,C03,7,9,3,18,2,12,,23,23,1,4,1,C03,120.539803,24.193673,2
2022,12,27,17,0,臺中市,神岡區,0,1,0,8,1,5,30,14,9,1,5,4,5,7,4,4,10,5,5,1,11,23,2,8,1,1,C03,7,9,1,10,2,14,,23,23,1,21,8,C03,120.702291,24.273221,2
2022,12,27,17,6,臺中市,清水區,0,0,0,8,,,50,,,,,,,,,,,,,,,6,,,,,B03,,,1,,2,,,6,,1,21,,B03,120.575186,24.271905,3
2022,12,27,17,8,臺中市,西區,0,0,0,8,,,50,,,,,,,,,,,,,,,16,,,,,B03,,,1,,1,,,16,16,1,22,,B03,120.672646,24.146877,3
2022,12,27,17,8,臺中市,石岡區,0,0,0,8,,,70,,,,,,,,,,,,,,,16,,,,,B03,,,1,,2,,,16,16,1,22,,B03,120.81498,24.260869,3
2022,12,27,17,10,臺中市,西屯區,0,1,0,8,3,5,50,4,1,1,5,4,5,7,1,1,10,5,5,2,16,23,3,10,3,4,B01,7,11,1,4,2,7,,26,23,1,22,8,B01,120.656266,24.163516,2
2022,12,27,17,10,臺中市,東勢區,0,1,0,8,3,5,50,14,9,1,5,4,5,7,4,4,5,5,5,1,17,26,3,10,1,4,C03,7,11,1,10,2,11,,26,26,1,22,8,C03,120.826995,24.261789,2
2022,12,27,17,11,臺中市,東勢區,0,0,0,8,,,50,,,,,,,,,,,,,,,23,,,,,B02,,,1,,11,,,23,,1,21,,B02,120.830065,24.256107,3
2022,12,27,17,15,臺中市,西屯區,0,1,0,8,3,5,50,14,9,1,5,4,5,7,4,4,7,4,5,2,18,43,2,9,1,1,C03,7,9,1,10,2,14,,43,43,1,22,9,C03,120.607779,24.16196,2
2022,12,27,17,18,臺中市,北區,0,0,0,8,,,50,,,,,,,,,,,,,,,19,,,,,B03,,,1,,1,,,19,,1,22,,B03,120.685023,24.166961,3
2022,12,27,17,22,臺中市,北屯區,0,0,0,8,,,50,,,,,,,,,,,,,,,23,,,,,A12,,,1,,1,,,23,,1,21,,A12,120.693953,24.164006,3
2022,12,27,17,24,臺中市,梧棲區,0,0,0,8,,,70,,,,,,,,,,,,,,,23,,,,,B03,,,1,,2,,,23,,1,5,,B03,120.540035,24.248431,3
2022,12,27,17,25,臺中市,北屯區,0,1,0,8,1,5,50,4,1,1,5,4,5,7,1,1,10,5,5,2,12,6,3,10,1,1,B03,7,6,1,8,2,2,,6,6,1,21,8,B03,120.721358,24.180114,2
2022,12,27,17,30,臺中市,北屯區,0,0,0,8,,,30,,,,,,,,,,,,,,,23,,,,,B03,,,1,,1,,,23,,1,22,,B03,120.698371,24.175951,3
2022,12,27,17,30,臺中市,烏日區,0,0,0,8,,,40,,,,,,,,,,,,,,,23,,,,,C03,,,1,,2,,,23,,1,21,,C03,120.617422,24.102691,3
2022,12,27,17,31,臺中市,清水區,0,1,0,8,3,5,70,4,1,1,5,4,5,7,1,1,10,5,5,2,16,25,3,10,1,1,B12,7,5,1,8,2,5,,25,25,1,21,8,B12,120.577798,24.300576,2
2022,12,27,17,34,臺中市,南屯區,0,0,0,8,,,50,,,,,,,,,,,,,,,16,,,,,C03,,,1,,1,,,16,,1,5,,C03,120.646148,24.141786,3
2022,12,27,17,37,臺中市,北區,0,0,0,8,,,50,,,,,,,,,,,,,,,12,,,,,C03,,,1,,1,,,12,,1,22,,C03,120.684766,24.167442,3
2022,12,27,17,38,臺中市,大雅區,0,0,0,8,,,50,,,,,,,,,,,,,,,23,,,,,A41,,,1,,2,,,23,23,1,22,,A41,120.613503,24.230313,3
2022,12,27,17,38,臺中市,豐原區,0,0,0,8,,,50,,,,,,,,,,,,,,,12,,,,,B03,,,1,,2,,,12,,1,21,,B03,120.716178,24.241482,3
2022,12,27,17,40,臺中市,北屯區,0,0,0,8,,,50,,,,,,,,,,,,,,,23,,,,,B03,,,1,,1,,,23,,1,21,,B03,120.698071,24.171753,3
2022,12,27,17,40,臺中市,梧棲區,0,0,0,8,,,60,,,,,,,,,,,,,,,7,,,,,B03,,,1,,2,,,7,,1,12,,B03,120.527133,24.222203,3
2022,12,27,17,42,臺中市,西區,0,1,0,8,3,5,50,4,1,1,5,4,5,7,1,1,10,5,5,2,13,23,2,9,1,1,C03,7,9,1,10,2,11,,23,23,1,22,9,C03,120.663182,24.156542,2