年,月,日,時,分,縣市,區,死,受傷,2-30,天候,光線,道路類別,速限,道路型態,事故位置,路面鋪裝,路面狀態,路面缺陷,障礙物,視距,號誌種類,號誌動作,分向設施,快車道或一般車道間,快慢車道間,路面邊線,事故類型及型態,主要肇因,受傷程度,主要傷處,保護裝備,行動電話,當事者區分,車輛用途,當事者行動狀態,駕駛資格情形,駕駛執照種類,飲酒情形,車輛撞擊部位最初,車輛撞擊部位其他,肇事因素個別,肇事因素主要,肇事逃逸,職業,旅次目的,車種,GPS緯度,GPS經度,事故類別
2022,12,27,17,44,臺中市,西區,0,1,0,8,3,5,50,4,1,1,5,4,5,7,2,1,10,5,5,2,13,23,2,9,1,1,C03,7,9,1,10,1,11,,23,23,1,21,8,C03,120.675422,24.133556,2
2022,12,27,17,44,臺中市,豐原區,0,1,0,8,3,5,50,4,1,1,5,4,5,7,1,1,10,5,5,2,17,9,3,10,1,1,B03,7,6,1,8,2,5,,9,9,1,22,8,B03,120.721039,24.253715,2
2022,12,27,17,45,臺中市,沙鹿區,0,0,0,,,,60,,,,,,,,,,,,,,,7,,,,,B03,,,1,,2,,,7,,1,22,,B03,120.563443,24.206708,3
2022,12,27,17,46,臺中市,北區,0,1,0,8,3,5,50,14,7,1,5,4,5,7,4,4,5,4,4,2,13,16,2,9,1,1,C03,7,9,1,10,2,11,,16,16,1,22,8,C03,120.668248,24.172184,2
2022,12,27,17,47,臺中市,南區,0,2,0,7,3,5,50,14,9,1,5,4,5,7,4,4,2,4,5,2,16,7,2,7,1,1,C03,7,7,1,10,2,14,,7,7,1,22,9,C03,120.679396,24.120098,2
2022,12,27,17,47,臺中市,神岡區,0,1,0,8,3,5,40,4,1,1,5,4,5,7,1,1,1,5,5,1,15,25,2,8,3,4,C03,7,9,1,10,2,12,,25,25,1,22,9,C03,120.646114,24.250825,2
2022,12,27,17,48,臺中市,北區,0,0,0,,,,50,,,,,,,,,,,,,,,23,,,,,B03,,,1,,2,,,23,,1,5,,B03,120.676172,24.150283,3
2022,12,27,17,50,臺中市,東區,0,2,0,8,3,5,50,3,1,1,5,4,5,7,1,1,1,4,4,2,13,16,2,9,1,1,C03,7,9,1,10,2,11,,16,16,1,22,8,C03,120.691853,24.132436,2
2022,12,27,17,50,臺中市,大甲區,0,0,0,8,1,3,60,14,9,1,5,4,5,7,1,1,1,4,5,1,17,42,3,10,3,4,B03,7,1,1,8,2,1,,42,42,1,22,9,B03,120.649177,24.377078,3
2022,12,27,17,50,臺中市,豐原區,0,1,0,8,1,5,30,4,1,1,5,4,5,7,1,1,10,5,5,2,16,6,3,10,1,1,B03,7,5,1,8,2,8,,6,6,1,22,8,B03,120.704186,24.231571,2
2022,12,27,17,53,臺中市,北屯區,0,1,0,8,2,5,50,3,1,1,5,4,5,7,2,1,10,5,5,2,16,25,3,10,1,1,B03,7,5,1,8,2,6,,25,25,1,21,8,B03,120.697053,24.16893,2
2022,12,27,17,53,臺中市,龍井區,0,1,0,8,3,5,70,4,1,1,5,4,5,7,1,1,10,5,5,2,16,25,3,10,3,4,B12,7,9,1,6,2,5,,25,25,1,9,1,B12,120.542605,24.218706,2
2022,12,27,17,55,臺中市,北屯區,0,0,0,8,,,50,,,,,,,,,,,,,,,23,,,,,B03,,,1,,1,,,23,23,1,21,,B03,120.679569,24.174028,3
2022,12,27,17,55,臺中市,烏日區,0,1,0,8,3,5,50,14,9,1,5,4,5,7,4,4,5,5,5,1,27,23,2,9,1,1,C03,7,9,1,10,2,11,,23,23,1,21,8,C03,120.643067,24.055331,2
2022,12,27,17,56,臺中市,北屯區,0,0,0,8,,,50,,,,,,,,,,,,,,,23,,,,,B03,,,1,,1,,,23,23,1,22,,B03,120.694058,24.164538,3
2022,12,27,17,56,臺中市,龍井區,0,0,0,8,,,50,,,,,,,,,,,,,,,23,,,,,C03,,,1,,2,,,23,,1,20,,C03,120.586063,24.181836,3
2022,12,27,17,57,臺中市,大里區,0,0,0,8,,,50,,,,,,,,,,,,,,,26,,,,,C03,,,1,,1,,,26,,1,22,,C03,120.689299,24.096502,3
2022,12,27,17,58,臺中市,南屯區,0,3,0,8,3,5,50,3,2,1,5,4,5,7,4,4,1,4,5,2,13,23,2,9,1,1,C03,7,9,1,10,2,11,13,23,23,1,22,8,C03,120.646487,24.149845,2
2022,12,27,18,1,臺中市,東區,0,2,0,8,3,5,50,3,1,1,5,4,5,7,1,1,10,5,5,2,13,16,2,9,1,1,F02,7,9,8,20,2,16,,16,16,1,22,8,F02,120.692485,24.14994,2
2022,12,27,18,1,臺中市,西屯區,0,2,0,8,3,5,50,4,1,1,5,4,5,7,1,1,5,4,5,2,15,23,2,9,1,1,C03,7,9,1,10,2,14,,23,44,1,22,9,C03,120.639323,24.171719,2
2022,12,27,18,1,臺中市,豐原區,0,0,0,8,,,50,,,,,,,,,,,,,,,26,,,,,C03,,,1,,2,,,26,26,1,22,,C03,120.727214,24.239189,4
2022,12,27,18,3,臺中市,大里區,0,0,0,8,,,60,,,,,,,,,,,,,,,23,,,,,B03,,,1,,2,,,23,,1,5,,B03,120.683151,24.089983,3
2022,12,27,18,5,臺中市,潭子區,0,1,0,8,1,5,50,4,9,1,5,4,5,7,1,1,5,5,5,1,17,42,2,7,1,1,C03,7,9,1,10,2,11,,44,42,1,22,8,C03,120.706949,24.211374,2
2022,12,27,18,6,臺中市,中區,0,0,0,8,,,50,,,,,,,,,,,,,,,7,,,,,B03,,,1,,1,,,23,7,1,22,,B03,120.678926,24.141993,3
2022,12,27,18,7,臺中市,南區,0,0,0,,,,50,,,,,,,,,,,,,,,23,,,,,C03,,,1,,2,,,23,,1,21,,C03,120.651725,24.12182,3
2022,12,27,18,8,臺中市,西區,0,1,0,8,3,5,50,3,1,1,5,4,5,7,4,4,10,5,5,2,12,6,3,10,1,1,B03,7,6,1,8,2,8,,6,6,1,22,9,B03,120.657975,24.154597,2
2022,12,27,18,8,臺中市,龍井區,0,1,0,8,3,5,50,14,9,1,5,4,5,7,4,4,5,5,4,2,13,23,2,9,3,4,C03,7,9,3,18,2,11,,23,16,1,9,7,C03,120.563456,24.200264,2
2022,12,27,18,10,臺中市,南屯區,0,1,0,8,1,5,50,4,1,1,5,4,5,7,1,1,10,5,5,2,16,6,3,10,1,1,B03,7,5,1,8,2,1,,6,6,1,5,8,B03,120.643788,24.148738,2
2022,12,27,18,10,臺中市,霧峰區,0,1,0,8,3,5,60,14,7,1,5,4,5,7,4,4,1,3,4,1,13,23,2,9,3,4,C03,7,9,1,10,2,11,,23,23,1,22,8,C03,120.694811,24.051661,2
2022,12,27,18,11,臺中市,大里區,0,1,0,8,3,5,60,4,1,1,5,4,5,7,1,1,1,2,4,1,13,23,2,8,1,1,C03,7,9,1,10,2,11,,23,23,1,22,9,C03,120.685587,24.103119,2
2022,12,27,18,12,臺中市,北屯區,0,2,0,8,3,5,50,4,1,1,5,4,5,7,4,4,10,5,5,2,15,6,2,9,1,1,B01,7,9,1,4,2,1,,6,6,1,21,8,B01,120.689851,24.162261,2
2022,12,27,18,17,臺中市,霧峰區,0,0,0,8,,,50,,,,,,,,,,,,,,,23,,,,,B03,,,1,,2,,,23,,1,22,,B03,120.697786,24.057768,3
2022,12,27,18,18,臺中市,西屯區,0,0,0,8,,,50,,,,,,,,,,,,,,,23,,,,,B03,,,1,,1,,,23,,1,22,,B03,120.646625,24.196171,3
2022,12,27,18,19,臺中市,北屯區,0,0,0,8,,,50,,,,,,,,,,,,,,,6,,,,,C03,,,1,,1,,,6,6,1,5,,C03,120.687838,24.173097,3
2022,12,27,18,19,臺中市,北屯區,0,0,0,8,,,50,,,,,,,,,,,,,,,23,,,,,B03,,,1,,1,,,23,,1,22,,B03,120.720615,24.176106,3
2022,12,27,18,21,臺中市,南屯區,0,0,0,8,,,50,,,,,,,,,,,,,,,23,,,,,B03,,,1,,9,,,23,,1,22,,B03,120.646279,24.138975,3
2022,12,27,18,21,臺中市,北屯區,0,0,0,8,,,50,,,,,,,,,,,,,,,23,,,,,B03,,,1,,1,,,23,,1,21,,B03,120.677408,24.200881,3
2022,12,27,18,27,臺中市,霧峰區,0,1,0,8,3,5,40,3,1,1,5,4,5,7,4,4,5,5,5,1,13,23,3,10,3,4,B03,7,9,1,8,2,8,,23,23,1,18,8,B03,120.68666,24.048916,2
2022,12,27,18,30,臺中市,南屯區,0,0,0,8,,,50,,,,,,,,,,,,,,,27,,,,,B03,,,1,,1,,,27,,1,20,,B03,120.642038,24.143181,3
2022,12,27,18,30,臺中市,大里區,0,2,0,8,3,5,50,4,1,1,5,4,5,7,1,1,10,5,5,2,17,23,2,9,1,1,C03,7,9,1,10,2,11,,23,23,1,21,5,C03,120.703183,24.090089,2
2022,12,27,18,31,臺中市,北屯區,0,1,0,8,3,5,50,3,1,1,5,4,5,7,4,4,10,5,5,2,17,6,3,10,1,1,B03,7,5,1,8,2,1,,6,6,1,21,8,B03,120.685167,24.180209,2
2022,12,27,18,32,臺中市,北屯區,0,2,0,8,3,5,50,4,2,1,5,4,5,7,1,1,10,5,5,2,13,16,2,8,1,1,C03,7,9,1,10,2,11,,16,16,1,22,8,C03,120.685236,24.16948,2
2022,12,27,18,34,臺中市,大雅區,0,0,0,8,,,60,,,,,,,,,,,,,,,17,,,,,B03,,,1,,1,,,17,,1,22,,B03,120.641357,24.230032,3
2022,12,27,18,37,臺中市,大甲區,0,2,0,8,3,5,50,4,1,1,5,4,5,7,1,1,10,5,5,2,17,19,2,9,1,1,F01,7,1,8,20,2,16,,19,19,1,22,2,F01,120.625873,24.343563,2
2022,12,27,18,39,臺中市,南屯區,0,0,0,8,,,40,,,,,,,,,,,,,,,23,,,,,B03,,,1,,2,,,23,,1,5,,B03,120.631841,24.150998,3
2022,12,27,18,42,臺中市,西區,0,0,0,8,,,30,,,,,,,,,,,,,,,23,,,,,B12,,,1,,1,,,23,,1,10,,B12,120.659527,24.150198,3
2022,12,27,18,43,臺中市,西區,0,0,0,8,3,5,50,3,1,1,5,4,5,7,4,4,10,5,5,2,14,12,,,,,B03,,,1,,1,,,12,,1,22,,B03,120.664029,24.14523,3
2022,12,27,18,46,臺中市,霧峰區,0,1,0,8,3,5,50,4,1,1,5,4,5,7,4,4,10,5,5,2,15,6,2,8,3,4,C03,7,9,1,10,2,12,,6,6,1,22,8,C03,120.69754,24.062735,2
2022,12,27,18,48,臺中市,北區,0,3,0,8,3,5,40,14,7,1,5,4,5,7,4,4,5,4,4,2,16,19,2,9,1,1,C03,7,1,1,10,2,14,,19,19,1,22,8,C03,120.682188,24.151669,2
2022,12,27,18,48,臺中市,東區,0,1,0,8,3,5,50,4,1,1,5,4,5,7,1,1,10,5,5,2,16,8,2,9,1,1,C03,7,5,1,10,2,14,,8,8,1,21,8,C03,120.692502,24.138738,2
2022,12,27,18,55,臺中市,豐原區,0,0,0,8,,,30,,,,,,,,,,,,,,,6,,,,,B03,,,1,,2,,,6,6,1,22,,B03,120.747348,24.269586,3
2022,12,27,18,56,臺中市,太平區,0,0,0,8,,,50,,,,,,,,,,,,,,,26,,,,,C03,,,1,,2,,,26,,1,22,,C03,120.734213,24.148511,3
2022,12,27,18,57,臺中市,南區,0,0,0,8,,,50,,,,,,,,,,,,,,,23,,,,,B03,,,1,,2,,,23,,1,22,,B03,120.65699,24.12329,3
2022,12,27,18,58,臺中市,南區,0,1,0,8,3,5,50,3,1,1,5,4,5,7,4,4,10,5,5,2,13,16,3,10,1,1,C03,7,9,1,10,2,11,,16,16,1,22,8,C03,120.667403,24.114285,2
2022,12,27,18,58,臺中市,東區,0,0,0,8,3,5,50,5,2,1,5,4,5,7,1,1,5,5,4,2,10,26,3,10,1,1,C03,4,6,1,10,2,12,,26,26,1,5,8,C03,120.692263,24.126256,3
2022,12,27,19,0,臺中市,西區,0,0,0,8,3,5,50,14,9,1,5,4,5,7,4,4,3,4,5,2,12,17,,,,,B02,,,1,,2,,,17,,1,22,,B02,120.665157,24.128686,3
2022,12,27,19,0,臺中市,西區,0,1,0,8,3,5,50,4,1,1,5,4,5,7,1,1,10,5,5,2,17,42,2,9,1,1,C03,7,9,1,10,2,14,,42,42,1,3,9,C03,120.671996,24.146246,2
2022,12,27,19,0,臺中市,沙鹿區,0,0,0,,,,50,,,,,,,,,,,,,,,23,,,,,C03,,,1,,2,,,23,,1,22,,C03,120.564902,24.242986,3
2022,12,27,19,4,臺中市,西屯區,0,1,0,8,3,5,50,14,7,1,5,4,5,7,4,4,1,4,4,2,16,44,3,10,3,4,B03,7,9,1,8,2,2,,44,44,1,22,8,B03,120.65421,24.199466,2
2022,12,27,19,5,臺中市,南區,0,1,0,7,3,5,50,4,1,1,5,4,5,7,1,1,10,5,5,2,16,6,3,10,1,1,B01,7,5,1,4,2,6,,6,6,1,22,9,B01,120.663083,24.120031,2
2022,12,27,19,9,臺中市,南區,0,2,0,8,3,5,50,4,1,1,5,4,5,7,1,1,10,5,5,2,16,6,2,7,1,1,C03,7,5,1,10,2,12,,6,6,1,22,8,C03,120.660534,24.116875,2
2022,12,27,19,10,臺中市,沙鹿區,0,2,0,8,3,5,40,4,1,1,5,4,5,7,4,4,10,5,5,2,15,6,2,9,1,1,C03,7,9,1,10,2,11,,6,6,1,8,9,C03,120.565536,24.241773,2
2022,12,27,19,12,臺中市,西區,0,0,0,8,,,50,,,,,,,,,,,,,,,23,,,,,B03,,,1,,1,,,23,,1,21,,B03,120.672163,24.148593,4
2022,12,27,19,13,臺中市,大甲區,0,1,0,8,3,5,50,4,1,1,5,4,5,7,4,4,10,5,5,2,15,6,2,9,1,1,C03,7,9,1,10,2,11,,6,6,1,4,1,C03,120.652463,24.381456,2
2022,12,27,19,23,臺中市,清水區,0,1,0,8,3,5,50,14,7,1,5,4,5,7,4,4,5,5,4,2,12,26,3,10,1,1,B03,7,11,1,8,2,4,,26,26,1,21,8,B03,120.549781,24.262151,2
2022,12,27,19,27,臺中市,西區,0,0,0,8,,,50,,,,,,,,,,,,,,,7,,,,,B12,,,1,,1,,,7,,1,9,,B12,120.657232,24.137818,3
2022,12,27,19,29,臺中市,西屯區,0,0,0,8,,,50,,,,,,,,,,,,,,,8,,,,,B03,,,1,,1,,,8,,1,22,,B03,120.642979,24.18723,3
2022,12,27,19,30,臺中市,南屯區,0,1,0,8,3,5,50,14,7,1,5,4,5,7,4,4,5,4,4,2,18,23,2,9,1,1,C03,7,9,1,10,2,14,,23,23,1,22,9,C03,120.635051,24.152834,2
2022,12,27,19,30,臺中市,大里區,0,1,0,8,1,5,50,3,1,1,5,4,5,7,4,4,3,4,4,2,16,9,3,10,1,1,B03,7,6,1,8,2,6,,9,9,1,5,5,B03,120.679495,24.117745,2
2022,12,27,19,33,臺中市,北屯區,0,0,0,8,,,50,,,,,,,,,,,,,,,23,,,,,B03,,,1,,1,,,23,,1,21,,B03,120.685058,24.190456,3
2022,12,27,19,35,臺中市,南屯區,0,0,0,8,,,50,,,,,,,,,,,,,,,16,,,,,C03,,,1,,1,,,16,16,1,22,,C03,120.637184,24.15155,3
2022,12,27,19,49,臺中市,梧棲區,0,0,0,8,,,70,,,,,,,,,,,,,,,6,,,,,B03,,,1,,2,,,6,,1,12,,B03,120.552081,24.244014,3
2022,12,27,19,53,臺中市,大里區,0,0,0,8,3,5,30,13,9,1,5,4,5,7,4,4,10,5,5,2,16,18,,,,,B03,,,1,,1,,,18,,1,22,,B03,120.706308,24.106739,3
2022,12,27,19,54,臺中市,霧峰區,0,1,0,8,3,5,50,5,1,1,5,4,5,7,1,1,10,5,5,2,16,25,3,10,3,4,C03,7,6,1,10,2,12,,25,25,1,22,8,C03,120.713567,24.072179,2
2022,12,27,20,5,臺中市,東區,0,1,0,8,3,5,50,14,7,1,5,4,5,7,4,4,5,5,4,2,12,23,3,10,3,4,B03,7,4,1,8,11,2,,23,23,2,5,8,B03,120.692558,24.148952,2
2022,12,27,20,5,臺中市,霧峰區,0,0,0,8,,,50,,,,,,,,,,,,,,,23,,,,,B03,,,1,,2,,,23,,1,22,,B03,120.698985,24.078138,3
2022,12,27,20,25,臺中市,大肚區,0,1,0,8,4,5,30,14,9,1,5,4,5,7,4,4,10,5,5,2,18,23,2,8,1,1,C03,7,9,1,10,2,12,,23,23,1,5,1,C03,120.570106,24.112443,2
2022,12,27,20,25,臺中市,烏日區,0,1,0,8,4,5,30,11,9,1,5,4,5,7,4,4,10,5,5,2,18,42,2,8,1,1,C03,7,6,1,10,2,12,,42,42,1,22,9,C03,120.626219,24.098512,2
2022,12,27,20,27,臺中市,神岡區,0,1,0,8,3,5,60,3,1,1,5,4,5,7,3,1,1,4,4,1,18,42,2,8,1,1,C02,7,6,1,9,2,12,,42,42,1,21,8,C02,120.692005,24.232509,2
2022,12,27,20,32,臺中市,神岡區,0,1,0,8,3,7,25,4,1,1,5,4,5,7,4,4,5,5,5,1,15,6,2,9,3,4,F01,7,9,8,20,2,16,,6,6,1,22,9,F01,120.651573,24.258294,2
2022,12,27,20,35,臺中市,中區,0,1,0,8,3,5,50,14,9,1,5,4,5,7,4,4,5,4,5,2,12,17,2,7,1,1,F01,7,9,8,20,1,16,,17,17,1,22,9,F01,120.681464,24.144027,2
2022,12,27,20,40,臺中市,北屯區,0,0,0,8,,,50,,,,,,,,,,,,,,,23,,,,,B03,,,1,,1,,,23,23,1,5,,B03,120.689979,24.185301,3
2022,12,27,20,42,臺中市,西屯區,0,0,0,8,,,50,,,,,,,,,,,,,,,7,,,,,B03,,,1,,9,,,7,,1,22,,B03,120.615468,24.189164,3
2022,12,27,20,43,臺中市,北屯區,0,1,0,8,3,5,40,14,8,1,5,4,5,7,4,4,5,4,4,2,16,19,3,10,1,1,B03,7,1,1,8,2,8,,19,19,1,22,8,B03,120.691913,24.167615,2
2022,12,27,21,2,臺中市,南屯區,0,2,0,8,3,5,50,14,9,1,5,4,5,7,4,4,9,5,5,2,16,7,2,9,1,1,C03,7,10,1,10,2,12,,7,7,1,6,1,C03,120.648754,24.129645,2
2022,12,27,21,6,臺中市,東勢區,0,0,0,8,,,50,,,,,,,,,,,,,,,18,,,,,B03,,,1,,1,,,18,,1,20,,B03,120.83062,24.249732,3
2022,12,27,21,15,臺中市,東區,0,1,0,8,3,5,50,4,2,1,5,4,5,7,1,1,10,5,5,2,13,16,2,7,1,1,C03,7,9,1,10,2,11,12,16,16,1,21,8,C03,120.705974,24.140478,2
2022,12,27,21,17,臺中市,西區,0,0,0,8,,,50,,,,,,,,,,,,,,,43,,,,,,,,,,,,,43,,1,,,,120.661566,24.143662,3
2022,12,27,21,18,臺中市,西屯區,0,1,0,8,3,5,40,14,8,1,5,4,5,7,4,4,5,5,4,2,18,42,3,10,3,4,B01,7,9,1,4,2,2,,44,42,1,22,8,B01,120.645876,24.171731,2
2022,12,27,21,20,臺中市,北區,0,0,0,8,3,5,50,14,7,1,5,4,5,7,4,4,5,4,5,2,13,16,3,10,1,1,B03,7,9,1,8,5,1,,16,16,1,22,8,B03,120.678557,24.148275,3
2022,12,27,21,20,臺中市,龍井區,0,0,0,8,,,60,,,,,,,,,,,,,,,23,,,,,B03,,,1,,2,,,23,,1,19,,B03,120.574487,24.178269,3
2022,12,27,21,20,臺中市,沙鹿區,0,1,0,8,3,5,40,14,8,1,5,4,5,7,4,4,1,4,4,1,13,23,3,10,1,1,B03,7,4,2,18,2,5,,23,23,1,9,5,B03,120.622922,24.242401,2
2022,12,27,21,23,臺中市,北屯區,0,0,0,8,,,50,,,,,,,,,,,,,,,23,,,,,B03,,,1,,2,,,23,,1,21,,B03,120.722906,24.16389,3
2022,12,27,21,25,臺中市,大甲區,0,1,0,8,3,5,50,14,9,1,5,4,5,7,4,4,5,5,4,2,17,23,2,9,1,1,C03,7,9,2,18,2,11,,23,23,1,4,1,C03,120.626131,24.344255,2
2022,12,27,21,30,臺中市,南區,0,2,0,8,3,5,50,4,1,1,5,4,5,7,1,1,10,5,5,2,15,25,2,9,1,1,F01,7,9,8,20,2,16,,25,25,1,22,8,F01,120.68418,24.124043,2
2022,12,27,21,45,臺中市,龍井區,0,1,0,8,3,5,70,5,20,1,5,4,5,7,2,1,10,5,5,2,19,23,2,1,1,1,B03,7,6,1,8,2,1,,23,23,1,5,1,B03,120.534586,24.193806,2
2022,12,27,21,53,臺中市,西區,0,2,0,8,1,5,50,4,1,1,5,4,5,7,1,1,10,5,5,2,17,26,3,10,1,1,B03,7,7,1,8,2,8,,26,26,1,22,9,B03,120.65296,24.152334,2
2022,12,27,22,2,臺中市,新社區,0,1,0,8,3,5,30,5,1,1,5,4,5,7,4,4,10,5,5,2,17,6,3,10,1,1,B03,7,5,1,8,2,1,,6,6,1,21,9,B03,120.803478,24.230846,2
2022,12,27,22,9,臺中市,南屯區,0,1,0,8,3,5,50,14,8,1,5,4,5,7,4,4,5,5,4,2,17,23,2,9,1,1,C03,7,9,1,10,2,11,,23,23,1,18,1,C03,120.609476,24.129698,2
2022,12,27,22,12,臺中市,豐原區,0,1,0,8,3,5,40,4,1,1,5,4,5,7,1,1,4,5,5,2,16,25,3,10,3,4,B03,7,5,3,18,2,5,,25,25,1,20,8,B03,120.725015,24.234675,2
2022,12,27,22,16,臺中市,北屯區,0,0,0,8,,,50,,,,,,,,,,,,,,,42,,,,,B03,,,1,,1,,,42,,1,22,,B03,120.721356,24.181925,3
2022,12,27,22,34,臺中市,南屯區,0,0,0,,,,50,,,,,,,,,,,,,,,12,,,,,B03,,,1,,11,,,12,,2,22,,B03,120.637407,24.151536,3
2022,12,27,22,34,臺中市,北屯區,0,2,0,8,3,5,50,4,1,1,5,4,5,7,2,1,10,5,5,2,16,8,2,9,1,1,C03,7,5,1,10,2,14,,8,8,1,21,8,C03,120.664593,24.182926,2
2022,12,27,22,47,臺中市,北區,0,1,0,8,3,5,50,14,7,1,5,4,5,7,4,4,3,4,4,2,13,16,2,9,1,1,C03,7,9,1,10,2,11,,16,16,1,22,9,C03,120.6817,24.15318,2
2022,12,27,22,57,臺中市,西屯區,0,0,0,8,,,50,,,,,,,,,,,,,,,42,,,,,B03,,,1,,1,,,42,,1,22,,B03,120.634913,24.176273,3
2022,12,27,23,0,臺中市,北屯區,0,0,0,8,,,60,,,,,,,,,,,,,,,7,,,,,B02,,,1,,1,,,7,,1,21,,B02,120.675492,24.200964,3
2022,12,27,23,4,臺中市,南屯區,0,0,0,8,,,30,,,,,,,,,,,,,,,23,,,,,A11,,,7,,9,,,23,,2,22,,A11,120.652219,24.150439,3
2022,12,27,23,10,臺中市,北區,0,0,0,8,,,50,,,,,,,,,,,,,,,16,,,,,B01,,,1,,1,,,16,,1,22,,B01,120.676216,24.158122,3
2022,12,27,23,15,臺中市,北區,2,1,0,8,3,5,50,4,18,1,5,4,5,7,2,1,10,5,5,2,3,15,3,10,1,1,A04,7,5,1,2,2,1,,15,15,1,10,8,A04,120.681441,24.155715,1
2022,12,27,23,18,臺中市,沙鹿區,0,2,0,8,3,5,50,4,1,1,5,4,5,7,4,4,10,5,5,2,15,6,2,9,1,1,C03,7,9,1,10,2,12,,6,6,1,18,9,C03,120.560785,24.237033,2
2022,12,28,0,2,臺中市,南屯區,0,2,0,8,3,5,50,4,18,1,5,4,5,7,2,1,10,5,5,2,3,15,3,10,1,1,B03,7,5,3,18,2,8,4,15,15,1,11,5,B03,120.609707,24.138486,2
2022,12,28,1,52,臺中市,北區,0,0,0,8,,,30,,,,,,,,,,,,,,,23,,,,,B02,,,1,,2,,,23,23,1,22,,B02,120.684685,24.161061,3
2022,12,28,5,20,臺中市,南屯區,0,0,0,8,3,5,50,4,2,1,5,4,5,7,2,1,5,5,4,2,17,21,3,10,1,1,B03,7,5,1,8,5,5,1,21,21,1,22,9,B03,120.649912,24.136676,3
2022,12,28,6,15,臺中市,南屯區,0,0,0,8,,,50,,,,,,,,,,,,,,,25,,,,,B03,,,1,,2,,,25,,1,9,,B03,120.636163,24.146735,3
2022,12,28,6,16,臺中市,西屯區,0,1,0,8,2,5,30,4,1,1,5,4,5,7,4,4,10,5,5,2,16,6,3,10,1,1,B03,7,9,1,8,2,5,,6,6,1,22,8,B03,120.64197,24.175183,2
2022,12,28,7,0,臺中市,烏日區,0,0,0,8,1,5,40,4,1,1,5,4,5,7,4,4,1,5,5,1,11,8,,,,,C03,,,1,,2,,,8,,1,22,,C03,120.584206,24.112868,3
2022,12,28,7,2,臺中市,大雅區,0,0,0,8,,,30,,,,,,,,,,,,,,,12,,,,,B03,,,1,,2,,,12,,1,22,,B03,120.621895,24.235487,3
2022,12,28,7,4,臺中市,沙鹿區,0,0,0,,,,50,,,,,,,,,,,,,,,23,,,,,B03,,,1,,2,,,23,,1,22,,B03,120.575149,24.20958,3
2022,12,28,7,5,臺中市,清水區,0,3,0,8,1,5,50,14,9,1,5,4,5,7,4,4,5,5,5,1,13,23,2,9,1,1,C03,7,9,1,10,2,11,,23,23,1,21,8,C03,120.626275,24.305235,2
2022,12,28,7,6,臺中市,大雅區,0,1,0,8,1,5,50,5,2,1,5,4,5,7,1,1,1,4,4,1,13,23,2,9,1,1,C03,7,9,1,10,2,11,,23,23,1,22,8,C03,120.630324,24.241033,2
2022,12,28,7,13,臺中市,大肚區,0,1,0,8,1,5,50,4,1,1,5,4,5,7,1,1,10,5,5,2,16,25,3,10,1,1,B12,7,9,1,8,2,5,,25,25,1,20,8,B12,120.563239,24.124026,2
2022,12,28,7,18,臺中市,豐原區,0,0,0,8,,,60,,,,,,,,,,,,,,,16,,,,,B03,,,1,,2,,,16,,1,20,,B03,120.703788,24.23773,3
2022,12,28,7,20,臺中市,西區,0,4,0,8,1,5,50,4,1,1,5,4,5,7,4,4,10,5,5,2,15,6,2,9,1,1,C03,7,9,1,10,2,11,,6,6,1,4,8,C03,120.658813,24.141573,2
2022,12,28,7,21,臺中市,外埔區,0,1,0,8,1,5,50,12,9,1,5,4,5,7,4,4,5,5,5,2,26,23,2,9,1,1,C03,7,9,1,10,2,11,,23,23,1,21,8,C03,120.625845,24.336575,2
2022,12,28,7,23,臺中市,西區,0,2,0,8,1,5,50,4,1,1,5,4,5,7,1,1,10,5,5,2,16,6,2,9,1,1,C03,7,5,1,10,2,12,,6,6,1,4,5,C03,120.667284,24.140579,2
2022,12,28,7,25,臺中市,潭子區,0,2,0,8,1,5,50,3,2,1,5,4,5,7,1,1,5,4,4,1,3,15,2,9,1,1,C03,7,9,1,10,2,11,,15,15,1,22,8,C03,120.707407,24.211169,2
2022,12,28,7,26,臺中市,大甲區,0,0,0,8,,,30,,,,,,,,,,,,,,,6,,,,,B03,,,1,,2,,,6,,1,22,,B03,120.64487,24.404583,3
2022,12,28,7,27,臺中市,北屯區,0,2,0,8,1,5,50,4,1,1,5,4,5,7,1,1,10,5,5,2,13,43,2,9,1,1,C03,7,9,1,10,2,15,,43,43,1,21,8,C03,120.691926,24.175153,2
2022,12,28,7,28,臺中市,中區,0,0,0,8,,,50,,,,,,,,,,,,,,,7,,,,,B03,,,1,,1,,,7,,1,21,,B03,120.680385,24.137528,3
2022,12,28,7,28,臺中市,大里區,0,3,0,8,1,5,50,3,1,1,5,4,5,7,4,4,5,5,5,1,11,26,3,10,1,1,B03,7,14,1,8,2,8,,26,26,1,5,8,B03,120.703827,24.10705,2
2022,12,28,7,30,臺中市,大雅區,0,1,0,8,1,5,50,3,1,1,5,4,5,7,1,1,3,4,4,1,12,6,3,10,1,1,B03,7,6,1,8,2,5,,6,6,1,22,9,B03,120.670853,24.215701,2
2022,12,28,7,30,臺中市,東勢區,0,0,0,8,,,30,,,,,,,,,,,,,,,12,,,,,B12,,,1,,1,,,12,,1,21,,B12,120.818064,24.276505,3