年,月,日,時,分,縣市,區,死,受傷,2-30,天候,光線,道路類別,速限,道路型態,事故位置,路面鋪裝,路面狀態,路面缺陷,障礙物,視距,號誌種類,號誌動作,分向設施,快車道或一般車道間,快慢車道間,路面邊線,事故類型及型態,主要肇因,受傷程度,主要傷處,保護裝備,行動電話,當事者區分,車輛用途,當事者行動狀態,駕駛資格情形,駕駛執照種類,飲酒情形,車輛撞擊部位最初,車輛撞擊部位其他,肇事因素個別,肇事因素主要,肇事逃逸,職業,旅次目的,車種,GPS緯度,GPS經度,事故類別
2022,12,28,7,32,臺中市,東區,0,0,0,8,,,50,,,,,,,,,,,,,,,16,,,,,B03,,,1,,2,,,16,,1,22,,B03,120.701487,24.140216,3
2022,12,28,7,32,臺中市,豐原區,0,1,0,8,1,5,50,3,1,1,5,4,5,7,4,4,10,5,5,2,17,6,3,10,3,4,C03,7,5,1,10,2,14,,6,6,1,22,8,C03,120.72884,24.246213,2
2022,12,28,7,33,臺中市,南屯區,0,1,0,8,1,5,50,3,1,1,5,4,5,7,3,1,5,5,5,2,12,43,3,10,3,4,B03,7,6,1,8,2,2,,43,43,1,22,8,B03,120.635483,24.141399,2
2022,12,28,7,35,臺中市,大雅區,0,1,0,8,1,8,30,14,9,1,5,4,5,7,4,4,10,5,5,2,14,12,2,8,1,1,C03,7,14,1,10,2,11,,44,12,1,22,8,C03,120.604603,24.222961,2
2022,12,28,7,35,臺中市,烏日區,0,0,0,8,1,5,50,3,9,1,5,4,5,7,1,1,9,5,5,2,12,17,,,,,B03,,,1,,2,,,17,,1,22,,B03,120.588952,24.112182,3
2022,12,28,7,37,臺中市,西屯區,0,1,0,8,1,5,50,3,2,1,5,4,5,7,2,1,4,5,5,2,16,6,3,10,1,1,B03,7,6,1,8,2,5,,6,6,1,22,8,B03,120.641234,24.178553,2
2022,12,28,7,38,臺中市,龍井區,0,1,0,8,1,5,40,11,13,1,5,4,5,7,4,4,4,5,5,1,18,23,2,9,3,4,C03,7,5,1,10,2,11,,23,23,1,9,1,C03,120.554719,24.188777,2
2022,12,28,7,38,臺中市,大甲區,0,2,0,8,1,5,40,14,11,1,5,4,5,7,4,4,10,5,5,2,12,23,2,7,1,1,C03,7,9,3,18,2,12,,23,23,1,22,9,C03,120.645012,24.371184,2
2022,12,28,7,40,臺中市,神岡區,0,0,0,8,,,60,,,,,,,,,,,,,,,7,,,,,C03,,,4,8,11,,,7,7,2,22,,C03,120.686416,24.249816,3
2022,12,28,7,41,臺中市,后里區,0,0,0,8,,,50,,,,,,,,,,,,,,,5,,,,,B03,,,1,,2,,,5,,1,22,,B03,120.719994,24.32498,3
2022,12,28,7,41,臺中市,神岡區,0,1,0,8,1,5,50,14,9,1,5,4,5,7,4,4,5,5,5,1,17,26,3,10,3,4,B03,7,5,1,8,1,2,,26,26,1,22,8,B03,120.657283,24.278247,2
2022,12,28,7,42,臺中市,南屯區,0,3,0,8,1,5,40,14,7,1,5,4,5,7,4,4,9,4,4,2,17,10,3,10,1,1,B03,7,11,1,8,2,7,,10,10,1,22,9,B03,120.632313,24.155622,2
2022,12,28,7,42,臺中市,西屯區,0,0,0,8,,,50,,,,,,,,,,,,,,,16,,,,,C03,,,1,,2,,,16,,2,22,,C03,120.649796,24.162755,3
2022,12,28,7,44,臺中市,北屯區,0,0,0,8,,,50,,,,,,,,,,,,,,,23,,,,,B03,,,1,,1,,,23,,1,22,,B03,120.665153,24.18396,3
2022,12,28,7,46,臺中市,西屯區,0,2,0,8,1,5,30,14,9,1,5,4,5,7,4,4,10,5,5,2,10,1,2,7,1,1,C03,7,4,1,10,1,11,,1,1,1,22,8,C03,120.642433,24.175334,2
2022,12,28,7,50,臺中市,西屯區,0,0,0,8,,,40,,,,,,,,,,,,,,,23,,,,,C03,,,1,,1,,,23,23,1,22,,C03,120.650866,24.162185,3
2022,12,28,7,51,臺中市,東區,0,1,0,8,1,5,50,4,1,1,5,4,5,7,2,1,10,5,5,2,17,42,2,8,3,4,C03,7,5,1,10,2,12,,42,42,1,5,8,C03,120.699775,24.142686,2
2022,12,28,7,52,臺中市,中區,0,1,0,8,1,5,50,4,1,1,5,4,5,7,2,1,10,5,5,2,16,6,3,10,1,1,C03,7,5,1,10,2,13,,6,6,1,4,8,C03,120.674312,24.14279,2
2022,12,28,7,54,臺中市,太平區,0,0,0,8,,,80,,,,,,,,,,,,,,,16,,,,,C01,,,4,,2,11,12,16,16,1,22,,C01,120.707814,24.13272,3
2022,12,28,7,54,臺中市,烏日區,0,1,0,8,1,5,50,11,8,1,5,4,5,1,4,4,1,4,4,1,18,23,2,9,1,1,C03,7,9,1,10,2,14,,23,23,1,21,8,C03,120.584276,24.111436,2
2022,12,28,7,55,臺中市,大雅區,0,2,0,8,1,5,50,3,1,1,5,4,5,7,1,1,3,4,4,1,16,25,2,9,1,1,C03,7,9,2,18,2,11,,25,25,1,22,9,C03,120.670853,24.215701,2
2022,12,28,7,56,臺中市,南屯區,0,1,0,8,1,5,50,14,7,1,5,4,5,7,4,4,9,5,4,2,16,19,3,10,3,4,B03,7,1,1,8,2,8,,19,19,1,22,8,B03,120.644577,24.148755,2
2022,12,28,7,56,臺中市,龍井區,0,1,0,8,1,5,50,4,1,1,5,4,5,7,2,1,9,5,5,2,13,23,3,10,1,1,B12,7,9,1,8,2,1,,23,23,1,22,8,B12,120.593215,24.182558,2
2022,12,28,7,59,臺中市,后里區,0,1,0,8,1,5,50,14,22,1,5,4,5,7,3,1,5,5,4,1,17,19,3,10,1,1,B12,7,1,1,7,2,7,,19,19,1,21,8,B12,120.69081,24.31409,2
2022,12,28,8,1,臺中市,東區,0,0,0,8,,,50,,,,,,,,,,,,,,,17,,,,,C03,,,1,,1,,,17,17,1,22,,C03,120.685066,24.12957,3
2022,12,28,8,1,臺中市,霧峰區,0,1,0,8,1,5,30,3,1,1,5,4,5,7,4,4,10,5,5,2,29,23,2,9,1,1,C03,7,6,3,18,2,15,,23,23,1,22,9,C03,120.689959,24.049398,2
2022,12,28,8,2,臺中市,西區,0,1,0,8,1,5,50,4,1,1,5,4,5,7,1,1,10,5,5,2,16,6,3,10,1,1,B03,7,6,1,8,2,2,,6,6,1,4,5,B03,120.675494,24.133602,2
2022,12,28,8,2,臺中市,清水區,0,1,0,8,1,5,30,4,1,1,5,4,5,7,4,4,10,5,5,2,15,6,3,10,1,1,B02,7,9,1,8,2,6,,6,6,1,21,8,B02,120.607372,24.277856,2
2022,12,28,8,5,臺中市,大里區,0,2,0,8,1,5,50,14,9,1,5,4,5,7,4,4,5,4,5,2,13,16,2,9,1,1,C03,7,9,1,10,2,11,,16,16,1,22,9,C03,120.704857,24.081996,2
2022,12,28,8,5,臺中市,大里區,0,2,0,8,1,5,50,4,1,1,5,4,5,7,4,4,10,5,5,2,16,8,2,9,1,1,C03,7,5,1,10,2,14,,8,8,1,22,8,C03,120.694442,24.079438,2
2022,12,28,8,5,臺中市,神岡區,0,0,0,8,,,50,,,,,,,,,,,,,,,17,,,,,B03,,,1,,1,,,17,,1,22,,B03,120.659242,24.274399,3
2022,12,28,8,6,臺中市,西屯區,0,2,0,8,1,5,50,4,2,1,5,4,5,7,1,1,10,5,5,2,12,16,2,9,3,4,C03,7,9,1,10,2,14,,16,16,1,22,8,C03,120.663505,24.178113,2
2022,12,28,8,7,臺中市,后里區,0,0,0,8,1,3,60,14,1,1,5,4,5,7,1,1,1,2,5,2,13,23,3,10,1,1,B03,7,9,1,8,2,1,,23,23,1,21,1,B03,120.717366,24.321858,3
2022,12,28,8,10,臺中市,大雅區,0,1,0,8,1,5,50,4,2,1,5,4,5,7,1,1,5,5,4,1,13,44,3,10,1,1,B03,7,8,1,8,2,6,,44,44,1,22,8,B03,120.636557,24.217052,2
2022,12,28,8,12,臺中市,北屯區,0,1,0,8,1,5,50,3,1,1,5,4,5,7,1,1,10,5,5,2,16,23,2,9,1,1,C03,7,9,1,10,2,14,,23,23,1,21,8,C03,120.690038,24.201258,2
2022,12,28,8,13,臺中市,西區,0,0,0,8,,,50,,,,,,,,,,,,,,,23,,,,,B03,,,1,,9,,,23,,1,2,,B03,120.659148,24.140193,3
2022,12,28,8,14,臺中市,太平區,0,1,0,8,1,5,50,4,1,1,5,4,5,7,4,4,10,5,5,2,16,6,2,9,1,1,C03,7,5,1,10,2,11,,6,6,1,21,8,C03,120.714757,24.141001,2
2022,12,28,8,15,臺中市,南屯區,0,1,0,8,1,5,50,14,9,1,5,4,5,7,2,1,1,5,5,2,12,7,2,9,1,1,C03,7,7,3,18,2,14,,7,7,1,22,9,C03,120.646809,24.142359,2
2022,12,28,8,15,臺中市,北屯區,0,0,0,8,,,50,,,,,,,,,,,,,,,18,,,,,B03,,,1,,2,,,18,,1,21,,B03,120.685506,24.174567,3
2022,12,28,8,15,臺中市,太平區,0,0,0,8,,,50,,,,,,,,,,,,,,,9,,,,,B03,,,1,,2,2,,9,9,1,22,,B03,120.72452,24.14957,3
2022,12,28,8,16,臺中市,沙鹿區,0,0,0,8,1,5,70,14,7,1,5,4,5,7,1,1,3,4,4,1,13,23,3,10,1,1,B03,7,14,1,8,6,1,,23,23,1,22,9,B03,120.605805,24.247472,3
2022,12,28,8,17,臺中市,霧峰區,0,0,0,8,,,40,,,,,,,,,,,,,,,12,,,,,B12,,,1,,2,,,12,,1,4,,B12,120.661826,24.069947,3
2022,12,28,8,22,臺中市,潭子區,0,1,0,8,1,5,50,3,1,1,5,4,5,7,4,4,5,5,5,2,16,6,3,10,1,1,B12,7,5,1,8,2,5,,6,6,1,22,8,B12,120.691023,24.215201,2
2022,12,28,8,22,臺中市,南區,0,0,0,8,1,5,50,3,9,1,5,4,5,7,4,4,5,5,5,2,17,17,3,10,1,1,B12,7,9,1,8,2,2,,17,17,1,21,8,B12,120.681086,24.120047,3
2022,12,28,8,24,臺中市,豐原區,0,0,0,8,,,50,,,,,,,,,,,,,,,23,,,,,B03,,,1,,2,,,23,23,1,4,,B03,120.72158,24.278055,3
2022,12,28,8,25,臺中市,大雅區,0,0,0,8,,,50,,,,,,,,,,,,,,,17,,,,,B03,,,1,,2,,,17,,1,22,,B03,120.647299,24.226283,3
2022,12,28,8,25,臺中市,大里區,0,1,0,8,1,5,50,4,1,1,5,4,5,7,1,1,10,5,5,2,3,51,2,8,4,5,H01,8,16,8,20,10,16,,51,51,1,20,5,H01,120.676096,24.114866,2
2022,12,28,8,25,臺中市,沙鹿區,0,0,0,8,1,5,40,5,1,1,5,4,5,7,2,1,10,5,5,2,12,17,,,,,C03,,,1,,2,,,17,,1,20,,C03,120.56933,24.237089,3
2022,12,28,8,26,臺中市,北屯區,0,0,0,8,,,50,,,,,,,,,,,,,,,26,,,,,B03,,,1,,2,,,26,,1,22,,B03,120.683686,24.176072,3
2022,12,28,8,27,臺中市,北屯區,0,1,0,8,1,5,50,4,1,1,5,4,5,7,1,1,10,5,5,2,18,23,2,9,1,1,C03,7,9,1,10,2,12,,23,23,1,21,8,C03,120.721398,24.162554,2
2022,12,28,8,27,臺中市,太平區,0,2,0,8,1,5,50,14,9,1,5,4,5,7,4,4,5,4,5,1,16,26,2,9,1,1,C03,7,5,1,10,2,11,,26,26,1,20,8,C03,120.714153,24.124899,2
2022,12,28,8,29,臺中市,大里區,0,1,0,8,1,5,50,14,9,1,5,4,5,7,4,4,1,5,4,2,13,16,2,8,1,1,C03,7,9,1,10,2,11,,16,16,1,5,8,C03,120.698441,24.112825,2
2022,12,28,8,29,臺中市,烏日區,0,1,0,8,1,5,50,3,9,1,5,4,5,7,4,4,9,4,5,1,17,7,2,9,1,1,C03,7,9,1,10,2,15,,23,7,1,22,8,C03,120.631901,24.108569,2
2022,12,28,8,33,臺中市,霧峰區,0,1,0,8,1,5,50,14,9,1,5,4,5,7,4,4,9,5,5,1,13,16,3,10,1,1,C03,7,9,1,10,2,11,,16,16,1,4,8,C03,120.715249,24.073183,2
2022,12,28,8,35,臺中市,豐原區,0,1,0,8,1,5,50,3,1,1,5,4,5,7,2,1,10,5,5,2,3,23,3,10,1,1,C03,7,9,1,10,2,11,,23,23,1,22,8,C03,120.727915,24.244795,2
2022,12,28,8,36,臺中市,南屯區,0,0,0,8,,,50,,,,,,,,,,,,,,,23,,,,,B03,,,1,,2,,,23,,1,22,,B03,120.646872,24.141638,3
2022,12,28,8,38,臺中市,沙鹿區,0,3,0,8,1,5,50,3,2,1,5,4,5,7,4,4,8,3,4,1,17,6,2,9,3,4,C03,7,5,1,10,2,11,,6,6,1,22,8,C03,120.579558,24.223941,2
2022,12,28,8,41,臺中市,西屯區,0,0,0,8,,,50,,,,,,,,,,,,,,,7,,,,,B03,,,1,,1,,,7,,1,22,,B03,120.633653,24.173143,3
2022,12,28,8,42,臺中市,東區,0,1,0,8,1,5,50,3,1,1,5,4,5,7,1,1,10,5,5,2,12,16,3,10,1,1,C03,7,9,1,9,2,12,,16,16,1,5,8,C03,120.694397,24.14995,2
2022,12,28,8,46,臺中市,豐原區,0,0,0,8,,,50,,,,,,,,,,,,,,,7,,,,,B03,,,1,,2,,,7,,1,21,,B03,120.70612,24.250038,3
2022,12,28,8,48,臺中市,豐原區,0,0,0,8,,,50,,,,,,,,,,,,,,,7,,,,,B03,,,1,,2,,,7,,1,21,,B03,120.70324,24.23821,3
2022,12,28,8,49,臺中市,大雅區,0,1,0,8,1,5,50,14,12,1,5,4,5,7,4,4,3,4,4,1,12,19,3,10,1,1,C03,7,1,1,10,4,13,,19,19,1,22,9,C03,120.666814,24.216214,2
2022,12,28,8,50,臺中市,南屯區,0,1,0,8,1,5,30,4,1,1,5,4,5,7,4,4,10,5,5,2,15,6,2,9,1,1,F03,7,9,8,20,2,16,,6,6,1,22,9,F03,120.636742,24.139589,2
2022,12,28,8,58,臺中市,太平區,0,2,0,8,1,5,50,3,2,1,5,4,5,7,3,1,5,4,5,1,16,19,2,9,1,1,F03,7,1,8,20,2,16,,19,19,1,22,8,F03,120.71788,24.123002,2
2022,12,28,8,59,臺中市,南屯區,0,1,0,8,1,5,50,3,9,1,5,4,5,7,4,4,1,4,5,2,12,7,2,9,3,4,C03,7,9,1,10,2,14,,44,7,1,22,8,C03,120.646819,24.141491,2
2022,12,28,9,1,臺中市,潭子區,0,0,0,8,,,50,,,,,,,,,,,,,,,23,,,,,B03,,,1,,2,,,44,23,1,22,,B03,120.702968,24.221495,3
2022,12,28,9,1,臺中市,西區,0,1,0,8,1,5,50,4,1,1,5,4,5,7,1,1,10,5,5,2,16,42,3,10,1,1,B01,7,6,1,4,2,5,,42,42,1,10,8,B01,120.669011,24.137697,2
2022,12,28,9,6,臺中市,太平區,0,1,0,8,1,5,50,5,1,1,5,4,5,7,1,1,10,5,5,2,13,16,2,7,1,1,C03,7,9,1,10,2,11,,16,16,1,21,8,C03,120.723369,24.11826,2
2022,12,28,9,15,臺中市,清水區,0,0,0,8,,,30,,,,,,,,,,,,,,,43,,,,,A12,,,1,,2,,,43,,1,10,,A12,120.622977,24.294627,3
2022,12,28,9,16,臺中市,豐原區,0,2,0,8,1,5,50,4,2,1,5,4,5,7,3,1,1,3,5,1,16,8,2,9,1,1,C03,7,5,3,18,2,11,,8,8,1,20,5,C03,120.708908,24.251255,2
2022,12,28,9,17,臺中市,潭子區,0,0,0,8,,,60,,,,,,,,,,,,,,,23,,,,,C03,,,1,,2,,,23,,1,22,,C03,120.705749,24.218166,3
2022,12,28,9,21,臺中市,沙鹿區,0,1,0,8,1,5,50,4,1,1,5,4,5,5,3,1,10,5,5,2,16,6,3,10,1,1,B03,7,9,1,8,2,5,,6,6,1,22,9,B03,120.564279,24.236543,2
2022,12,28,9,24,臺中市,潭子區,0,0,0,8,,,50,,,,,,,,,,,,,,,12,,,,,B03,,,1,,2,,,12,,1,22,,B03,120.711457,24.206714,3
2022,12,28,9,28,臺中市,后里區,0,0,0,8,,,50,,,,,,,,,,,,,,,6,,,,,B03,,,1,,1,,,6,,1,22,,B03,120.747726,24.326819,3
2022,12,28,9,33,臺中市,梧棲區,0,0,0,8,,,30,,,,,,,,,,,,,,,12,,,,,B12,,,1,,2,,,12,,1,10,,B12,120.53969,24.233122,3
2022,12,28,9,34,臺中市,西屯區,0,2,0,8,1,5,50,14,9,1,5,4,5,7,4,4,5,4,5,2,17,7,3,10,1,1,B12,7,7,3,18,9,15,,7,7,1,22,8,B12,120.631827,24.183069,2
2022,12,28,9,43,臺中市,石岡區,0,1,0,8,1,5,70,14,7,1,5,4,5,7,4,4,1,4,4,1,17,19,3,10,3,4,B03,7,1,1,8,2,8,,19,19,1,22,8,B03,120.787733,24.274113,2
2022,12,28,9,45,臺中市,西屯區,0,1,0,8,1,5,50,4,1,1,5,4,5,7,1,1,10,5,5,2,15,25,3,10,3,4,B02,7,9,1,8,2,4,,25,25,1,22,8,B02,120.624955,24.180501,2
2022,12,28,9,49,臺中市,潭子區,0,0,0,8,,,60,,,,,,,,,,,,,,,17,,,,,B03,,,1,,2,,,17,,1,22,,B03,120.688108,24.215965,3
2022,12,28,9,50,臺中市,西屯區,0,0,0,8,,,40,,,,,,,,,,,,,,,43,,,,,C03,,,6,,9,,,43,,1,22,,C03,120.62508,24.180796,3
2022,12,28,9,54,臺中市,西區,0,0,0,8,,,50,,,,,,,,,,,,,,,16,,,,,B12,,,1,,1,,,16,,1,4,,B12,120.661681,24.136973,3
2022,12,28,9,56,臺中市,豐原區,0,0,0,8,,,50,,,,,,,,,,,,,,,44,,,,,B03,,,1,,2,,,44,44,1,22,,B03,120.747056,24.266263,3
2022,12,28,10,5,臺中市,西屯區,0,0,0,8,,,30,,,,,,,,,,,,,,,12,,,,,A12,,,1,,2,,,12,,1,22,,A12,120.606055,24.185703,3
2022,12,28,10,6,臺中市,東區,0,1,0,8,1,5,50,3,2,1,5,4,5,7,2,1,3,4,5,2,16,6,2,7,3,4,C03,7,5,1,10,2,14,,6,6,1,5,8,C03,120.696686,24.142463,2
2022,12,28,10,6,臺中市,南屯區,0,0,0,8,,,50,,,,,,,,,,,,,,,42,,,,,B03,,,3,,2,,,42,,1,22,,B03,120.646809,24.142359,3
2022,12,28,10,8,臺中市,西區,0,1,0,8,1,5,50,14,8,1,5,4,5,7,4,4,1,4,4,2,17,19,3,10,1,1,B03,7,1,1,8,2,1,,19,19,1,4,5,B03,120.65741,24.136115,2
2022,12,28,10,8,臺中市,東區,0,0,0,8,1,5,40,3,2,1,5,4,5,7,4,4,5,5,4,2,17,19,3,10,1,1,B12,7,1,1,7,1,6,,19,19,1,21,8,B12,120.69863,24.14278,3
2022,12,28,10,9,臺中市,北區,0,1,0,8,1,5,50,14,9,1,5,4,5,7,4,4,9,5,5,2,16,19,3,10,1,1,B03,7,1,1,8,2,8,,19,19,1,5,8,B03,120.684314,24.160419,2
2022,12,28,10,10,臺中市,南區,0,1,0,8,1,5,50,4,2,1,5,4,5,7,4,4,1,4,4,2,16,6,3,10,1,1,B12,7,6,1,8,2,5,,6,6,1,5,8,B12,120.657576,24.129727,2
2022,12,28,10,12,臺中市,北屯區,0,1,0,8,1,5,50,4,2,1,5,4,5,7,1,1,5,4,4,2,16,8,3,10,1,1,B03,7,9,1,8,2,1,,23,8,1,22,8,B03,120.680175,24.189007,2
2022,12,28,10,15,臺中市,西屯區,0,0,0,8,,,50,,,,,,,,,,,,,,,12,,,,,B03,,,1,,1,,,12,,1,22,,B03,120.616143,24.184683,3
2022,12,28,10,15,臺中市,沙鹿區,0,1,0,8,1,5,50,3,2,1,5,4,5,7,4,4,8,3,4,1,17,44,3,10,3,4,B03,7,9,1,8,2,1,,44,23,1,22,8,B03,120.5803,24.221955,2
2022,12,28,10,16,臺中市,北屯區,0,0,0,8,,,50,,,,,,,,,,,,,,,33,,,,,A41,,,1,,2,,,33,33,1,21,,A41,120.692718,24.168143,3
2022,12,28,10,18,臺中市,西區,0,1,0,8,1,5,50,14,7,1,5,4,5,7,4,4,5,5,4,2,18,42,2,9,1,1,C03,7,9,1,10,2,12,,42,42,1,21,8,C03,120.671157,24.142633,2
2022,12,28,10,20,臺中市,霧峰區,0,0,0,8,1,5,40,14,8,1,5,4,5,7,4,4,1,4,4,1,14,12,,,,,B12,,,1,,2,,,12,,1,22,,B12,120.662413,24.071782,3
2022,12,28,10,21,臺中市,太平區,0,0,0,8,,,50,,,,,,,,,,,,,,,23,,,,,B03,,,1,,1,,,23,,1,21,,B03,120.737437,24.130979,3
2022,12,28,10,25,臺中市,清水區,0,0,0,8,,,40,,,,,,,,,,,,,,,23,,,,,A41,,,1,,2,,,23,,1,10,,A41,120.538228,24.281643,3
2022,12,28,10,26,臺中市,北屯區,0,0,0,8,,,40,,,,,,,,,,,,,,,19,,,,,B03,,,1,,1,,,19,,1,1,,B03,120.7229,24.1619,3
2022,12,28,10,30,臺中市,大雅區,0,1,0,8,1,5,50,3,1,1,5,4,5,7,3,3,5,5,5,1,17,23,2,9,1,1,C03,7,9,1,10,2,15,,23,23,1,22,9,C03,120.648818,24.218727,2
2022,12,28,10,33,臺中市,南區,0,0,0,8,,,50,,,,,,,,,,,,,,,42,,,,,B03,,,1,,2,,,42,42,1,22,,B03,120.655457,24.115199,3
2022,12,28,10,39,臺中市,南屯區,0,1,0,8,1,5,40,14,8,1,5,4,5,7,4,4,5,4,4,2,18,42,3,10,1,1,C03,7,9,1,10,2,14,12,42,42,1,18,8,C03,120.596859,24.139489,2
2022,12,28,10,52,臺中市,西屯區,0,0,0,8,,,30,,,,,,,,,,,,,,,23,,,,,B03,,,1,,2,,,23,,1,22,,B03,120.655106,24.200711,3
2022,12,28,10,52,臺中市,西屯區,0,0,0,8,,,50,,,,,,,,,,,,,,,7,,,,,B03,,,1,,2,,,7,7,1,22,,B03,120.641076,24.167898,3
2022,12,28,10,56,臺中市,南屯區,0,1,0,8,1,5,50,14,8,1,5,4,5,7,4,4,5,5,4,2,12,40,3,10,3,4,B03,7,13,1,8,2,4,,40,40,1,22,8,B03,120.637358,24.13773,2
2022,12,28,11,10,臺中市,大肚區,0,1,0,8,1,5,30,3,1,1,5,4,5,7,4,4,10,5,5,2,14,12,3,10,1,1,B12,7,2,1,8,2,3,,12,12,1,21,8,B12,120.574768,24.171768,2
2022,12,28,11,11,臺中市,南區,0,2,0,8,1,5,50,4,1,1,5,4,5,7,1,1,10,5,5,2,13,16,2,9,1,1,C03,7,9,1,10,2,11,,16,16,1,22,8,C03,120.676053,24.126472,2
2022,12,28,11,13,臺中市,北區,0,0,0,8,,,50,,,,,,,,,,,,,,,12,,,,,B03,,,1,,2,,,12,,1,5,,B03,120.685725,24.155948,3
2022,12,28,11,19,臺中市,豐原區,0,1,0,8,1,5,50,14,9,1,5,4,5,7,4,4,10,5,5,1,17,12,3,10,1,1,B12,7,2,1,8,2,7,,12,12,1,22,8,B12,120.729719,24.234765,2
2022,12,28,11,24,臺中市,豐原區,0,0,0,8,,,50,,,,,,,,,,,,,,,16,,,,,B03,,,1,,1,,,16,16,1,22,,B03,120.70383,24.249704,3
2022,12,28,11,28,臺中市,西區,0,1,0,8,3,5,50,4,1,1,5,4,5,7,2,1,10,5,5,2,16,6,3,10,1,1,B03,7,11,1,8,2,5,,6,6,1,22,9,B03,120.666333,24.152625,2
2022,12,28,11,30,臺中市,潭子區,0,0,0,8,,,50,,,,,,,,,,,,,,,12,,,,,B12,,,1,,9,,,12,,1,22,,B12,120.704677,24.228314,3
2022,12,28,11,31,臺中市,豐原區,0,1,0,8,1,5,50,4,2,1,5,4,5,7,2,1,4,3,4,2,1,42,3,10,1,1,B03,7,6,1,8,2,1,,42,42,1,4,1,B03,120.715469,24.25148,2
2022,12,28,11,36,臺中市,北屯區,0,0,0,8,,,50,,,,,,,,,,,,,,,23,,,,,B01,,,1,,1,,,23,23,1,22,,B01,120.695896,24.167904,3
2022,12,28,11,36,臺中市,大里區,0,0,0,8,,,50,,,,,,,,,,,,,,,12,,,,,A12,,,1,,2,,,12,,1,5,,A12,120.684021,24.101438,3
2022,12,28,11,36,臺中市,烏日區,0,1,0,8,1,5,50,14,9,1,5,4,5,7,4,4,9,4,4,2,16,19,3,10,1,1,B03,7,1,1,8,2,7,,19,19,1,22,8,B03,120.620506,24.110844,2
2022,12,28,11,46,臺中市,太平區,0,0,0,8,,,50,,,,,,,,,,,,,,,23,,,,,B03,,,1,,2,,,23,,1,21,,B03,120.715653,24.135886,3
2022,12,28,11,50,臺中市,沙鹿區,0,0,0,8,,,30,,,,,,,,,,,,,,,18,,,,,B12,,,1,,1,,,18,,1,4,,B12,120.562564,24.243673,3
2022,12,28,11,51,臺中市,西區,0,1,0,8,1,5,50,14,8,1,5,4,5,7,4,4,5,5,4,2,13,23,3,10,1,1,B03,7,11,1,8,2,8,,23,23,1,5,8,B03,120.663261,24.155738,2
2022,12,28,11,57,臺中市,西屯區,0,0,0,8,,,30,,,,,,,,,,,,,,,23,,,,,A12,,,1,,2,,,23,,1,22,,A12,120.647705,24.156663,3
2022,12,28,11,58,臺中市,南區,0,2,0,8,1,5,50,4,1,1,5,4,5,7,2,1,10,5,5,2,13,23,3,10,3,4,B03,7,9,6,8,2,1,,23,23,1,5,8,B03,120.701305,24.14215,2
2022,12,28,11,59,臺中市,南區,0,2,0,8,3,5,50,14,9,1,5,4,5,7,4,4,5,4,5,2,16,19,2,9,1,1,F01,7,1,8,20,2,16,,19,19,1,21,8,F01,120.67169,24.118494,2
2022,12,28,12,14,臺中市,后里區,0,1,0,8,1,5,50,14,13,1,5,4,5,7,4,4,9,5,5,1,20,23,2,1,1,1,B03,7,9,1,8,2,5,,23,23,1,21,8,B03,120.681823,24.311528,2
2022,12,28,12,18,臺中市,南區,0,1,0,8,1,5,50,14,9,1,5,4,5,7,4,4,3,4,5,2,13,23,3,10,1,1,B03,7,9,1,6,2,1,,23,23,1,21,8,B03,120.669843,24.123454,2
2022,12,28,12,20,臺中市,南屯區,0,0,0,8,,,50,,,,,,,,,,,,,,,23,,,,,B03,,,1,,11,,,23,,1,5,,B03,120.649493,24.151617,3
2022,12,28,12,20,臺中市,霧峰區,0,2,0,8,1,5,30,11,9,1,5,4,5,7,4,4,10,5,5,2,11,5,2,9,1,1,C03,7,15,1,10,2,14,,5,5,1,4,8,C03,120.716478,24.072402,2
2022,12,28,12,22,臺中市,太平區,0,0,0,8,,,30,,,,,,,,,,,,,,,6,,,,,C03,,,1,,2,,,6,,1,22,,C03,120.719894,24.147377,3
2022,12,28,12,24,臺中市,南區,0,1,0,8,1,5,30,3,1,1,5,4,5,7,4,4,10,5,5,2,16,6,3,10,1,1,C03,7,5,1,10,2,11,,6,6,1,5,8,C03,120.681093,24.118624,2
2022,12,28,12,25,臺中市,西屯區,0,0,0,8,,,50,,,,,,,,,,,,,,,7,,,,,B03,,,1,,2,,,7,,1,22,,B03,120.632062,24.161791,3
2022,12,28,12,29,臺中市,西區,0,1,0,8,1,5,50,4,1,1,5,4,5,7,1,1,10,5,5,2,15,25,3,10,1,1,B03,7,9,1,8,2,1,,25,25,1,4,5,B03,120.669444,24.138791,2
2022,12,28,12,30,臺中市,大雅區,0,0,0,8,,,50,,,,,,,,,,,,,,,18,,,,,B03,,,1,,2,,,18,,1,22,,B03,120.650795,24.211147,3
2022,12,28,12,39,臺中市,大里區,0,2,0,8,1,5,50,4,1,1,5,4,5,7,1,1,5,4,4,2,16,8,2,9,1,1,C03,7,5,1,10,2,12,,8,26,1,22,9,C03,120.706665,24.095363,2
2022,12,28,12,40,臺中市,清水區,0,0,0,8,,,30,,,,,,,,,,,,,,,12,,,,,B12,,,1,,2,,,12,,1,21,,B12,120.545191,24.2738,3