年,月,日,時,分,縣市,區,死,受傷,2-30,天候,光線,道路類別,速限,道路型態,事故位置,路面鋪裝,路面狀態,路面缺陷,障礙物,視距,號誌種類,號誌動作,分向設施,快車道或一般車道間,快慢車道間,路面邊線,事故類型及型態,主要肇因,受傷程度,主要傷處,保護裝備,行動電話,當事者區分,車輛用途,當事者行動狀態,駕駛資格情形,駕駛執照種類,飲酒情形,車輛撞擊部位最初,車輛撞擊部位其他,肇事因素個別,肇事因素主要,肇事逃逸,職業,旅次目的,車種,GPS緯度,GPS經度,事故類別
2022,12,28,18,35,臺中市,西屯區,0,1,0,8,3,5,50,3,1,1,5,4,5,7,1,1,5,3,4,2,13,16,2,8,1,1,C03,7,9,1,10,2,11,,16,16,1,22,9,C03,120.667106,24.173206,2
2022,12,28,18,37,臺中市,太平區,0,0,0,8,,,50,,,,,,,,,,,,,,,26,,,,,B03,,,1,8,1,,,26,26,1,21,,B03,120.707368,24.111768,3
2022,12,28,18,40,臺中市,北屯區,0,1,0,8,3,5,50,14,9,1,5,4,5,7,4,4,9,5,5,2,17,40,3,10,1,1,B03,7,13,1,8,2,4,,40,40,1,5,8,B03,120.722533,24.174561,2
2022,12,28,18,42,臺中市,南屯區,0,2,0,8,1,5,50,14,9,1,5,4,5,7,4,4,9,5,5,2,16,26,2,9,3,4,C03,7,5,1,10,2,12,,26,26,1,12,8,C03,120.647282,24.147662,2
2022,12,28,18,42,臺中市,大里區,0,0,0,8,,,80,,,,,,,,,,,,,,,23,,,,,B12,,,1,,2,,,38,23,1,22,,B12,120.690704,24.098029,3
2022,12,28,18,45,臺中市,烏日區,0,0,0,8,,,50,,,,,,,,,,,,,,,7,,,,,B03,,,1,,2,,,7,,1,21,,B03,120.587153,24.113099,3
2022,12,28,18,47,臺中市,北屯區,0,2,0,8,3,5,50,4,1,1,5,4,5,7,2,1,10,5,5,2,17,6,2,9,1,1,C03,7,9,1,10,2,11,,6,6,1,5,8,C03,120.694491,24.188176,2
2022,12,28,18,50,臺中市,太平區,0,2,0,8,3,5,50,3,1,1,5,4,5,7,4,4,10,5,5,2,16,19,2,9,1,1,C03,7,1,1,10,2,11,,19,19,1,22,8,C03,120.725205,24.134016,2
2022,12,28,19,0,臺中市,太平區,0,0,0,8,,,50,,,,,,,,,,,,,,,23,,,,,B03,,,1,,2,,,23,23,1,19,,B03,120.710557,24.139459,3
2022,12,28,19,2,臺中市,西屯區,0,0,0,8,,,50,,,,,,,,,,,,,,,23,,,,,B03,,,1,,2,,,23,23,1,4,,B03,120.607123,24.187308,3
2022,12,28,19,3,臺中市,西屯區,0,0,0,8,,,50,,,,,,,,,,,,,,,42,,,,,B03,,,1,,1,,,42,,1,4,,B03,120.639078,24.159425,3
2022,12,28,19,6,臺中市,西區,0,0,0,8,,,50,,,,,,,,,,,,,,,18,,,,,C03,,,1,10,1,,,18,18,2,22,,C03,120.662218,24.155147,3
2022,12,28,19,7,臺中市,北屯區,0,1,0,8,3,5,50,14,9,1,5,4,5,7,4,4,1,4,5,2,18,13,2,9,1,1,C03,7,9,1,10,2,12,,13,13,1,22,8,C03,120.693538,24.163618,2
2022,12,28,19,7,臺中市,西屯區,0,1,0,8,3,5,50,14,7,1,5,4,5,7,4,4,1,3,4,2,13,23,2,8,1,1,C03,7,9,1,10,2,11,,23,23,1,22,9,C03,120.629742,24.180432,2
2022,12,28,19,8,臺中市,大雅區,0,0,0,8,,,30,,,,,,,,,,,,,,,23,,,,,B03,,,1,,2,,,23,,1,22,,B03,120.65085,24.209363,3
2022,12,28,19,10,臺中市,北屯區,0,0,0,8,,,50,,,,,,,,,,,,,,,23,,,,,B03,,,1,,2,,,23,,1,21,,B03,120.686328,24.189643,3
2022,12,28,19,16,臺中市,南屯區,0,0,0,8,,,50,,,,,,,,,,,,,,,12,,,,,B03,,,1,,1,,,12,,1,5,,B03,120.615863,24.153581,3
2022,12,28,19,17,臺中市,東區,0,0,0,8,,,50,,,,,,,,,,,,,,,7,,,,,B03,,,1,,2,,,7,,1,22,,B03,120.692401,24.139841,3
2022,12,28,19,19,臺中市,神岡區,0,2,0,8,3,5,50,3,1,1,5,4,5,7,1,1,10,5,5,2,3,23,2,9,3,4,C03,7,9,1,10,2,12,,23,23,1,22,9,C03,120.712348,24.256851,2
2022,12,28,19,21,臺中市,南屯區,0,1,0,8,3,5,30,3,1,1,5,4,5,7,4,4,10,5,5,2,16,6,2,9,1,1,C03,7,5,1,10,2,12,,6,6,1,18,8,C03,120.610246,24.138416,2
2022,12,28,19,25,臺中市,龍井區,0,1,0,8,4,5,50,3,1,1,5,4,5,7,4,4,10,5,5,2,16,8,3,10,1,1,B03,7,5,1,7,2,1,,8,8,1,9,8,B03,120.543914,24.180731,2
2022,12,28,19,35,臺中市,北區,0,0,0,,,,50,,,,,,,,,,,,,,,19,,,,,B03,,,1,,2,,,19,,1,5,,B03,120.680967,24.160363,3
2022,12,28,19,42,臺中市,大甲區,0,4,0,8,3,5,50,3,1,1,5,4,5,7,4,4,10,5,5,2,17,19,3,10,1,1,B03,7,1,1,8,2,15,,19,19,1,4,1,B03,120.653266,24.382938,2
2022,12,28,19,46,臺中市,大甲區,0,2,0,8,3,5,70,14,8,1,5,4,5,7,4,4,1,4,4,1,10,4,2,9,1,1,F03,7,9,8,20,2,16,,4,4,1,4,1,F03,120.64248,24.401213,2
2022,12,28,19,54,臺中市,南區,0,2,0,8,1,5,50,14,9,1,5,4,5,7,4,4,10,4,5,2,17,11,2,9,1,1,C03,7,11,1,10,2,11,12,11,11,1,21,8,C03,120.666643,24.11621,2
2022,12,28,19,57,臺中市,西屯區,0,1,0,8,3,5,50,3,1,1,5,4,5,7,1,1,5,3,4,2,16,8,3,10,1,1,B03,7,5,1,8,2,3,,8,8,1,22,9,B03,120.645545,24.172416,2
2022,12,28,19,59,臺中市,南屯區,0,0,0,8,,,50,,,,,,,,,,,,,,,23,,,,,C03,,,1,,1,,,23,,1,22,,C03,120.653005,24.135752,3
2022,12,28,20,5,臺中市,大肚區,0,5,0,8,3,5,50,11,9,1,5,4,5,7,4,4,4,5,5,2,26,13,2,9,1,1,B03,7,9,1,8,2,1,,13,13,1,18,8,B03,120.550456,24.157077,2
2022,12,28,20,10,臺中市,北區,0,1,0,8,3,5,50,5,1,1,5,4,5,7,1,1,5,2,5,2,16,7,3,10,1,1,C04,7,7,1,10,2,14,,7,7,1,21,8,C04,120.682416,24.145861,2
2022,12,28,20,18,臺中市,梧棲區,0,0,0,,,,40,,,,,,,,,,,,,,,18,,,,,B12,,,1,,1,,,18,,1,4,,B12,120.539552,24.25995,3
2022,12,28,20,20,臺中市,神岡區,0,0,0,8,,,50,,,,,,,,,,,,,,,16,,,,,B03,,,1,,1,,,16,,1,12,,B03,120.70202,24.27336,3
2022,12,28,20,21,臺中市,北屯區,0,0,0,8,,,50,,,,,,,,,,,,,,,26,,,,,B02,,,1,,2,,,26,,1,5,,B02,120.699408,24.163613,3
2022,12,28,20,31,臺中市,北區,0,0,0,,,,30,,,,,,,,,,,,,,,12,,,,,B01,,,1,,11,,,12,,1,22,,B01,120.679381,24.151691,3
2022,12,28,20,32,臺中市,豐原區,0,0,0,8,,,50,,,,,,,,,,,,,,,16,,,,,B03,,,1,,2,,,16,,1,21,,B03,120.749146,24.268169,3
2022,12,28,20,35,臺中市,中區,0,1,0,8,3,5,50,4,2,1,5,4,5,7,1,1,5,4,4,2,12,23,3,10,1,1,B03,7,9,1,8,2,2,,23,23,1,22,9,B03,120.675449,24.143945,2
2022,12,28,20,35,臺中市,南屯區,0,2,0,8,3,5,50,4,1,1,5,4,5,7,2,1,10,5,5,2,16,6,2,9,1,1,C03,7,5,3,18,2,14,,6,6,1,22,8,C03,120.63363,24.148275,2
2022,12,28,20,36,臺中市,清水區,0,0,0,8,,,50,,,,,,,,,,,,,,,12,,,,,B03,,,1,,1,,,12,,1,21,,B03,120.578243,24.268934,3
2022,12,28,20,44,臺中市,豐原區,0,1,0,8,3,5,50,3,2,1,5,4,5,7,4,4,5,5,5,1,12,6,3,10,1,1,B03,7,6,1,8,2,4,,6,6,1,21,1,B03,120.715396,24.251839,2
2022,12,28,20,51,臺中市,南區,0,0,0,8,,,50,,,,,,,,,,,,,,,16,,,,,C03,,,1,,2,,,16,,1,22,,C03,120.651822,24.121663,3
2022,12,28,21,10,臺中市,南屯區,0,0,0,8,,,1,,,,,,,,,,,,,,,19,,,,,B03,,,1,,2,,,19,19,1,4,,B03,120.62721,24.145219,3
2022,12,28,21,12,臺中市,南區,0,1,0,8,3,5,50,14,9,1,5,4,5,7,4,4,5,5,5,2,13,23,3,10,1,1,C03,7,9,1,10,2,14,,23,23,1,22,8,C03,120.653545,24.123641,2
2022,12,28,21,15,臺中市,沙鹿區,0,0,0,8,,,40,,,,,,,,,,,,,,,18,,,,,C03,,,1,,2,,,18,,1,9,,C03,120.577997,24.222092,3
2022,12,28,21,28,臺中市,南區,0,1,0,8,3,5,50,4,1,1,5,4,5,7,4,4,10,5,5,2,15,6,2,9,1,1,C03,7,9,1,10,2,12,,6,6,1,21,8,C03,120.673111,24.127394,2
2022,12,28,21,29,臺中市,西區,0,0,0,8,,,50,,,,,,,,,,,,,,,44,,,,,B03,,,1,,2,,,44,,1,21,,B03,120.659687,24.157317,3
2022,12,28,21,29,臺中市,西屯區,0,1,0,8,1,5,50,4,1,1,5,4,5,7,1,1,8,5,5,1,3,6,3,10,1,4,B03,7,5,1,8,2,1,,6,6,1,4,8,B03,120.648275,24.157571,2
2022,12,28,21,40,臺中市,北屯區,0,0,0,8,,,50,,,,,,,,,,,,,,,40,,,,,B03,,,1,,1,,,40,,1,5,,B03,120.680773,24.175866,3
2022,12,28,21,44,臺中市,南屯區,0,1,0,8,3,5,50,3,2,1,5,4,5,7,2,1,5,4,4,2,16,19,3,10,1,1,B01,7,1,1,4,2,8,,19,19,1,10,4,B01,120.607566,24.126604,2
2022,12,28,21,56,臺中市,北區,0,0,0,8,,,40,,,,,,,,,,,,,,,23,,,,,B03,,,1,,2,,,23,,1,22,,B03,120.672355,24.170052,3
2022,12,28,21,59,臺中市,潭子區,0,1,0,8,3,5,50,4,1,1,5,4,5,7,2,1,10,5,5,2,16,6,3,10,1,1,B03,7,5,1,8,2,5,,6,6,1,21,8,B03,120.709582,24.200687,2
2022,12,28,22,1,臺中市,龍井區,0,0,0,,,,50,,,,,,,,,,,,,,,17,,,,,C03,,,1,,2,,,17,23,1,6,,C03,120.594505,24.19084,3
2022,12,28,22,24,臺中市,豐原區,0,1,0,8,3,5,50,3,1,1,5,4,5,5,4,4,5,5,5,2,16,6,2,8,1,1,C03,7,5,3,18,2,14,,6,6,1,22,8,C03,120.725691,24.240434,2
2022,12,28,22,30,臺中市,大里區,0,2,0,8,3,5,30,3,1,1,5,4,5,7,4,4,10,5,5,2,16,8,2,9,2,1,F01,7,5,8,20,2,16,,8,8,1,22,9,F01,120.69323,24.116745,2
2022,12,28,22,38,臺中市,北區,0,3,0,8,3,5,50,5,4,1,5,4,5,7,1,1,1,4,5,2,13,23,2,9,1,1,C03,7,9,1,10,2,11,,23,23,1,21,8,C03,120.676191,24.158299,2
2022,12,28,22,41,臺中市,南屯區,0,0,0,8,,,40,,,,,,,,,,,,,,,19,,,,,B03,,,1,,2,,,19,,1,4,,B03,120.649761,24.153599,3
2022,12,28,22,41,臺中市,北屯區,0,0,0,8,,,60,,,,,,,,,,,,,,,7,,,,,B03,,,1,,2,,,7,7,1,5,,B03,120.728952,24.160995,3
2022,12,28,22,50,臺中市,大雅區,0,2,0,8,3,5,50,14,9,1,5,4,5,7,4,4,5,5,5,1,17,40,2,7,3,1,B03,7,13,1,8,2,4,,40,40,1,22,8,B03,120.6497,24.223388,2
2022,12,28,23,2,臺中市,南區,0,0,0,8,,,50,,,,,,,,,,,,,,,6,,,,,B03,,,1,,2,,,6,,1,22,,B03,120.656611,24.119546,3
2022,12,28,23,46,臺中市,西區,0,1,0,8,3,5,50,4,1,1,5,4,5,7,1,1,10,5,5,2,16,6,3,10,1,1,B03,7,5,1,8,2,6,,6,6,1,22,9,B03,120.675975,24.141326,2
2022,12,28,23,50,臺中市,沙鹿區,0,1,0,8,3,5,40,3,2,1,5,4,5,7,4,4,5,5,4,2,17,23,2,8,1,1,C03,7,6,1,10,2,11,,23,23,1,18,5,C03,120.582571,24.221582,2
2022,12,29,0,34,臺中市,霧峰區,0,1,0,8,1,5,50,3,1,1,5,4,5,7,4,4,5,4,4,2,16,6,3,10,1,1,B03,7,5,1,8,2,1,,6,6,1,22,9,B03,120.70109,24.070317,2
2022,12,29,0,47,臺中市,北區,0,0,0,8,,,30,,,,,,,,,,,,,,,6,,,,,C03,,,1,,1,,,6,,1,22,,C03,120.68,24.162577,3
2022,12,29,2,48,臺中市,西區,0,0,0,8,,,50,,,,,,,,,,,,,,,23,,,,,A12,,,1,,9,,,23,,1,4,,A12,120.672852,24.150061,3
2022,12,29,3,5,臺中市,霧峰區,0,0,0,8,,,30,,,,,,,,,,,,,,,43,,,,,B03,,,1,,10,,,43,,1,12,,B03,120.700312,24.039787,3
2022,12,29,3,37,臺中市,潭子區,0,0,0,8,,,50,,,,,,,,,,,,,,,23,,,,,B03,,,1,,9,,,23,,1,22,,B03,120.702514,24.193999,3
2022,12,29,3,58,臺中市,南屯區,0,0,0,8,,,50,,,,,,,,,,,,,,,17,,,,,A41,,,1,,9,,,17,,1,22,,A41,120.61653,24.153576,3
2022,12,29,5,49,臺中市,南屯區,0,0,0,8,,,50,,,,,,,,,,,,,,,25,,,,,B12,,,1,,1,,,25,,1,22,,B12,120.624108,24.152316,3
2022,12,29,6,2,臺中市,南屯區,0,2,0,8,1,5,40,14,7,1,5,4,5,7,4,4,1,5,4,2,11,4,2,8,1,1,C03,7,1,1,10,2,14,,4,4,1,7,8,C03,120.62621,24.113022,2
2022,12,29,6,35,臺中市,大甲區,0,0,0,8,,,50,,,,,,,,,,,,,,,44,,,,,B03,,,1,,1,,,44,,1,4,,B03,120.62391,24.343888,3
2022,12,29,6,50,臺中市,北屯區,0,0,0,8,,,50,,,,,,,,,,,,,,,67,,,,,,,,,,,,,67,,1,,,,120.70089,24.165113,3
2022,12,29,7,9,臺中市,沙鹿區,0,1,0,8,1,5,70,3,1,1,5,4,5,7,4,4,10,5,5,2,16,6,3,10,1,1,B03,7,5,1,8,2,2,,6,6,1,22,8,B03,120.609664,24.245955,2
2022,12,29,7,12,臺中市,霧峰區,0,0,0,8,,,60,,,,,,,,,,,,,,,7,,,,,B03,,,1,,2,,,7,,1,4,,B03,120.695709,24.013088,3
2022,12,29,7,21,臺中市,潭子區,0,0,0,8,,,50,,,,,,,,,,,,,,,16,,,,,B03,,,1,,2,,,16,,1,22,,B03,120.720381,24.19417,3
2022,12,29,7,22,臺中市,大里區,0,0,0,8,,,50,,,,,,,,,,,,,,,23,,,,,C03,,,1,,2,,,23,,1,22,,C03,120.68055,24.109494,3
2022,12,29,7,34,臺中市,大里區,0,2,0,8,1,5,30,4,1,1,5,4,5,7,4,4,10,5,5,2,15,6,2,9,1,1,C03,7,9,1,10,2,12,,6,6,1,21,1,C03,120.693787,24.1079,2
2022,12,29,7,36,臺中市,梧棲區,0,0,0,8,,,50,,,,,,,,,,,,,,,18,,,,,B03,,,1,,1,,,18,,1,5,,B03,120.539537,24.244898,4
2022,12,29,7,39,臺中市,神岡區,0,0,0,8,,,30,,,,,,,,,,,,,,,6,,,,,F03,,,8,,2,,,6,6,1,22,,F03,120.708121,24.271761,3
2022,12,29,7,40,臺中市,龍井區,0,0,0,8,,,50,,,,,,,,,,,,,,,4,,,,,B03,,,1,,2,,,4,,1,21,,B03,120.57,24.18,3
2022,12,29,7,41,臺中市,大里區,0,0,0,8,,,50,,,,,,,,,,,,,,,26,,,,,B03,,,1,,2,,,26,26,1,22,,B03,120.694814,24.099937,3
2022,12,29,7,44,臺中市,神岡區,0,0,0,8,,,50,,,,,,,,,,,,,,,42,,,,,C03,,,1,,1,,,42,,1,22,,C03,120.660636,24.268738,3
2022,12,29,7,46,臺中市,大里區,0,0,0,8,,,50,,,,,,,,,,,,,,,23,,,,,C03,,,1,,2,,,23,,1,21,,C03,120.679472,24.115022,3
2022,12,29,7,52,臺中市,大甲區,0,0,0,8,,,50,,,,,,,,,,,,,,,23,,,,,B03,,,1,,2,,,23,,1,22,,B03,120.623031,24.341848,3
2022,12,29,7,53,臺中市,北屯區,0,0,0,8,,,30,,,,,,,,,,,,,,,43,,,,,,,,,,,,,43,,1,,,,120.670043,24.182265,3
2022,12,29,7,53,臺中市,霧峰區,0,1,0,8,1,5,60,4,1,1,5,4,5,7,4,4,1,4,4,1,11,6,3,10,1,1,B03,7,5,1,8,2,8,,6,6,1,4,5,B03,120.695913,24.013603,2
2022,12,29,7,54,臺中市,大肚區,0,0,0,8,,,50,,,,,,,,,,,,,,,4,,,,,C03,,,1,,1,,,4,,1,21,,C03,120.57,24.16,3
2022,12,29,7,55,臺中市,大雅區,0,0,0,8,,,30,,,,,,,,,,,,,,,16,,,,,C03,,,1,,2,,,16,,1,22,,C03,120.673218,24.222073,4
2022,12,29,8,10,臺中市,大雅區,0,0,0,8,,,50,,,,,,,,,,,,,,,16,,,,,C03,,,1,,2,,,16,,1,22,,C03,120.643979,24.208404,3
2022,12,29,8,22,臺中市,沙鹿區,0,2,0,8,1,5,60,3,2,1,5,4,5,7,4,4,3,3,3,1,17,11,2,9,3,4,C03,7,11,3,18,9,11,,11,11,1,22,8,C03,120.572966,24.23143,2
2022,12,29,8,26,臺中市,大雅區,0,0,0,8,,,30,,,,,,,,,,,,,,,23,,,,,C03,,,1,,1,,,23,,1,21,,C03,120.656791,24.234646,3
2022,12,29,8,29,臺中市,南屯區,0,1,0,8,1,5,50,4,1,1,5,4,5,7,2,1,1,5,5,2,16,26,2,9,1,1,C03,7,9,1,10,2,14,,26,26,1,22,8,C03,120.606757,24.148088,2
2022,12,29,8,30,臺中市,豐原區,0,0,0,8,,,30,,,,,,,,,,,,,,,17,,,,,B03,,,1,,2,,,17,,1,19,,B03,120.721619,24.240874,3
2022,12,29,8,33,臺中市,潭子區,0,0,0,8,,,50,,,,,,,,,,,,,,,23,,,,,B03,,,1,,2,,,23,,1,22,,B03,120.706983,24.223366,3
2022,12,29,8,33,臺中市,西屯區,0,0,0,8,,,30,,,,,,,,,,,,,,,12,,,,,B03,,,1,,1,,,12,,1,22,,B03,120.665476,24.169108,3
2022,12,29,8,55,臺中市,潭子區,0,0,0,8,,,50,,,,,,,,,,,,,,,17,,,,,C03,,,1,,2,,,17,,1,22,,C03,120.720381,24.19417,3
2022,12,29,8,55,臺中市,烏日區,0,0,0,8,1,5,60,14,7,1,5,4,5,7,4,4,1,4,1,1,13,23,,,,,B02,,,1,,2,,,44,23,1,4,,B02,120.635841,24.094651,3
2022,12,29,8,55,臺中市,清水區,0,0,0,8,,,40,,,,,,,,,,,,,,,17,,,,,B12,,,1,,2,,,17,,1,22,,B12,120.5768,24.27297,3
2022,12,29,8,57,臺中市,南屯區,0,0,0,,,,50,,,,,,,,,,,,,,,38,,,,,C03,,,1,,10,,,38,,1,22,,C03,120.642933,24.135052,3
2022,12,29,8,59,臺中市,霧峰區,0,1,0,8,1,5,50,3,2,1,5,4,5,7,1,1,1,4,4,1,12,17,3,10,1,1,A12,7,9,1,3,2,4,,17,17,1,22,9,A12,120.699708,24.073771,2
2022,12,29,9,2,臺中市,太平區,0,0,0,8,,,30,,,,,,,,,,,,,,,8,,,,,F01,,,8,,2,16,,8,8,1,22,,F01,120.720276,24.129244,3
2022,12,29,9,5,臺中市,大里區,0,0,0,8,,,60,,,,,,,,,,,,,,,16,,,,,B03,,,1,,2,,,16,,1,22,,B03,120.682038,24.104903,3
2022,12,29,9,10,臺中市,清水區,0,0,0,8,,,50,,,,,,,,,,,,,,,23,,,,,B12,,,1,,2,,,23,23,1,21,,B12,120.563197,24.280557,3
2022,12,29,9,30,臺中市,大雅區,0,0,0,8,,,50,,,,,,,,,,,,,,,18,,,,,B03,,,1,,2,,,18,,1,22,,B03,120.655477,24.227806,4
2022,12,29,9,30,臺中市,烏日區,0,0,0,8,1,5,50,4,1,1,5,4,5,7,1,1,9,5,5,1,16,8,,,,,B12,,,1,,3,,,8,,1,22,,B12,120.607517,24.111886,3
2022,12,29,9,34,臺中市,豐原區,0,0,0,8,,,50,,,,,,,,,,,,,,,6,,,,,C03,,,1,,2,,,6,6,1,22,,C03,120.710611,24.239486,3
2022,12,29,9,35,臺中市,烏日區,0,0,0,8,1,5,50,14,9,1,5,4,5,7,4,4,10,5,5,2,17,42,,,,,A12,,,1,,11,,,42,,1,22,,A12,120.660459,24.058083,3
2022,12,29,9,39,臺中市,大里區,0,0,0,8,,,30,,,,,,,,,,,,,,,42,,,,,A11,,,1,,11,,,42,,1,22,,A11,120.713654,24.093214,3
2022,12,29,9,42,臺中市,西區,0,0,0,8,,,50,,,,,,,,,,,,,,,7,,,,,A41,,,1,,2,,,7,,1,10,,A41,120.669784,24.13844,3
2022,12,29,9,45,臺中市,西屯區,0,0,0,8,,,40,,,,,,,,,,,,,,,18,,,,,B03,,,1,,1,,,18,,1,22,,B03,120.648188,24.164888,3
2022,12,29,9,50,臺中市,大里區,0,0,0,8,,,30,,,,,,,,,,,,,,,17,,,,,B12,,,1,,2,,,17,,1,21,,B12,120.686798,24.098721,3
2022,12,29,9,50,臺中市,清水區,0,0,0,8,,,40,,,,,,,,,,,,,,,43,,,,,B03,,,1,,2,,,43,,1,22,,B03,120.56408,24.274106,3
2022,12,29,9,51,臺中市,北區,0,0,0,8,,,50,,,,,,,,,,,,,,,4,,,,,B03,,,1,,2,,,4,,1,22,,B03,120.676916,24.157453,3
2022,12,29,10,5,臺中市,北屯區,0,0,0,8,,,50,,,,,,,,,,,,,,,19,,,,,B03,,,1,,1,,,19,,1,21,,B03,120.706897,24.181291,3
2022,12,29,10,12,臺中市,南屯區,0,0,0,8,,,50,,,,,,,,,,,,,,,12,,,,,B03,,,1,8,1,,,12,12,1,11,,B03,120.624383,24.149421,3
2022,12,29,10,16,臺中市,南屯區,0,1,0,8,1,5,50,4,1,1,5,4,5,7,1,1,3,4,4,2,12,9,3,10,3,4,B03,7,6,1,8,2,5,,9,9,1,22,8,B03,120.640908,24.151327,2
2022,12,29,10,25,臺中市,烏日區,0,0,0,8,1,5,50,14,7,1,5,4,5,7,4,4,1,4,4,1,16,7,,,,,B03,,,1,,2,,,7,,1,22,,B03,120.602853,24.110256,3
2022,12,29,10,30,臺中市,南屯區,0,0,0,,,,40,,,,,,,,,,,,,,,12,,,,,B03,,,1,,1,,,12,,1,4,,B03,120.643477,24.145357,3
2022,12,29,10,33,臺中市,中區,0,0,0,,,,50,,,,,,,,,,,,,,,42,,,,,B12,,,1,,1,,,42,,1,21,,B12,120.681464,24.144027,3
2022,12,29,10,41,臺中市,西屯區,0,0,0,8,,,40,,,,,,,,,,,,,,,7,,,,,B03,,,1,,1,,,7,,1,22,,B03,120.643849,24.187595,3
2022,12,29,10,44,臺中市,太平區,0,0,0,8,,,80,,,,,,,,,,,,,,,16,,,,,B03,,,1,,1,,,16,,1,22,,B03,120.717055,24.155644,3
2022,12,29,10,51,臺中市,豐原區,0,0,0,8,,,50,,,,,,,,,,,,,,,12,,,,,B03,,,1,,2,,,12,,1,4,,B03,120.71018,24.250583,3
2022,12,29,11,4,臺中市,大里區,0,0,0,8,,,50,,,,,,,,,,,,,,,16,,,,,B03,,,1,,2,,,16,,1,8,,B03,120.720087,24.093665,3
2022,12,29,11,18,臺中市,烏日區,0,0,0,8,1,5,50,14,13,1,5,4,5,7,4,4,1,4,4,1,13,18,,,,,B03,,,1,,2,,,18,,1,22,,B03,120.629718,24.104289,3
2022,12,29,11,24,臺中市,潭子區,0,0,0,8,,,50,,,,,,,,,,,,,,,23,,,,,C03,,,1,,2,,,23,,1,22,,C03,120.72169,24.204056,3
2022,12,29,11,24,臺中市,沙鹿區,0,0,0,8,,,50,,,,,,,,,,,,,,,12,,,,,B12,,,1,,2,,,12,,1,5,,B12,120.561086,24.250333,3
2022,12,29,11,28,臺中市,南屯區,0,0,0,,,,50,,,,,,,,,,,,,,,12,,,,,B12,,,1,,1,,,12,,1,22,,B12,120.607754,24.132318,3
2022,12,29,11,34,臺中市,大里區,0,0,0,8,1,5,30,14,9,1,5,4,5,7,1,1,10,5,5,1,14,12,,,,,B12,,,1,,2,,,12,,1,22,,B12,120.715645,24.099092,3
2022,12,29,11,34,臺中市,清水區,0,0,0,8,,,50,,,,,,,,,,,,,,,18,,,,,B12,,,1,,2,,,18,,1,21,,B12,120.573399,24.266274,3
2022,12,29,11,34,臺中市,沙鹿區,0,0,0,8,,,50,,,,,,,,,,,,,,,12,,,,,B03,,,1,,2,,,12,,1,22,,B03,120.566098,24.25027,3
2022,12,29,11,35,臺中市,東區,0,0,0,,,,50,,,,,,,,,,,,,,,18,,,,,B12,,,1,,2,,,18,,1,22,,B12,120.688605,24.127833,3
2022,12,29,11,38,臺中市,大雅區,0,0,0,8,,,50,,,,,,,,,,,,,,,23,,,,,B03,,,1,,2,,,23,,1,22,,B03,120.629081,24.240561,3
2022,12,29,11,45,臺中市,清水區,0,2,0,8,1,5,50,5,1,1,5,4,5,7,1,1,5,5,5,2,17,23,2,7,1,1,C03,7,9,1,10,2,11,,23,23,1,22,8,C03,120.575321,24.278595,2
2022,12,29,11,47,臺中市,大里區,0,0,0,8,,,60,,,,,,,,,,,,,,,23,,,,,B03,,,1,,2,,,23,,1,22,,B03,120.679732,24.108843,3
2022,12,29,11,48,臺中市,大甲區,0,0,0,8,,,50,,,,,,,,,,,,,,,16,,,,,B03,,,1,,2,,,16,,1,4,,B03,120.614844,24.351052,3
2022,12,29,11,51,臺中市,太平區,0,0,0,8,,,30,,,,,,,,,,,,,,,23,,,,,A12,,,1,,2,7,,23,23,1,22,,A12,120.712785,24.129304,3
2022,12,29,12,0,臺中市,南屯區,0,1,0,7,1,5,50,4,1,1,5,4,5,7,2,1,10,5,5,2,12,23,3,10,1,1,B01,7,9,1,4,2,5,,23,23,1,22,8,B01,120.653253,24.140547,2
2022,12,29,12,2,臺中市,太平區,0,0,0,,,,30,,,,,,,,,,,,,,,18,,,,,B02,,,1,,1,,,18,,1,21,,B02,120.715212,24.134249,4
2022,12,29,12,7,臺中市,西區,0,0,0,8,,,50,,,,,,,,,,,,,,,42,,,,,B01,,,1,,1,,,42,,1,10,,B01,120.663431,24.157374,3
2022,12,29,12,10,臺中市,后里區,0,0,0,8,,,50,,,,,,,,,,,,,,,12,,,,,B12,,,1,,2,,,12,12,1,4,,B12,120.722155,24.308508,3
2022,12,29,12,11,臺中市,豐原區,0,0,0,6,,,50,,,,,,,,,,,,,,,6,,,,,B03,,,1,,2,,,6,6,1,22,,B03,120.724508,24.229136,3
2022,12,29,12,16,臺中市,南屯區,0,1,0,8,1,5,50,4,1,1,5,4,5,7,4,4,5,4,5,2,15,26,2,8,1,1,C03,7,9,1,10,2,11,,26,26,1,4,8,C03,120.630799,24.150178,2
2022,12,29,12,26,臺中市,太平區,0,0,0,8,,,30,,,,,,,,,,,,,,,23,,,,,B03,,,1,,2,,,23,,1,22,,B03,120.73133,24.152824,3
2022,12,29,12,35,臺中市,大肚區,0,0,0,8,,,30,,,,,,,,,,,,,,,67,,,,,,,,,,,,,67,,1,,,,120.573502,24.161038,3
2022,12,29,12,42,臺中市,烏日區,0,0,0,8,,,50,,,,,,,,,,,,,,,23,,,,,B03,,,1,,2,,,23,23,1,19,,B03,120.59563,24.108855,3