年,月,日,時,分,縣市,區,死,受傷,2-30,天候,光線,道路類別,速限,道路型態,事故位置,路面鋪裝,路面狀態,路面缺陷,障礙物,視距,號誌種類,號誌動作,分向設施,快車道或一般車道間,快慢車道間,路面邊線,事故類型及型態,主要肇因,受傷程度,主要傷處,保護裝備,行動電話,當事者區分,車輛用途,當事者行動狀態,駕駛資格情形,駕駛執照種類,飲酒情形,車輛撞擊部位最初,車輛撞擊部位其他,肇事因素個別,肇事因素主要,肇事逃逸,職業,旅次目的,車種,GPS緯度,GPS經度,事故類別
2022,12,31,11,0,臺中市,大雅區,0,0,0,8,,,50,,,,,,,,,,,,,,,12,,,,,B12,,,1,,2,,,12,,1,22,,B12,120.650603,24.210146,3
2022,12,31,11,4,臺中市,豐原區,0,0,0,8,,,50,,,,,,,,,,,,,,,16,,,,,B03,,,1,,2,,,16,,1,21,,B03,120.722405,24.237275,3
2022,12,31,11,13,臺中市,北屯區,0,0,0,8,,,50,,,,,,,,,,,,,,,23,,,,,B03,,,1,,1,,,23,,1,20,,B03,120.688192,24.174803,3
2022,12,31,11,15,臺中市,西屯區,0,0,0,8,,,80,,,,,,,,,,,,,,,16,,,,,B03,,,1,,1,,,16,,1,22,,B03,120.628123,24.162296,3
2022,12,31,11,17,臺中市,霧峰區,0,0,0,8,,,50,,,,,,,,,,,,,,,12,,,,,B03,,,1,,2,,,12,,1,22,,B03,120.69933,24.070528,3
2022,12,31,11,20,臺中市,西區,0,0,0,8,1,5,50,14,9,1,5,4,5,7,3,4,10,5,5,2,18,44,,,,,C03,,,1,,1,,,44,44,1,21,,C03,120.657375,24.154387,3
2022,12,31,11,25,臺中市,大里區,0,1,0,8,1,5,50,4,1,1,5,4,5,7,1,1,5,5,5,2,16,19,3,10,1,1,B03,7,1,1,8,2,8,,19,19,1,5,5,B03,120.672403,24.114653,2
2022,12,31,11,25,臺中市,烏日區,0,0,0,8,,,30,,,,,,,,,,,,,,,25,,,,,B03,,,1,,2,,,25,,1,21,,B03,120.617326,24.110172,3
2022,12,31,11,27,臺中市,龍井區,0,0,0,8,,,60,,,,,,,,,,,,,,,16,,,,,A31,,,1,,2,,,16,,1,10,,A31,120.51421,24.198741,3
2022,12,31,11,35,臺中市,東區,0,0,0,8,1,5,50,4,1,1,5,4,5,7,4,4,9,5,4,2,29,67,,,,,,,,,,,,,67,67,1,,,,120.704102,24.142848,3
2022,12,31,11,47,臺中市,清水區,0,2,0,8,1,5,30,14,9,1,5,4,5,7,4,4,10,5,5,1,16,6,2,9,1,1,F03,7,5,8,20,2,15,,6,6,1,5,8,F03,120.547656,24.272548,2
2022,12,31,11,48,臺中市,東區,0,0,0,8,,,30,,,,,,,,,,,,,,,43,,,,,B03,,,1,,1,,,43,,1,22,,B03,120.700445,24.151886,3
2022,12,31,11,50,臺中市,清水區,0,0,0,,,,70,,,,,,,,,,,,,,,23,,,,,B03,,,1,,2,,,23,,1,4,,B03,120.552289,24.293688,3
2022,12,31,11,51,臺中市,西區,0,0,0,8,1,5,50,4,2,1,5,4,5,7,4,4,5,4,5,2,13,23,,,,,B03,,,1,,1,,,23,,1,22,,B03,120.665279,24.144329,3
2022,12,31,11,57,臺中市,大雅區,0,0,0,8,,,50,,,,,,,,,,,,,,,19,,,,,B11,,,1,,9,,,19,,1,22,,B11,120.66567,24.23479,3
2022,12,31,11,59,臺中市,北區,0,0,0,8,1,5,50,4,9,1,5,4,5,7,1,1,5,4,5,2,13,19,3,10,1,1,B03,7,1,1,8,2,7,,19,19,1,5,5,B03,120.680968,24.158226,3
2022,12,31,12,1,臺中市,西區,0,0,0,8,,,50,,,,,,,,,,,,,,,17,,,,,B03,,,1,,1,,,17,17,1,22,,B03,120.671204,24.138376,3
2022,12,31,12,16,臺中市,豐原區,0,0,0,8,,,50,,,,,,,,,,,,,,,16,,,,,B03,,,1,,2,,,16,,1,22,,B03,120.72525,24.246813,3
2022,12,31,12,19,臺中市,北屯區,0,0,0,8,,,50,,,,,,,,,,,,,,,23,,,,,C03,,,1,,1,,,23,,1,21,,C03,120.734521,24.17707,3
2022,12,31,12,22,臺中市,北屯區,0,0,0,,,,50,,,,,,,,,,,,,,,16,,,,,B03,,9,1,2,1,1,,16,16,1,21,8,B03,120.692725,24.162556,3
2022,12,31,12,30,臺中市,豐原區,0,0,0,8,,,50,,,,,,,,,,,,,,,17,,,,,A12,,,1,,2,,,17,,1,22,,A12,120.724832,24.27758,3
2022,12,31,12,31,臺中市,南區,0,0,0,,,,50,,,,,,,,,,,,,,,42,,,,,C03,,,1,,11,,,42,42,1,22,,C03,120.675502,24.125604,3
2022,12,31,12,31,臺中市,南屯區,0,0,0,8,,,50,,,,,,,,,,,,,,,18,,,,,B02,,,1,,2,,,18,,1,4,,B02,120.592858,24.147424,4
2022,12,31,12,32,臺中市,霧峰區,0,1,0,8,1,5,40,14,9,1,5,4,5,7,4,4,1,4,5,1,16,9,3,10,1,1,B03,7,6,1,8,2,2,,9,9,1,22,8,B03,120.662603,24.069793,2
2022,12,31,12,35,臺中市,南屯區,0,0,0,8,,,50,,,,,,,,,,,,,,,42,,,,,B03,,,1,,1,,,42,,1,22,,B03,120.634718,24.144207,3
2022,12,31,12,35,臺中市,清水區,0,0,0,8,1,5,50,14,9,1,5,4,5,7,4,4,5,5,5,1,12,23,3,10,1,1,B03,7,6,1,8,1,2,,23,23,1,5,8,B03,120.571787,24.268535,3
2022,12,31,12,38,臺中市,西屯區,0,0,0,8,,,50,,,,,,,,,,,,,,,9,,,,,A12,,,1,,1,,,9,,1,22,,A12,120.606273,24.161809,3
2022,12,31,12,40,臺中市,西區,0,0,0,8,1,5,50,3,1,1,5,4,5,7,4,4,10,5,5,2,29,18,,,,,A12,,,1,,1,,,18,,1,22,,A12,120.681668,24.140254,3
2022,12,31,12,40,臺中市,西屯區,0,0,0,8,,,50,,,,,,,,,,,,,,,18,,,,,C03,,,1,,1,,,18,,1,18,,C03,120.636725,24.165268,3
2022,12,31,12,41,臺中市,北屯區,0,1,0,8,1,5,40,14,8,1,5,4,5,7,4,4,1,4,4,1,13,16,3,10,1,1,C03,7,9,1,10,2,12,,16,16,1,21,8,C03,120.714293,24.1823,2
2022,12,31,12,47,臺中市,北屯區,0,0,0,8,,,50,,,,,,,,,,,,,,,12,,,,,B03,,,1,,2,,,12,,1,21,,B03,120.683019,24.191923,3
2022,12,31,12,50,臺中市,南區,0,0,0,8,,,50,,,,,,,,,,,,,,,23,,,,,B03,,,1,,2,,,23,,1,22,,B03,120.655457,24.115199,3
2022,12,31,12,55,臺中市,南區,0,0,0,,,,50,,,,,,,,,,,,,,,7,,,,,B03,,,1,,2,,,7,,1,5,,B03,120.678395,24.128264,3
2022,12,31,13,10,臺中市,北屯區,0,1,0,8,1,5,50,14,9,1,5,4,5,7,4,4,1,4,5,2,12,17,3,10,1,1,B03,7,9,1,8,2,2,,17,17,1,21,8,B03,120.68595,24.176805,2
2022,12,31,13,10,臺中市,沙鹿區,0,0,0,8,,,50,,,,,,,,,,,,,,,23,,,,,B03,,,1,,2,,,44,67,1,21,,B03,120.563751,24.232774,3
2022,12,31,13,16,臺中市,中區,0,0,0,8,1,5,50,4,2,1,5,4,5,7,1,1,5,5,5,2,14,44,,,,,B03,,,1,,2,,,44,,1,21,,B03,120.683564,24.141369,3
2022,12,31,13,30,臺中市,東區,0,0,0,8,,,50,,,,,,,,,,,,,,,23,,,,,C03,,,1,,2,,,23,,1,22,,C03,120.685863,24.140137,3
2022,12,31,13,31,臺中市,西屯區,0,0,0,8,,,50,,,,,,,,,,,,,,,43,,,,,B03,,,1,,1,,,43,,1,4,,B03,120.637983,24.180784,3
2022,12,31,13,35,臺中市,北屯區,0,0,0,8,,,50,,,,,,,,,,,,,,,1,,,,,B03,,,1,,1,,,1,1,1,21,,B03,120.696698,24.170821,3
2022,12,31,13,43,臺中市,梧棲區,0,1,0,8,1,5,50,4,1,1,5,4,5,7,4,4,10,5,5,2,15,6,2,8,1,1,B03,7,9,1,8,2,1,,6,6,1,4,8,B03,120.548546,24.249654,2
2022,12,31,14,0,臺中市,南屯區,0,0,0,8,,,50,,,,,,,,,,,,,,,12,,,,,B03,,,1,,1,,,12,,1,22,,B03,120.641955,24.132236,3
2022,12,31,14,7,臺中市,西區,0,0,0,8,1,5,50,14,9,1,5,4,5,7,4,4,5,4,5,2,13,23,,,,,B01,,,1,,1,,,23,,1,22,,B01,120.662944,24.156548,3
2022,12,31,14,10,臺中市,東區,0,0,0,8,,,50,,,,,,,,,,,,,,,23,,,,,B03,,,1,8,2,,,23,23,1,21,,B03,120.688933,24.142971,3
2022,12,31,14,13,臺中市,大雅區,0,0,0,8,,,50,,,,,,,,,,,,,,,23,,,,,C03,,,1,,2,,,23,,1,22,,C03,120.654624,24.229018,3
2022,12,31,14,27,臺中市,龍井區,0,0,0,8,,,50,,,,,,,,,,,,,,,23,,,,,B03,,,1,,2,,,23,,1,2,,B03,120.585169,24.184482,3
2022,12,31,14,27,臺中市,豐原區,0,0,0,8,,,50,,,,,,,,,,,,,,,26,,,,,B02,,,1,,2,,,26,,1,22,,B02,120.728571,24.276494,3
2022,12,31,14,48,臺中市,沙鹿區,0,1,0,8,1,5,50,4,1,1,5,4,5,7,3,1,10,5,5,2,15,6,3,10,1,1,C03,7,9,1,10,2,13,,6,6,1,21,8,C03,120.561801,24.236853,2
2022,12,31,14,48,臺中市,后里區,0,0,0,8,1,5,30,14,9,1,5,4,5,7,4,4,5,4,5,1,16,18,3,10,1,1,B03,7,3,1,8,2,7,,18,18,1,4,8,B03,120.709658,24.286204,3
2022,12,31,14,51,臺中市,中區,0,0,0,,,,50,,,,,,,,,,,,,,,23,,,,,B03,,,1,,1,,,44,23,1,20,,B03,120.678926,24.141993,3
2022,12,31,14,58,臺中市,北區,0,0,0,8,,,50,,,,,,,,,,,,,,,16,,,,,B03,,,1,,2,,,16,,1,22,,B03,120.68616,24.146227,3
2022,12,31,15,2,臺中市,西屯區,0,0,0,8,,,70,,,,,,,,,,,,,,,16,,,,,B03,,,1,,1,,,16,,1,22,,B03,120.614077,24.183668,3
2022,12,31,15,6,臺中市,太平區,0,1,0,8,1,5,50,14,9,1,5,4,5,7,4,4,5,5,5,2,18,23,2,9,1,1,C03,7,8,1,10,2,14,,23,23,1,21,8,C03,120.71427,24.135927,2
2022,12,31,15,12,臺中市,潭子區,0,0,0,8,,,50,,,,,,,,,,,,,,,16,,,,,B03,,,1,,2,,,16,,1,22,,B03,120.699479,24.210921,3
2022,12,31,15,15,臺中市,和平區,0,0,0,8,1,5,30,14,9,1,5,4,5,7,4,4,10,5,5,1,20,23,3,10,1,1,B03,7,9,1,8,2,5,2,23,23,1,22,6,B03,121.280452,24.302022,3
2022,12,31,15,20,臺中市,北屯區,0,1,0,8,1,5,50,3,1,1,5,4,5,7,1,1,10,5,5,2,16,25,3,10,1,1,B03,7,5,1,8,2,1,,25,25,1,5,8,B03,120.71839,24.182266,2
2022,12,31,15,26,臺中市,北區,0,0,0,,,,50,,,,,,,,,,,,,,,17,,,,,C03,,,1,,2,,,17,,1,9,,C03,120.68726,24.15571,3
2022,12,31,15,27,臺中市,西區,0,0,0,8,1,5,50,14,9,1,5,4,5,7,4,4,5,5,5,2,12,1,,,,,B03,,,1,,1,,,1,,1,21,,B03,120.663105,24.136967,3
2022,12,31,15,33,臺中市,東區,0,1,0,8,1,5,50,4,1,1,5,4,5,7,4,4,10,5,5,2,15,6,3,10,1,1,B03,7,9,1,8,2,4,,6,6,1,5,8,B03,120.706007,24.141072,2
2022,12,31,15,40,臺中市,北屯區,0,0,0,8,,,50,,,,,,,,,,,,,,,5,,,,,B03,,,1,,2,,,5,,1,21,,B03,120.686413,24.191935,3
2022,12,31,15,40,臺中市,西屯區,0,0,0,8,,,50,,,,,,,,,,,,,,,43,,,,,A11,,,1,,1,,,43,,1,22,,A11,120.659046,24.201042,3
2022,12,31,15,44,臺中市,豐原區,0,0,0,8,,,50,,,,,,,,,,,,,,,12,,,,,B03,,,1,,2,,,12,,1,22,,B03,120.723891,24.234524,3
2022,12,31,16,0,臺中市,烏日區,0,0,0,8,,,40,,,,,,,,,,,,,,,16,,,,,C03,,,1,,2,,,16,,1,21,,C03,120.616219,24.110055,3
2022,12,31,16,0,臺中市,清水區,0,0,0,,,,70,,,,,,,,,,,,,,,25,,,,,B03,,,1,,2,,,25,25,1,5,,B03,120.575202,24.278148,3
2022,12,31,16,4,臺中市,北區,0,0,0,8,,,50,,,,,,,,,,,,,,,12,,,,,B03,,,1,,2,,,12,,1,22,,B03,120.686071,24.149218,3
2022,12,31,16,6,臺中市,東區,0,0,0,8,,,50,,,,,,,,,,,,,,,12,,,,,B03,,,1,,2,,,12,,1,19,,B03,120.703841,24.139419,3
2022,12,31,16,8,臺中市,北區,0,0,0,8,,,30,,,,,,,,,,,,,,,6,,,,,C03,,,1,,1,,,6,,1,22,,C03,120.682366,24.164495,3
2022,12,31,16,10,臺中市,北區,0,0,0,8,,,50,,,,,,,,,,,,,,,23,,,,,B03,,,1,,2,,,23,,1,21,,B03,120.671268,24.173885,3
2022,12,31,16,10,臺中市,北屯區,0,0,0,8,,,50,,,,,,,,,,,,,,,23,,,,,C03,,,1,,9,,,23,,1,5,,C03,120.694101,24.166536,3
2022,12,31,16,12,臺中市,大里區,0,1,0,8,1,5,50,14,12,1,5,4,5,7,4,4,5,2,5,1,16,23,3,10,1,1,B03,7,9,1,8,2,2,,23,23,1,22,9,B03,120.701054,24.089797,2
2022,12,31,16,20,臺中市,大里區,0,0,0,8,,,50,,,,,,,,,,,,,,,23,,,,,C03,,,1,,2,,,23,,1,18,,C03,120.708825,24.084163,3
2022,12,31,16,35,臺中市,西區,0,1,0,8,1,5,50,4,1,1,5,4,5,7,1,1,10,5,5,2,17,6,3,10,3,4,B03,7,5,1,8,9,2,,6,6,2,22,5,B03,120.662743,24.161205,2
2022,12,31,16,35,臺中市,龍井區,0,0,0,8,,,50,,,,,,,,,,,,,,,30,,,,,B12,,,1,,2,,,30,,1,2,,B12,120.583152,24.17948,3
2022,12,31,16,40,臺中市,清水區,0,0,0,,,,50,,,,,,,,,,,,,,,23,,,,,B03,,,1,,1,,,23,,1,5,,B03,120.564775,24.274533,3
2022,12,31,16,47,臺中市,龍井區,0,0,0,8,,,50,,,,,,,,,,,,,,,17,,,,,B03,,,1,,2,,,17,,1,2,,B03,120.571156,24.17774,3
2022,12,31,16,48,臺中市,南區,0,0,0,,,,50,,,,,,,,,,,,,,,7,,,,,B03,,,1,,2,,,7,,1,22,,B03,120.669494,24.114141,3
2022,12,31,17,0,臺中市,大里區,0,0,0,8,,,50,,,,,,,,,,,,,,,23,,,,,C03,,,4,,9,,,23,,1,5,,C03,120.689085,24.119848,3
2022,12,31,17,3,臺中市,沙鹿區,0,1,0,8,1,5,30,3,1,1,5,4,5,7,4,4,1,4,4,1,17,42,2,9,1,1,C03,7,9,1,10,2,11,,42,42,1,20,8,C03,120.571151,24.24193,2
2022,12,31,17,9,臺中市,西屯區,0,0,0,8,,,50,,,,,,,,,,,,,,,42,,,,,B03,,,1,,1,,,42,,1,21,,B03,120.64211,24.157888,3
2022,12,31,17,12,臺中市,大里區,0,1,0,8,2,5,50,3,1,1,5,4,5,7,4,4,10,5,5,2,16,6,3,10,1,1,B03,7,5,1,8,2,1,,6,6,1,2,8,B03,120.708872,24.083137,2
2022,12,31,17,16,臺中市,西屯區,0,0,0,8,,,50,,,,,,,,,,,,,,,42,,,,,B03,,,1,,1,,,42,,1,22,,B03,120.656003,24.19665,3
2022,12,31,17,26,臺中市,西屯區,0,0,0,8,,,70,,,,,,,,,,,,,,,7,,,,,B03,,,1,,1,,,7,,1,22,,B03,120.611794,24.184626,3
2022,12,31,17,35,臺中市,北區,0,0,0,8,,,50,,,,,,,,,,,,,,,12,,,,,B03,,,1,,2,,,12,,1,22,,B03,120.691936,24.157558,3
2022,12,31,17,35,臺中市,大里區,0,1,0,8,1,5,50,4,2,1,5,4,5,7,1,1,5,4,4,1,16,6,3,10,3,4,C01,7,5,1,9,2,15,,6,6,1,22,9,C01,120.666556,24.096673,2
2022,12,31,17,42,臺中市,沙鹿區,0,0,0,8,,,50,,,,,,,,,,,,,,,23,,,,,B03,,,1,,2,,,23,,1,21,,B03,120.565166,24.24296,3
2022,12,31,17,48,臺中市,南屯區,0,0,0,8,,,50,,,,,,,,,,,,,,,23,,,,,B03,,,1,,1,,,23,,1,22,,B03,120.649777,24.152333,3
2022,12,31,17,50,臺中市,西區,0,0,0,8,3,5,50,14,9,1,5,4,5,7,4,4,5,5,5,2,13,23,,,,,B03,,,1,,1,,,23,23,1,21,,B03,120.668302,24.145243,3
2022,12,31,17,55,臺中市,北區,0,0,0,8,,,50,,,,,,,,,,,,,,,7,,,,,B03,,,1,,1,,,7,,1,22,,B03,120.676152,24.16314,3
2022,12,31,18,0,臺中市,北區,0,0,0,8,,,50,,,,,,,,,,,,,,,7,,,,,B03,,,1,,2,,,7,,1,22,,B03,120.672222,24.169199,3
2022,12,31,18,0,臺中市,東區,0,0,0,8,3,5,50,4,1,1,5,4,5,7,4,4,10,5,5,2,15,6,3,10,1,1,B03,7,9,1,8,1,2,,6,6,1,22,8,B03,120.706741,24.141083,3
2022,12,31,18,2,臺中市,大里區,0,0,0,8,,,50,,,,,,,,,,,,,,,42,,,,,B12,,,1,,2,,,42,,1,22,,B12,120.69546,24.103588,3
2022,12,31,18,3,臺中市,西屯區,0,0,0,8,,,80,,,,,,,,,,,,,,,23,,,,,B03,,,1,,1,,,23,,1,21,,B03,120.631616,24.168966,3
2022,12,31,18,5,臺中市,大肚區,0,0,0,8,,,50,,,,,,,,,,,,,,,23,,,,,B03,,,1,,2,,,23,,1,2,,B03,120.578344,24.167426,3
2022,12,31,18,9,臺中市,東區,0,0,0,8,,,50,,,,,,,,,,,,,,,6,,,,,B03,,,1,,2,,,6,,1,22,,B03,120.703793,24.135825,3
2022,12,31,18,14,臺中市,大里區,0,0,0,8,,,50,,,,,,,,,,,,,,,16,,,,,B03,,,1,,2,,,16,,1,5,,B03,120.696225,24.110248,3
2022,12,31,18,15,臺中市,北屯區,0,0,0,8,,,50,,,,,,,,,,,,,,,16,,,,,B03,,,1,,1,,,16,,1,22,,B03,120.698116,24.172457,3
2022,12,31,18,19,臺中市,潭子區,0,0,0,8,,,50,,,,,,,,,,,,,,,16,,,,,B03,,,1,,2,,,16,,1,22,,B03,120.692565,24.227066,3
2022,12,31,18,19,臺中市,西屯區,0,0,0,8,,,50,,,,,,,,,,,,,,,42,,,,,B01,,,1,,1,,,42,,1,22,,B01,120.661035,24.17231,3
2022,12,31,18,20,臺中市,太平區,0,0,0,8,,,50,,,,,,,,,,,,,,,19,,,,,B03,,,1,,1,,,19,,1,22,,B03,120.710728,24.149978,3
2022,12,31,18,23,臺中市,龍井區,0,0,0,8,,,60,,,,,,,,,,,,,,,23,,,,,B03,,,1,,1,,,23,,1,2,,B03,120.57761,24.186409,3
2022,12,31,18,25,臺中市,北屯區,0,0,0,8,,,50,,,,,,,,,,,,,,,67,,,,,,,,,,,,,67,,1,,,,120.670756,24.18623,3
2022,12,31,18,27,臺中市,北區,0,0,0,8,,,50,,,,,,,,,,,,,,,23,,,,,F01,,,1,,2,,,23,,1,22,,F01,120.66999,24.171533,3
2022,12,31,18,30,臺中市,西區,0,0,0,8,,,50,,,,,,,,,,,,,,,17,,,,,B03,,,1,,11,,,17,,1,21,,B03,120.657926,24.146105,3
2022,12,31,18,30,臺中市,烏日區,0,0,0,8,,,30,,,,,,,,,,,,,,,17,,,,,B02,,,1,,2,,,17,,1,22,,B02,120.639224,24.107892,3
2022,12,31,18,34,臺中市,西屯區,0,0,0,8,,,30,,,,,,,,,,,,,,,23,,,,,B03,,,1,,1,,,23,,1,22,,B03,120.647932,24.174958,3
2022,12,31,18,39,臺中市,西屯區,0,0,0,8,,,50,,,,,,,,,,,,,,,23,,,,,C03,,,1,,1,,,23,,1,21,,C03,120.618119,24.162138,3
2022,12,31,18,39,臺中市,神岡區,0,0,0,8,,,50,,,,,,,,,,,,,,,44,,,,,B03,,,1,,2,,,44,44,1,22,,B03,120.683365,24.24662,3
2022,12,31,18,40,臺中市,西區,0,0,0,,,,50,,,,,,,,,,,,,,,23,,,,,B03,,,1,,2,,,23,,1,20,,B03,120.672733,24.146967,3
2022,12,31,18,49,臺中市,中區,0,0,0,8,3,5,50,14,9,1,5,4,5,7,4,4,5,5,5,2,13,16,,,,,B03,,,1,,1,,,16,,1,21,,B03,120.678037,24.13953,3
2022,12,31,18,51,臺中市,北區,0,0,0,8,,,50,,,,,,,,,,,,,,,23,,,,,B03,,,1,,1,,,23,,1,22,,B03,120.678833,24.152067,3
2022,12,31,18,52,臺中市,大雅區,0,0,0,8,,,50,,,,,,,,,,,,,,,23,,,,,B03,,,1,,2,,,23,,1,21,,B03,120.648343,24.223141,3
2022,12,31,18,54,臺中市,南屯區,0,0,0,8,,,50,,,,,,,,,,,,,,,23,,,,,B03,,,1,,1,,,23,,1,22,,B03,120.640585,24.151225,3
2022,12,31,18,58,臺中市,大里區,0,0,0,8,,,30,,,,,,,,,,,,,,,17,,,,,B12,,,1,,2,,,17,17,1,22,,B12,120.714336,24.089888,3
2022,12,31,19,0,臺中市,西屯區,0,2,0,8,3,5,50,14,9,1,5,4,5,7,4,4,5,4,5,2,17,6,2,9,1,1,C03,7,6,1,10,2,12,,6,6,1,21,8,C03,120.630093,24.183611,2
2022,12,31,19,4,臺中市,梧棲區,0,1,0,8,3,5,70,3,1,1,5,4,5,7,1,1,10,5,5,2,16,25,3,10,1,1,B03,7,5,1,8,2,2,,25,25,1,9,8,B03,120.540343,24.248667,2
2022,12,31,19,10,臺中市,南區,0,1,0,8,2,5,50,4,1,1,5,4,5,7,1,1,10,5,5,2,16,10,3,10,1,1,B12,7,11,1,8,2,5,,10,10,1,5,8,B12,120.653495,24.122737,2
2022,12,31,19,12,臺中市,南屯區,0,1,0,8,3,5,40,14,8,1,5,4,5,7,4,4,5,5,4,2,12,38,3,10,1,1,B03,7,14,1,8,2,7,,38,38,1,22,8,B03,120.611378,24.134444,2
2022,12,31,19,28,臺中市,烏日區,0,0,0,8,,,60,,,,,,,,,,,,,,,7,,,,,B03,,,1,,2,,,23,44,1,19,,B03,120.623381,24.104594,3
2022,12,31,19,30,臺中市,大里區,0,0,0,8,,,50,,,,,,,,,,,,,,,23,,,,,B03,,,1,,2,,,23,,1,3,,B03,120.696725,24.084636,3
2022,12,31,19,54,臺中市,潭子區,0,0,0,8,,,50,,,,,,,,,,,,,,,16,,,,,B03,,,1,,2,,,16,,1,22,,B03,120.705527,24.215605,3
2022,12,31,19,54,臺中市,南區,0,0,0,,,,50,,,,,,,,,,,,,,,12,,,,,B03,,,1,,2,,,12,,1,22,,B03,120.649872,24.112333,3
2022,12,31,20,3,臺中市,北屯區,0,0,0,8,,,50,,,,,,,,,,,,,,,7,,,,,C03,,,1,,1,,,7,,1,5,,C03,120.679374,24.171214,3
2022,12,31,20,7,臺中市,神岡區,0,0,0,8,,,50,,,,,,,,,,,,,,,18,,,,,B12,,,1,,2,,,18,,1,22,,B12,120.696439,24.248347,3
2022,12,31,20,25,臺中市,北區,0,0,0,8,,,50,,,,,,,,,,,,,,,23,,,,,B01,,,1,,1,,,23,,1,10,,B01,120.684061,24.148292,3
2022,12,31,20,40,臺中市,北屯區,0,0,0,8,,,50,,,,,,,,,,,,,,,12,,,,,B03,,,1,,2,,,12,,1,5,,B03,120.660928,24.187718,3
2022,12,31,20,40,臺中市,東勢區,0,0,0,8,,,50,,,,,,,,,,,,,,,6,,,,,B03,,,1,,2,,,6,,1,22,,B03,120.838417,24.219033,3
2022,12,31,20,59,臺中市,東區,0,0,0,,,,50,,,,,,,,,,,,,,,23,,,,,B03,,,1,,2,,,23,,1,5,,B03,120.699204,24.138887,3
2022,12,31,21,2,臺中市,龍井區,0,0,0,8,,,50,,,,,,,,,,,,,,,23,,,,,B12,,,1,,2,,,23,,1,18,,B12,120.548083,24.202855,3
2022,12,31,21,9,臺中市,北屯區,0,0,0,8,,,50,,,,,,,,,,,,,,,12,,,,,B03,,,1,,1,,,12,12,1,22,,B03,120.66327,24.187395,3
2022,12,31,21,10,臺中市,豐原區,0,0,0,8,,,40,,,,,,,,,,,,,,,19,,,,,C03,,,1,,2,,,19,,1,22,,C03,120.724579,24.240846,3
2022,12,31,21,18,臺中市,南屯區,0,0,0,8,,,50,,,,,,,,,,,,,,,26,,,,,B03,,,1,,1,,,26,26,1,22,,B03,120.623127,24.14964,3
2022,12,31,21,26,臺中市,北屯區,0,0,0,8,,,50,,,,,,,,,,,,,,,43,,,,,,,,,,,,,43,,1,,,,120.73404,24.176876,3
2022,12,31,21,26,臺中市,太平區,0,0,0,8,,,50,,,,,,,,,,,,,,,42,,,,,B03,,,1,,11,,,42,,1,21,,B03,120.711688,24.12583,3
2022,12,31,21,41,臺中市,太平區,0,0,0,8,,,50,,,,,,,,,,,,,,,42,,,,,C03,,,1,,2,,,42,,1,22,,C03,120.716158,24.147093,3
2022,12,31,21,45,臺中市,西區,0,0,0,,,,50,,,,,,,,,,,,,,,14,,,,,B03,,,1,,2,,,6,14,1,20,,B03,120.658223,24.146612,3
2022,12,31,21,59,臺中市,神岡區,0,0,0,8,,,50,,,,,,,,,,,,,,,23,,,,,B03,,,1,,2,,,23,,1,22,,B03,120.690437,24.238219,3
2022,12,31,22,3,臺中市,西區,0,0,0,8,,,30,,,,,,,,,,,,,,,12,,,,,B03,,,1,,2,,,12,,1,21,,B03,120.657339,24.155314,3
2022,12,31,22,17,臺中市,西屯區,0,0,0,6,,,1,,,,,,,,,,,,,,,26,,,,,B03,,,1,,1,,,26,26,1,22,,B03,120.635897,24.203052,3
2022,12,31,22,22,臺中市,西屯區,0,0,0,8,,,50,,,,,,,,,,,,,,,23,,,,,C03,,,1,,1,,,23,,1,22,,C03,120.644023,24.17614,3
2022,12,31,22,44,臺中市,南屯區,0,0,0,8,,,30,,,,,,,,,,,,,,,17,,,,,B12,,,1,,1,,,17,,1,22,,B12,120.625033,24.128944,3
2022,12,31,22,50,臺中市,中區,0,0,0,,,,50,,,,,,,,,,,,,,,26,,,,,B01,,,1,,1,,,26,,1,20,,B01,120.685695,24.143194,3
2022,12,31,22,51,臺中市,大里區,0,2,0,8,4,5,50,14,7,1,5,4,5,7,4,4,5,5,4,1,16,7,2,9,1,1,C03,7,7,1,10,2,14,,7,7,1,22,5,C03,120.667828,24.096656,2
2022,12,31,23,0,臺中市,豐原區,0,0,0,8,,,50,,,,,,,,,,,,,,,12,,,,,B03,,,1,,2,,,12,,1,22,,B03,120.719344,24.25808,3
2022,12,31,23,3,臺中市,豐原區,0,0,0,8,,,30,,,,,,,,,,,,,,,12,,,,,B03,,,1,,2,,,12,,1,22,,B03,120.753549,24.26335,3
2022,12,31,23,25,臺中市,梧棲區,0,0,0,8,,,,,,,,,,,,,,,,,,43,,,,,,,,,,,,,43,,1,,,,120.541363,24.257192,3
2022,12,31,23,47,臺中市,北屯區,0,2,0,8,3,5,50,5,1,1,5,4,5,7,2,1,10,5,5,2,16,26,2,9,1,1,C03,7,5,1,9,2,12,,26,26,1,21,8,C03,120.694957,24.178023,2